record_id,food_name,category,purchase_date,freshness_at_scan,freshness_score,expected_days,actual_days_left,adjusted_days,storage_temp_c,humidity_pct,storage_location,packaging,was_wasted,city,month
1,butter,Dairy,2025-12-20,fresh,7,14,14,11,7.8,56.8,main_shelf,wrapped,False,Pune,Mar
2,salmon,Protein,2025-04-11,fresh,88,5,4,3,5.6,68.3,freezer,sealed_bag,False,Pune,Oct
3,beef,Protein,2025-12-07,moderate,77,2,2,2,2.4,89.0,main_shelf,sealed_bag,False,Delhi,Jun
4,mango,Fruit,2025-03-11,fresh,71,10,8,6,8.5,83.0,crisper,original_pack,False,Kolkata,Aug
5,peas,Vegetable,2025-03-07,spoiled,51,0,0,0,2.0,83.1,crisper,open,False,Bangalore,Apr
6,chicken,Protein,2025-09-09,moderate,40,2,1,1,1.9,63.3,main_shelf,open,False,Delhi,Jul
7,kiwi,Fruit,2025-08-20,moderate,51,3,3,3,1.1,85.9,counter,original_pack,False,Kolkata,Oct
8,strawberry,Fruit,2025-10-18,moderate,59,3,2,1,7.0,69.5,main_shelf,original_pack,False,Pune,Jan
9,egg,Protein,2025-08-16,spoiled,81,0,0,0,8.8,83.1,main_shelf,original_pack,False,Kolkata,Feb
10,peas,Vegetable,2025-10-16,fresh,24,8,5,3,8.9,63.6,freezer,wrapped,False,Chennai,Aug
11,tofu,Protein,2025-01-06,fresh,39,5,4,4,3.0,66.7,main_shelf,sealed_bag,False,Pune,Mar
12,almond,Nut,2025-12-08,spoiled,7,0,0,0,7.2,76.0,freezer,sealed_bag,True,Mumbai,Jul
13,cucumber,Vegetable,2025-05-10,fresh,34,8,4,3,9.0,59.0,main_shelf,original_pack,False,Kolkata,Sep
14,broccoli,Vegetable,2025-04-12,fresh,0,8,11,12,1.3,82.7,counter,original_pack,False,Bangalore,Jul
15,onion,Vegetable,2025-07-03,moderate,43,3,4,4,2.1,84.4,freezer,original_pack,False,Chennai,Oct
16,chicken,Protein,2025-10-03,fresh,24,5,4,3,4.2,79.8,freezer,open,False,Delhi,May
17,bread,Grain,2025-10-02,fresh,65,90,114,80,9.9,82.4,main_shelf,wrapped,False,Kolkata,Feb
18,pasta,Grain,2025-07-11,spoiled,78,0,0,0,1.2,63.0,door,sealed_bag,False,Hyderabad,Mar
19,strawberry,Fruit,2025-07-19,moderate,84,3,2,1,5.3,83.4,freezer,container,False,Mumbai,Mar
20,chicken,Protein,2025-02-03,fresh,80,5,3,2,4.5,77.7,counter,sealed_bag,False,Hyderabad,Nov
21,banana,Fruit,2025-05-05,spoiled,37,0,0,0,8.1,67.2,crisper,wrapped,True,Mumbai,Sep
22,almond,Nut,2025-09-18,fresh,77,365,338,358,2.8,67.0,main_shelf,sealed_bag,False,Delhi,Apr
23,milk,Dairy,2025-10-09,fresh,93,14,18,14,7.6,70.2,crisper,container,False,Bangalore,Jun
24,spinach,Vegetable,2025-10-05,fresh,70,8,6,5,6.1,70.3,door,original_pack,False,Chennai,Aug
25,broccoli,Vegetable,2025-03-18,fresh,81,8,10,11,1.2,89.5,counter,container,False,Delhi,Oct
26,broccoli,Vegetable,2025-04-19,spoiled,54,0,0,0,8.6,89.6,counter,wrapped,True,Mumbai,Jun
27,salmon,Protein,2025-08-04,fresh,70,5,6,5,4.6,56.8,counter,sealed_bag,False,Chennai,Jan
28,walnut,Nut,2025-08-07,moderate,35,90,96,98,3.5,77.0,door,container,False,Pune,Jul
29,pasta,Grain,2025-10-19,fresh,33,90,123,117,4.9,78.6,freezer,open,False,Bangalore,Dec
30,mango,Fruit,2025-07-19,fresh,6,10,12,10,6.8,89.9,crisper,original_pack,False,Hyderabad,Aug
31,orange,Fruit,2025-12-15,fresh,13,10,13,13,2.9,75.9,door,wrapped,False,Bangalore,Jun
32,peas,Vegetable,2025-12-17,fresh,54,8,6,5,6.9,58.1,crisper,open,False,Bangalore,Aug
33,pasta,Grain,2025-05-07,fresh,47,90,94,77,7.5,62.2,counter,wrapped,False,Hyderabad,Sep
34,cucumber,Vegetable,2025-01-11,fresh,100,8,11,8,9.3,68.0,freezer,wrapped,False,Kolkata,Dec
35,chicken,Protein,2025-12-09,moderate,22,2,1,0,4.1,56.8,counter,wrapped,False,Chennai,Aug
36,tofu,Protein,2025-05-02,moderate,16,2,1,1,4.0,72.8,door,open,False,Kolkata,Nov
37,tomato,Vegetable,2025-03-13,moderate,38,3,3,2,10.0,72.1,counter,open,False,Pune,Jul
38,walnut,Nut,2025-12-14,moderate,71,90,91,92,3.6,64.8,crisper,wrapped,False,Mumbai,Jun
39,yogurt,Dairy,2025-02-05,fresh,56,14,8,6,8.6,55.9,counter,container,False,Bangalore,Oct
40,bell_pepper,Vegetable,2025-05-17,fresh,47,8,9,7,6.8,55.1,main_shelf,wrapped,False,Bangalore,Jun
41,butter,Dairy,2025-07-05,fresh,6,14,13,9,9.0,70.5,main_shelf,wrapped,False,Mumbai,May
42,lettuce,Vegetable,2025-10-13,moderate,95,3,2,1,6.4,71.1,main_shelf,sealed_bag,False,Chennai,Sep
43,watermelon,Fruit,2025-07-03,moderate,61,3,2,2,3.0,72.6,crisper,wrapped,False,Mumbai,Feb
44,zucchini,Vegetable,2025-03-14,fresh,17,8,10,9,5.1,90.4,freezer,sealed_bag,False,Bangalore,Aug
45,cream,Dairy,2025-10-16,fresh,63,14,8,7,6.5,91.4,door,wrapped,False,Kolkata,Jun
46,tuna,Protein,2025-09-11,fresh,17,5,4,4,3.2,66.4,counter,original_pack,False,Kolkata,Apr
47,zucchini,Vegetable,2025-04-16,moderate,49,3,3,2,8.9,89.8,freezer,wrapped,False,Hyderabad,Aug
48,spinach,Vegetable,2025-07-15,fresh,45,8,10,11,1.2,89.7,crisper,original_pack,False,Hyderabad,Aug
49,onion,Vegetable,2025-04-07,fresh,7,8,5,5,3.9,73.8,counter,container,False,Chennai,Jan
50,rice,Grain,2025-07-12,moderate,50,30,31,31,3.5,56.3,door,container,False,Mumbai,Apr
51,almond,Nut,2025-06-14,fresh,46,365,295,306,3.2,94.3,main_shelf,original_pack,False,Mumbai,Apr
52,oats,Grain,2025-11-01,fresh,4,90,83,58,9.9,80.3,door,wrapped,False,Chennai,Oct
53,almond,Nut,2025-11-12,fresh,53,365,236,245,3.2,67.3,crisper,open,False,Hyderabad,Dec
54,walnut,Nut,2025-02-03,moderate,70,90,94,77,7.6,88.3,crisper,original_pack,False,Hyderabad,Apr
55,almond,Nut,2025-05-10,spoiled,60,0,0,0,3.5,72.1,freezer,wrapped,False,Hyderabad,Nov
56,walnut,Nut,2025-08-19,moderate,52,90,90,76,7.0,66.2,freezer,wrapped,False,Hyderabad,Mar
57,lentils,Legume,2025-06-20,moderate,75,60,71,58,7.4,69.8,door,open,False,Hyderabad,Nov
58,tuna,Protein,2025-01-06,fresh,73,5,5,4,7.3,82.7,main_shelf,wrapped,False,Bangalore,May
59,banana,Fruit,2025-07-06,fresh,19,10,12,10,7.1,79.9,crisper,original_pack,False,Chennai,Jun
60,watermelon,Fruit,2025-08-10,fresh,57,10,6,5,4.5,56.3,main_shelf,sealed_bag,False,Hyderabad,Oct
61,orange,Fruit,2025-08-10,fresh,38,10,11,10,5.5,61.7,main_shelf,open,False,Mumbai,Jun
62,salmon,Protein,2025-11-06,fresh,92,5,3,2,9.4,84.9,main_shelf,container,False,Bangalore,Nov
63,avocado,Fruit,2025-12-14,spoiled,52,0,0,0,5.8,84.9,door,wrapped,True,Chennai,Apr
64,orange,Fruit,2025-01-05,spoiled,45,0,0,0,1.7,82.0,counter,original_pack,True,Bangalore,Jun
65,cream,Dairy,2025-09-12,spoiled,81,0,0,0,9.6,92.4,main_shelf,open,True,Hyderabad,Jun
66,bell_pepper,Vegetable,2025-05-03,spoiled,21,0,0,0,1.5,78.1,counter,wrapped,True,Kolkata,Sep
67,pineapple,Fruit,2025-04-04,fresh,75,10,8,6,6.6,63.6,main_shelf,original_pack,False,Hyderabad,Oct
68,orange,Fruit,2025-04-18,moderate,8,3,3,3,1.4,57.2,door,wrapped,False,Mumbai,May
69,lemon,Fruit,2025-02-20,moderate,47,3,4,4,2.6,91.6,counter,wrapped,False,Pune,Apr
70,walnut,Nut,2025-02-17,spoiled,40,0,0,0,7.6,59.1,main_shelf,wrapped,False,Delhi,Feb
71,orange,Fruit,2025-11-12,fresh,46,10,9,9,2.8,58.4,main_shelf,open,False,Chennai,Jun
72,avocado,Fruit,2025-08-18,fresh,11,10,6,6,3.8,55.4,crisper,open,False,Hyderabad,Dec
73,peas,Vegetable,2025-08-14,fresh,94,8,8,6,7.0,67.5,freezer,sealed_bag,False,Pune,May
74,cucumber,Vegetable,2025-03-20,spoiled,75,0,0,0,8.0,84.7,crisper,sealed_bag,True,Hyderabad,Oct
75,broccoli,Vegetable,2025-10-04,fresh,2,8,5,5,3.8,58.3,freezer,open,False,Pune,Dec
76,potato,Vegetable,2025-12-17,spoiled,81,0,0,0,6.5,55.7,main_shelf,sealed_bag,False,Mumbai,Dec
77,pineapple,Fruit,2025-03-03,fresh,81,10,7,5,8.4,92.0,freezer,original_pack,False,Pune,Jul
78,peach,Fruit,2025-03-01,moderate,67,3,2,1,6.6,86.2,main_shelf,original_pack,False,Bangalore,Oct
79,lentils,Legume,2025-11-12,fresh,63,180,108,107,4.1,64.2,main_shelf,sealed_bag,False,Hyderabad,Nov
80,cauliflower,Vegetable,2025-11-15,fresh,34,8,6,6,2.3,56.9,counter,original_pack,False,Hyderabad,Aug
81,almond,Nut,2025-03-20,fresh,44,365,454,408,6.0,92.6,crisper,original_pack,False,Delhi,Mar
82,lentils,Legume,2025-11-01,spoiled,90,0,0,0,10.0,90.4,main_shelf,container,True,Kolkata,Jul
83,strawberry,Fruit,2025-05-01,fresh,53,10,6,4,8.1,88.3,door,original_pack,False,Bangalore,May
84,zucchini,Vegetable,2025-01-19,spoiled,2,0,0,0,9.8,93.6,door,open,False,Pune,Oct
85,yogurt,Dairy,2025-02-13,fresh,42,14,12,10,7.2,63.2,door,wrapped,False,Kolkata,Mar
86,avocado,Fruit,2025-12-13,moderate,44,3,2,1,5.6,75.4,freezer,container,False,Hyderabad,Apr
87,watermelon,Fruit,2025-03-19,fresh,2,10,11,12,1.5,80.9,crisper,open,False,Kolkata,Dec
88,cherry,Fruit,2025-05-15,moderate,10,3,1,1,3.5,88.2,counter,container,False,Chennai,Apr
89,yogurt,Dairy,2025-09-19,fresh,97,14,12,9,7.8,84.2,door,sealed_bag,False,Hyderabad,Mar
90,lentils,Legume,2025-05-15,moderate,72,60,50,44,6.3,85.1,crisper,original_pack,False,Mumbai,May
91,zucchini,Vegetable,2025-12-14,fresh,60,8,6,5,4.2,58.7,main_shelf,open,False,Kolkata,Oct
92,bell_pepper,Vegetable,2025-09-09,moderate,65,3,2,1,7.6,74.7,counter,wrapped,False,Kolkata,Nov
93,butter,Dairy,2025-11-05,moderate,75,4,3,2,8.2,70.2,main_shelf,original_pack,False,Kolkata,Nov
94,pasta,Grain,2025-03-18,moderate,0,30,22,16,9.0,76.0,crisper,container,False,Mumbai,Mar
95,tomato,Vegetable,2025-07-18,fresh,93,8,5,3,9.1,75.6,door,wrapped,False,Bangalore,Jul
96,bread,Grain,2025-09-08,fresh,61,90,55,39,9.5,66.1,door,original_pack,False,Hyderabad,Jun
97,chicken,Protein,2025-02-16,fresh,41,5,3,3,3.1,80.4,door,original_pack,False,Hyderabad,Nov
98,peach,Fruit,2025-08-09,spoiled,11,0,0,0,5.4,76.5,crisper,original_pack,False,Bangalore,Nov
99,peach,Fruit,2025-02-20,fresh,79,10,8,8,2.1,84.9,freezer,wrapped,False,Delhi,Jun
100,avocado,Fruit,2025-06-14,fresh,39,10,9,7,8.1,57.9,crisper,container,False,Bangalore,Aug
101,butter,Dairy,2025-01-19,moderate,26,4,3,2,7.5,91.5,door,container,False,Kolkata,Mar
102,grape,Fruit,2025-12-11,spoiled,73,0,0,0,2.7,56.5,freezer,sealed_bag,True,Delhi,Mar
103,lemon,Fruit,2025-11-20,moderate,21,3,3,2,8.1,63.6,freezer,wrapped,False,Bangalore,Sep
104,grape,Fruit,2025-01-03,moderate,81,3,3,3,3.3,81.2,counter,open,False,Delhi,Jan
105,kiwi,Fruit,2025-06-08,fresh,56,10,8,9,1.0,88.5,main_shelf,original_pack,False,Kolkata,Sep
106,corn,Vegetable,2025-05-09,fresh,53,8,9,9,1.9,68.8,crisper,original_pack,False,Mumbai,Oct
107,blueberry,Fruit,2025-05-13,spoiled,81,0,0,0,9.0,74.4,main_shelf,wrapped,True,Pune,Jun
108,almond,Nut,2025-10-03,fresh,13,365,489,374,8.7,67.0,counter,sealed_bag,False,Pune,Sep
109,onion,Vegetable,2025-09-12,fresh,94,8,9,6,9.3,61.1,crisper,sealed_bag,False,Chennai,Jun
110,cucumber,Vegetable,2025-09-08,moderate,2,3,3,2,6.8,81.3,freezer,wrapped,False,Delhi,Jun
111,egg,Protein,2025-04-20,fresh,47,5,6,5,4.5,71.7,freezer,wrapped,False,Pune,Sep
112,broccoli,Vegetable,2025-01-16,fresh,43,8,7,6,5.0,79.4,crisper,container,False,Pune,Oct
113,mango,Fruit,2025-03-19,moderate,86,3,1,0,5.3,69.8,door,original_pack,False,Chennai,May
114,salmon,Protein,2025-05-20,moderate,69,2,1,0,7.0,72.2,main_shelf,container,False,Kolkata,Nov
115,walnut,Nut,2025-05-15,fresh,56,365,446,446,4.0,77.8,freezer,original_pack,False,Bangalore,Jun
116,beef,Protein,2025-10-09,spoiled,83,0,0,0,4.3,67.1,main_shelf,original_pack,True,Kolkata,Jul
117,cream,Dairy,2025-10-06,fresh,18,14,13,13,4.0,71.4,crisper,container,False,Delhi,Oct
118,grape,Fruit,2025-02-12,fresh,26,10,13,10,7.2,66.9,door,container,False,Bangalore,Aug
119,pineapple,Fruit,2025-11-09,spoiled,59,0,0,0,2.0,93.0,freezer,sealed_bag,False,Hyderabad,May
120,tomato,Vegetable,2025-08-05,moderate,22,3,3,2,6.9,82.8,door,original_pack,False,Bangalore,Sep
121,bell_pepper,Vegetable,2025-12-16,fresh,39,8,5,4,4.1,80.9,crisper,wrapped,False,Hyderabad,Jun
122,rice,Grain,2025-03-18,fresh,46,90,69,58,7.0,61.1,door,original_pack,False,Hyderabad,Jan
123,olive_oil,Oil,2025-12-20,moderate,38,180,191,136,9.7,68.8,freezer,original_pack,False,Hyderabad,Feb
124,rice,Grain,2025-05-04,fresh,99,90,57,45,8.1,91.4,main_shelf,wrapped,False,Mumbai,Apr
125,kiwi,Fruit,2025-01-10,moderate,2,3,3,2,9.7,67.1,freezer,open,False,Delhi,Jul
126,beef,Protein,2025-08-19,spoiled,62,0,0,0,7.4,65.2,main_shelf,original_pack,True,Delhi,Dec
127,cucumber,Vegetable,2025-05-12,moderate,91,3,4,3,5.7,63.7,freezer,open,False,Chennai,Aug
128,banana,Fruit,2025-06-20,fresh,86,10,12,13,1.9,58.1,crisper,open,False,Kolkata,Feb
129,zucchini,Vegetable,2025-05-19,moderate,4,3,4,3,5.1,86.6,freezer,container,False,Bangalore,Dec
130,salmon,Protein,2025-12-05,fresh,14,5,5,5,3.8,58.9,door,container,False,Kolkata,Apr
131,pasta,Grain,2025-11-08,moderate,45,30,36,31,6.3,72.8,main_shelf,wrapped,False,Bangalore,Apr
132,garlic,Vegetable,2025-01-16,spoiled,7,0,0,0,7.3,78.8,freezer,sealed_bag,True,Hyderabad,Apr
133,broccoli,Vegetable,2025-02-07,moderate,78,3,4,4,3.1,68.8,crisper,open,False,Delhi,Apr
134,grape,Fruit,2025-05-20,moderate,29,3,3,3,3.8,74.7,freezer,wrapped,False,Kolkata,Nov
135,avocado,Fruit,2025-02-09,fresh,66,10,11,9,7.5,71.6,crisper,sealed_bag,False,Pune,Nov
136,apple,Fruit,2025-06-14,moderate,46,3,3,2,7.1,64.1,counter,sealed_bag,False,Bangalore,Jan
137,yogurt,Dairy,2025-07-08,fresh,93,14,17,18,2.6,94.7,freezer,container,False,Delhi,Dec
138,olive_oil,Oil,2025-07-14,moderate,74,180,128,117,5.6,85.5,crisper,open,False,Kolkata,Mar
139,oats,Grain,2025-11-06,fresh,41,90,68,53,8.2,58.0,main_shelf,wrapped,False,Chennai,Feb
140,beef,Protein,2025-06-20,fresh,39,5,5,4,6.1,94.1,freezer,original_pack,False,Bangalore,May
141,bread,Grain,2025-06-11,moderate,35,30,27,26,4.4,63.6,door,open,False,Chennai,Sep
142,mango,Fruit,2025-12-11,moderate,10,3,3,2,7.0,85.6,main_shelf,wrapped,False,Bangalore,Apr
143,yogurt,Dairy,2025-11-18,spoiled,12,0,0,0,2.3,63.2,counter,sealed_bag,True,Pune,Jul
144,yogurt,Dairy,2025-08-03,fresh,33,14,9,7,8.0,66.2,freezer,sealed_bag,False,Mumbai,Jan
145,watermelon,Fruit,2025-01-04,fresh,14,10,10,10,2.8,67.9,main_shelf,wrapped,False,Mumbai,Sep
146,kiwi,Fruit,2025-07-10,spoiled,59,0,0,0,1.0,74.3,freezer,open,False,Chennai,Jul
147,pasta,Grain,2025-08-13,moderate,18,30,28,20,9.7,64.5,counter,original_pack,False,Chennai,Aug
148,peas,Vegetable,2025-02-16,moderate,18,3,3,3,1.6,71.6,crisper,original_pack,False,Hyderabad,Sep
149,butter,Dairy,2025-10-08,fresh,5,14,8,8,3.7,75.0,main_shelf,sealed_bag,False,Bangalore,May
150,rice,Grain,2025-02-19,fresh,78,90,82,71,6.5,73.7,crisper,wrapped,False,Chennai,Jun
151,lentils,Legume,2025-05-19,spoiled,4,0,0,0,6.5,55.8,counter,wrapped,False,Mumbai,May
152,lemon,Fruit,2025-08-02,fresh,15,10,11,12,2.0,93.5,counter,open,False,Pune,Jun
153,egg,Protein,2025-07-15,moderate,1,2,1,0,9.9,60.7,freezer,original_pack,False,Mumbai,Feb
154,bell_pepper,Vegetable,2025-12-05,spoiled,99,0,0,0,3.2,91.1,door,sealed_bag,True,Chennai,Mar
155,pear,Fruit,2025-12-17,fresh,58,10,10,7,9.4,56.0,door,original_pack,False,Hyderabad,Jan
156,blueberry,Fruit,2025-06-18,spoiled,29,0,0,0,3.1,85.9,counter,original_pack,True,Kolkata,Oct
157,bread,Grain,2025-06-03,fresh,61,90,83,78,5.0,90.4,door,original_pack,False,Delhi,Jul
158,chicken,Protein,2025-03-03,fresh,38,5,5,4,4.1,56.0,crisper,open,False,Mumbai,Sep
159,tomato,Vegetable,2025-10-16,fresh,72,8,8,7,4.3,93.1,counter,open,False,Mumbai,Jun
160,walnut,Nut,2025-08-01,spoiled,24,0,0,0,5.4,74.7,crisper,original_pack,True,Bangalore,Jan
161,chicken,Protein,2025-01-11,fresh,11,5,3,2,9.2,82.9,freezer,original_pack,False,Hyderabad,Apr
162,walnut,Nut,2025-07-18,moderate,33,90,93,93,3.9,64.6,crisper,container,False,Bangalore,Jul
163,cauliflower,Vegetable,2025-05-08,fresh,39,8,9,6,8.7,55.4,door,container,False,Kolkata,Dec
164,cauliflower,Vegetable,2025-08-08,moderate,5,3,3,3,3.1,58.2,main_shelf,sealed_bag,False,Mumbai,May
165,beef,Protein,2025-08-09,moderate,43,2,2,1,7.5,73.0,crisper,open,False,Delhi,Sep
166,broccoli,Vegetable,2025-08-07,spoiled,14,0,0,0,6.3,83.0,counter,open,False,Bangalore,Jan
167,bell_pepper,Vegetable,2025-10-12,spoiled,74,0,0,0,1.5,78.8,door,wrapped,True,Chennai,Feb
168,mango,Fruit,2025-08-12,fresh,37,10,13,11,6.2,70.7,door,wrapped,False,Delhi,Aug
169,blueberry,Fruit,2025-10-07,moderate,37,3,3,3,2.4,70.5,counter,original_pack,False,Delhi,Nov
170,banana,Fruit,2025-11-13,moderate,67,3,3,2,6.5,65.3,door,wrapped,False,Chennai,Jul
171,potato,Vegetable,2025-11-14,moderate,8,3,3,3,2.6,89.6,main_shelf,container,False,Mumbai,Jul
172,egg,Protein,2025-08-15,fresh,76,5,5,3,8.8,90.3,door,wrapped,False,Chennai,Nov
173,kiwi,Fruit,2025-08-15,moderate,75,3,3,2,4.7,70.0,main_shelf,wrapped,False,Chennai,Nov
174,orange,Fruit,2025-03-18,fresh,76,10,9,9,3.1,69.3,freezer,sealed_bag,False,Mumbai,Nov
175,strawberry,Fruit,2025-04-06,fresh,29,10,13,11,6.9,61.7,main_shelf,sealed_bag,False,Chennai,Mar
176,kiwi,Fruit,2025-07-01,moderate,48,3,4,4,3.3,70.2,counter,original_pack,False,Pune,Apr
177,oats,Grain,2025-06-15,spoiled,68,0,0,0,4.1,60.2,freezer,original_pack,False,Hyderabad,May
178,orange,Fruit,2025-01-13,fresh,33,10,8,7,5.3,88.4,door,container,False,Kolkata,Sep
179,bell_pepper,Vegetable,2025-02-19,fresh,80,8,7,5,9.5,64.8,counter,open,False,Delhi,Mar
180,garlic,Vegetable,2025-06-08,fresh,56,8,6,6,2.3,87.1,freezer,original_pack,False,Mumbai,Jun
181,bell_pepper,Vegetable,2025-09-17,spoiled,81,0,0,0,8.7,93.0,freezer,container,True,Pune,Mar
182,strawberry,Fruit,2025-02-16,fresh,4,10,10,10,2.2,59.9,crisper,container,False,Pune,Jun
183,egg,Protein,2025-10-05,fresh,69,5,4,4,2.9,78.7,freezer,container,False,Hyderabad,Aug
184,peach,Fruit,2025-02-09,spoiled,20,0,0,0,2.8,86.9,door,container,True,Bangalore,Mar
185,chicken,Protein,2025-05-04,spoiled,54,0,0,0,7.0,70.7,crisper,sealed_bag,True,Mumbai,Sep
186,egg,Protein,2025-01-06,moderate,67,2,1,1,1.2,58.1,freezer,original_pack,False,Delhi,Nov
187,orange,Fruit,2025-11-01,fresh,10,10,6,5,7.1,84.2,freezer,original_pack,False,Delhi,Jun
188,broccoli,Vegetable,2025-12-03,fresh,7,8,6,5,5.5,60.5,door,wrapped,False,Bangalore,Mar
189,cauliflower,Vegetable,2025-07-19,fresh,57,8,9,7,8.0,69.2,door,original_pack,False,Mumbai,Jan
190,avocado,Fruit,2025-06-10,spoiled,94,0,0,0,5.3,91.3,counter,sealed_bag,True,Hyderabad,Jun
191,yogurt,Dairy,2025-07-18,spoiled,90,0,0,0,3.1,77.2,crisper,wrapped,True,Chennai,May
192,bell_pepper,Vegetable,2025-02-09,fresh,94,8,8,8,3.1,71.1,counter,original_pack,False,Hyderabad,Dec
193,mango,Fruit,2025-02-19,moderate,55,3,2,2,1.9,56.8,freezer,container,False,Kolkata,Aug
194,pasta,Grain,2025-01-04,fresh,71,90,98,97,4.2,77.9,main_shelf,container,False,Pune,Dec
195,onion,Vegetable,2025-01-09,fresh,73,8,6,6,2.3,77.6,main_shelf,wrapped,False,Hyderabad,Jun
196,yogurt,Dairy,2025-11-12,fresh,41,14,18,17,4.1,93.6,crisper,open,False,Bangalore,Apr
197,salmon,Protein,2025-08-11,moderate,58,2,1,0,6.4,93.9,door,open,False,Kolkata,May
198,pear,Fruit,2025-03-13,fresh,16,10,12,9,8.4,78.3,door,container,False,Chennai,Sep
199,cream,Dairy,2025-08-15,fresh,30,14,9,9,3.7,78.0,freezer,wrapped,False,Bangalore,Mar
200,walnut,Nut,2025-06-10,fresh,79,365,274,276,3.8,80.2,freezer,container,False,Bangalore,Mar
201,salmon,Protein,2025-07-10,spoiled,28,0,0,0,5.3,68.5,counter,open,False,Hyderabad,Oct
202,grape,Fruit,2025-11-10,moderate,16,3,2,1,9.4,80.9,door,wrapped,False,Hyderabad,Jul
203,grape,Fruit,2025-02-14,moderate,89,3,3,2,6.1,55.4,door,wrapped,False,Mumbai,Aug
204,peas,Vegetable,2025-12-05,fresh,16,8,10,9,4.6,82.8,door,original_pack,False,Hyderabad,Mar
205,strawberry,Fruit,2025-02-09,fresh,80,10,12,12,3.1,78.8,crisper,open,False,Pune,Jun
206,blueberry,Fruit,2025-03-06,fresh,50,10,6,4,7.4,85.1,door,open,False,Delhi,Aug
207,bell_pepper,Vegetable,2025-02-17,fresh,34,8,11,12,1.1,55.5,main_shelf,container,False,Kolkata,Apr
208,kiwi,Fruit,2025-05-06,spoiled,20,0,0,0,9.9,65.9,counter,container,False,Kolkata,Nov
209,walnut,Nut,2025-08-03,fresh,45,365,340,328,4.7,82.7,main_shelf,container,False,Chennai,Mar
210,peach,Fruit,2025-04-13,fresh,41,10,13,10,7.7,73.6,crisper,open,False,Pune,Apr
211,blueberry,Fruit,2025-01-14,moderate,38,3,1,1,1.3,93.9,freezer,wrapped,False,Chennai,Nov
212,lettuce,Vegetable,2025-12-11,fresh,40,8,7,6,5.4,88.7,door,open,False,Pune,May
213,pear,Fruit,2025-12-02,moderate,94,3,2,1,6.6,78.9,freezer,wrapped,False,Delhi,May
214,chicken,Protein,2025-07-19,fresh,2,5,3,2,9.6,82.4,door,original_pack,False,Kolkata,Apr
215,almond,Nut,2025-06-06,moderate,65,90,96,102,2.6,94.7,freezer,container,False,Pune,Apr
216,bell_pepper,Vegetable,2025-04-08,fresh,2,8,6,4,8.2,75.4,freezer,sealed_bag,False,Delhi,Jun
217,tomato,Vegetable,2025-04-14,moderate,39,3,3,3,2.9,62.2,crisper,sealed_bag,False,Mumbai,May
218,walnut,Nut,2025-04-15,fresh,20,365,293,253,6.7,76.5,crisper,sealed_bag,False,Mumbai,Jun
219,strawberry,Fruit,2025-03-11,fresh,12,10,6,6,1.4,64.9,crisper,wrapped,False,Pune,Feb
220,garlic,Vegetable,2025-10-09,spoiled,81,0,0,0,8.7,57.2,crisper,original_pack,True,Pune,Nov
221,oats,Grain,2025-10-06,fresh,47,90,78,79,3.7,58.1,door,open,False,Mumbai,Jun
222,avocado,Fruit,2025-02-19,moderate,11,3,3,2,9.5,85.8,main_shelf,original_pack,False,Chennai,Jun
223,lentils,Legume,2025-02-20,moderate,91,60,71,71,3.8,93.4,freezer,open,False,Delhi,Dec
224,cheese,Dairy,2025-07-14,spoiled,29,0,0,0,5.5,59.9,main_shelf,container,False,Mumbai,May
225,peas,Vegetable,2025-03-03,fresh,85,8,10,9,4.9,84.8,counter,original_pack,False,Pune,Jul
226,tomato,Vegetable,2025-02-11,fresh,5,8,4,3,8.0,73.3,door,sealed_bag,False,Chennai,Jun
227,salmon,Protein,2025-07-20,moderate,57,2,1,0,8.3,81.7,freezer,open,False,Delhi,Apr
228,oats,Grain,2025-01-19,fresh,4,90,123,140,1.2,92.3,crisper,open,False,Chennai,May
229,walnut,Nut,2025-10-05,moderate,62,90,106,81,8.6,84.3,counter,container,False,Hyderabad,Sep
230,mango,Fruit,2025-07-04,moderate,49,3,2,2,3.5,94.0,main_shelf,container,False,Hyderabad,Feb
231,peas,Vegetable,2025-09-12,spoiled,53,0,0,0,5.8,69.1,counter,open,False,Pune,Jan
232,pasta,Grain,2025-03-13,moderate,61,30,26,25,4.6,77.3,main_shelf,container,False,Chennai,Jan
233,milk,Dairy,2025-11-18,spoiled,14,0,0,0,2.4,55.1,door,wrapped,True,Mumbai,Aug
234,kiwi,Fruit,2025-12-01,fresh,68,10,8,7,5.2,63.9,main_shelf,open,False,Kolkata,Jul
235,salmon,Protein,2025-10-12,fresh,13,5,6,4,7.8,78.4,door,original_pack,False,Delhi,Oct
236,egg,Protein,2025-05-19,fresh,4,5,4,4,1.7,70.5,freezer,wrapped,False,Hyderabad,Sep
237,chickpeas,Legume,2025-08-04,fresh,10,180,161,122,8.8,68.5,freezer,original_pack,False,Delhi,Jul
238,strawberry,Fruit,2025-05-08,fresh,96,10,10,9,4.3,71.1,crisper,container,False,Chennai,Nov
239,rice,Grain,2025-03-12,fresh,67,90,96,104,2.3,83.8,door,wrapped,False,Delhi,Apr
240,tomato,Vegetable,2025-11-07,moderate,12,3,3,2,5.3,64.7,freezer,wrapped,False,Pune,Sep
241,milk,Dairy,2025-05-18,fresh,61,14,17,13,8.6,59.3,main_shelf,open,False,Kolkata,Feb
242,blueberry,Fruit,2025-05-11,fresh,41,10,6,4,9.6,93.2,crisper,open,False,Delhi,May
243,beef,Protein,2025-10-19,spoiled,70,0,0,0,7.7,56.5,main_shelf,container,False,Bangalore,Nov
244,cauliflower,Vegetable,2025-07-07,fresh,1,8,8,8,2.2,70.1,main_shelf,original_pack,False,Mumbai,Sep
245,avocado,Fruit,2025-04-11,moderate,20,3,1,1,1.3,58.2,counter,original_pack,False,Hyderabad,Apr
246,banana,Fruit,2025-10-19,fresh,82,10,13,13,3.5,72.5,freezer,original_pack,False,Delhi,Jul
247,walnut,Nut,2025-02-17,fresh,77,365,368,340,5.5,62.8,freezer,sealed_bag,False,Mumbai,Jun
248,blueberry,Fruit,2025-03-08,fresh,4,10,8,7,4.6,55.2,main_shelf,sealed_bag,False,Delhi,Jan
249,garlic,Vegetable,2025-02-06,fresh,46,8,7,5,8.7,94.0,crisper,original_pack,False,Hyderabad,Oct
250,almond,Nut,2025-03-17,fresh,1,365,295,216,9.3,89.0,door,open,False,Bangalore,Jul
251,mushroom,Vegetable,2025-10-05,fresh,62,8,8,8,2.0,62.2,counter,container,False,Delhi,May
252,cheese,Dairy,2025-07-03,moderate,41,4,2,1,6.0,87.0,main_shelf,wrapped,False,Bangalore,Oct
253,cucumber,Vegetable,2025-05-05,spoiled,1,0,0,0,8.7,66.3,main_shelf,sealed_bag,False,Delhi,Dec
254,egg,Protein,2025-02-08,fresh,59,5,5,3,8.5,62.7,main_shelf,wrapped,False,Chennai,May
255,garlic,Vegetable,2025-09-02,fresh,89,8,10,7,8.5,89.9,main_shelf,wrapped,False,Pune,Jul
256,bread,Grain,2025-04-19,moderate,52,30,20,20,3.4,59.9,crisper,wrapped,False,Chennai,Jan
257,carrot,Vegetable,2025-12-04,fresh,13,8,9,9,1.8,75.1,counter,container,False,Mumbai,Dec
258,cucumber,Vegetable,2025-05-16,spoiled,52,0,0,0,6.9,79.0,counter,container,False,Mumbai,May
259,watermelon,Fruit,2025-02-17,spoiled,13,0,0,0,1.7,58.7,crisper,container,False,Delhi,Jan
260,bell_pepper,Vegetable,2025-02-15,spoiled,75,0,0,0,3.1,67.6,crisper,original_pack,True,Chennai,Sep
261,garlic,Vegetable,2025-07-15,fresh,12,8,8,8,3.5,56.9,door,container,False,Bangalore,Sep
262,kiwi,Fruit,2025-07-09,fresh,40,10,7,7,3.4,87.3,freezer,sealed_bag,False,Kolkata,Mar
263,cauliflower,Vegetable,2025-08-09,fresh,3,8,11,9,6.4,86.6,main_shelf,sealed_bag,False,Kolkata,Aug
264,carrot,Vegetable,2025-08-01,fresh,77,8,8,7,6.5,93.8,main_shelf,sealed_bag,False,Hyderabad,Feb
265,lentils,Legume,2025-03-13,fresh,38,180,215,150,10.0,66.6,crisper,open,False,Kolkata,Jul
266,banana,Fruit,2025-02-18,fresh,5,10,9,7,8.3,69.0,door,wrapped,False,Bangalore,Apr
267,orange,Fruit,2025-07-11,moderate,37,3,1,1,1.2,76.4,freezer,open,False,Mumbai,Jun
268,avocado,Fruit,2025-08-10,fresh,66,10,9,9,3.6,57.5,freezer,wrapped,False,Hyderabad,May
269,egg,Protein,2025-05-17,fresh,32,5,5,4,6.3,75.8,counter,open,False,Bangalore,Jan
270,rice,Grain,2025-08-15,fresh,0,90,112,127,1.2,57.1,crisper,wrapped,False,Bangalore,Apr
271,rice,Grain,2025-04-02,fresh,56,90,95,95,3.8,62.9,counter,open,False,Chennai,Feb
272,zucchini,Vegetable,2025-01-09,fresh,78,8,9,8,4.8,57.1,crisper,sealed_bag,False,Chennai,May
273,spinach,Vegetable,2025-10-14,fresh,57,8,10,7,8.3,68.4,door,sealed_bag,False,Mumbai,Apr
274,pasta,Grain,2025-12-11,moderate,47,30,25,22,6.1,71.3,main_shelf,sealed_bag,False,Hyderabad,Feb
275,milk,Dairy,2025-04-01,moderate,96,4,2,2,2.9,64.4,crisper,original_pack,False,Hyderabad,Dec
276,beef,Protein,2025-12-13,moderate,91,2,1,0,4.6,68.9,crisper,container,False,Bangalore,Nov
277,cauliflower,Vegetable,2025-05-14,fresh,88,8,11,11,2.9,77.7,main_shelf,original_pack,False,Hyderabad,Aug
278,lentils,Legume,2025-09-12,moderate,67,60,80,84,2.8,84.8,freezer,original_pack,False,Pune,Apr
279,tuna,Protein,2025-11-03,fresh,33,5,4,3,8.3,77.1,crisper,sealed_bag,False,Delhi,Oct
280,cherry,Fruit,2025-08-02,moderate,55,3,3,2,5.3,79.4,crisper,original_pack,False,Delhi,Sep
281,rice,Grain,2025-03-04,fresh,91,90,116,90,8.4,73.5,crisper,wrapped,False,Mumbai,Jun
282,banana,Fruit,2025-06-09,fresh,50,10,12,10,6.0,62.5,door,wrapped,False,Mumbai,Oct
283,cream,Dairy,2025-11-11,moderate,46,4,3,3,1.9,66.8,freezer,open,False,Kolkata,Apr
284,salmon,Protein,2025-02-18,moderate,50,2,1,1,2.2,82.8,freezer,container,False,Mumbai,Jun
285,cucumber,Vegetable,2025-10-06,fresh,49,8,10,8,6.8,68.2,crisper,open,False,Chennai,Nov
286,orange,Fruit,2025-01-03,moderate,41,3,3,3,2.0,85.8,freezer,open,False,Bangalore,Feb
287,beef,Protein,2025-12-20,fresh,80,5,5,3,8.1,93.7,counter,open,False,Mumbai,Feb
288,avocado,Fruit,2025-04-17,fresh,38,10,11,9,6.0,60.6,freezer,container,False,Hyderabad,Jan
289,walnut,Nut,2025-07-16,moderate,16,90,122,90,9.2,87.8,main_shelf,sealed_bag,False,Chennai,Jan
290,carrot,Vegetable,2025-08-08,moderate,80,3,3,2,5.4,90.6,freezer,original_pack,False,Delhi,Dec
291,peas,Vegetable,2025-09-18,fresh,17,8,5,3,9.9,85.9,main_shelf,open,False,Bangalore,Apr
292,walnut,Nut,2025-08-13,fresh,8,365,431,418,4.6,66.5,main_shelf,open,False,Mumbai,Apr
293,peas,Vegetable,2025-07-17,fresh,24,8,5,4,6.7,79.3,door,container,False,Hyderabad,Feb
294,peas,Vegetable,2025-04-19,spoiled,85,0,0,0,1.1,64.8,crisper,container,False,Pune,Mar
295,bell_pepper,Vegetable,2025-07-15,fresh,13,8,10,10,2.3,90.5,main_shelf,wrapped,False,Hyderabad,Apr
296,cauliflower,Vegetable,2025-03-06,moderate,40,3,3,2,6.6,67.8,main_shelf,container,False,Bangalore,May
297,carrot,Vegetable,2025-12-14,fresh,98,8,8,6,7.8,64.9,counter,wrapped,False,Hyderabad,Feb
298,pineapple,Fruit,2025-05-01,fresh,77,10,12,12,3.0,56.9,counter,open,False,Delhi,Sep
299,cheese,Dairy,2025-11-02,fresh,98,14,17,17,3.9,68.9,freezer,sealed_bag,False,Kolkata,Aug
300,butter,Dairy,2025-02-05,fresh,2,14,15,16,2.5,69.3,door,wrapped,False,Mumbai,Aug
301,peach,Fruit,2025-12-01,fresh,27,10,7,5,7.5,70.9,main_shelf,sealed_bag,False,Delhi,Sep
302,lettuce,Vegetable,2025-11-20,fresh,75,8,9,9,2.6,67.8,counter,wrapped,False,Bangalore,Apr
303,chickpeas,Legume,2025-06-16,fresh,74,180,240,214,6.1,79.1,door,original_pack,False,Chennai,Oct
304,rice,Grain,2025-02-03,spoiled,61,0,0,0,5.1,82.3,main_shelf,wrapped,False,Bangalore,Jan
305,kiwi,Fruit,2025-11-15,moderate,55,3,2,1,9.7,70.7,crisper,open,False,Mumbai,Jun
306,egg,Protein,2025-01-18,fresh,5,5,6,6,2.8,56.2,door,wrapped,False,Mumbai,Jan
307,almond,Nut,2025-05-18,spoiled,17,0,0,0,6.2,61.6,counter,wrapped,True,Kolkata,Mar
308,pineapple,Fruit,2025-02-06,fresh,81,10,9,7,7.4,76.0,freezer,sealed_bag,False,Pune,Jul
309,onion,Vegetable,2025-08-05,moderate,0,3,2,1,4.1,62.4,crisper,container,False,Bangalore,Jan
310,egg,Protein,2025-07-06,fresh,62,5,5,5,3.3,81.9,counter,wrapped,False,Kolkata,Apr
311,bread,Grain,2025-06-11,fresh,11,90,58,50,6.6,84.2,crisper,open,False,Delhi,Feb
312,strawberry,Fruit,2025-12-05,moderate,16,3,3,2,7.2,85.7,freezer,sealed_bag,False,Mumbai,Dec
313,grape,Fruit,2025-04-11,fresh,4,10,9,6,10.0,60.4,main_shelf,container,False,Mumbai,Jan
314,lentils,Legume,2025-11-09,spoiled,25,0,0,0,7.1,90.1,freezer,original_pack,False,Hyderabad,Feb
315,mushroom,Vegetable,2025-10-04,moderate,53,3,2,1,9.6,56.2,freezer,sealed_bag,False,Chennai,Jul
316,mushroom,Vegetable,2025-01-08,moderate,26,3,3,2,5.2,82.0,crisper,original_pack,False,Delhi,May
317,carrot,Vegetable,2025-10-15,fresh,0,8,4,4,1.9,70.6,crisper,container,False,Delhi,May
318,almond,Nut,2025-08-14,fresh,38,365,227,227,4.0,81.2,main_shelf,container,False,Bangalore,Dec
319,peach,Fruit,2025-01-11,moderate,2,3,3,3,3.7,59.8,counter,wrapped,False,Hyderabad,Oct
320,lentils,Legume,2025-03-11,fresh,47,180,213,170,8.0,59.9,main_shelf,sealed_bag,False,Pune,Mar
321,lemon,Fruit,2025-09-07,moderate,58,3,4,2,9.4,68.0,freezer,original_pack,False,Mumbai,Jun
322,broccoli,Vegetable,2025-07-06,moderate,43,3,4,3,8.7,67.2,main_shelf,container,False,Delhi,Jan
323,olive_oil,Oil,2025-06-11,fresh,64,365,252,252,4.0,61.4,freezer,sealed_bag,False,Bangalore,Aug
324,lentils,Legume,2025-08-09,moderate,68,60,61,59,4.6,63.8,counter,open,False,Mumbai,Jan
325,carrot,Vegetable,2025-09-01,spoiled,90,0,0,0,9.1,90.6,counter,wrapped,True,Hyderabad,Jul
326,watermelon,Fruit,2025-03-20,moderate,28,3,3,3,3.8,91.0,door,original_pack,False,Pune,May
327,pasta,Grain,2025-06-19,moderate,52,30,32,34,2.6,68.0,freezer,original_pack,False,Bangalore,Aug
328,salmon,Protein,2025-08-19,moderate,70,2,2,2,2.0,62.5,main_shelf,open,False,Pune,May
329,walnut,Nut,2025-06-04,fresh,11,365,339,367,2.3,90.0,freezer,open,False,Hyderabad,Oct
330,onion,Vegetable,2025-02-12,spoiled,84,0,0,0,9.2,56.6,main_shelf,sealed_bag,True,Mumbai,Apr
331,potato,Vegetable,2025-09-07,moderate,34,3,3,2,4.4,55.3,freezer,wrapped,False,Pune,Dec
332,watermelon,Fruit,2025-10-08,fresh,0,10,10,8,6.2,75.6,freezer,original_pack,False,Bangalore,Feb
333,almond,Nut,2025-11-16,fresh,73,365,290,224,8.5,79.2,counter,sealed_bag,False,Bangalore,Feb
334,bread,Grain,2025-04-07,spoiled,66,0,0,0,4.5,56.9,freezer,container,False,Pune,Jun
335,blueberry,Fruit,2025-10-17,moderate,50,3,3,2,9.7,77.4,counter,open,False,Hyderabad,May
336,olive_oil,Oil,2025-12-19,fresh,1,365,387,375,4.6,64.7,crisper,wrapped,False,Mumbai,Aug
337,beef,Protein,2025-12-10,fresh,100,5,5,4,6.5,86.3,door,original_pack,False,Bangalore,Nov
338,rice,Grain,2025-01-15,moderate,51,30,38,38,3.8,59.4,counter,sealed_bag,False,Pune,Jul
339,lemon,Fruit,2025-05-15,fresh,45,10,12,11,4.1,81.2,counter,open,False,Pune,Jul
340,banana,Fruit,2025-09-07,spoiled,78,0,0,0,3.2,78.2,counter,original_pack,False,Pune,Dec
341,chicken,Protein,2025-07-12,moderate,64,2,1,0,6.5,86.3,door,wrapped,False,Hyderabad,Apr
342,oats,Grain,2025-07-16,fresh,67,90,83,58,9.9,77.1,door,sealed_bag,False,Delhi,Nov
343,strawberry,Fruit,2025-11-04,fresh,87,10,13,13,2.9,94.8,freezer,wrapped,False,Bangalore,Feb
344,oats,Grain,2025-01-16,moderate,65,30,22,18,6.9,80.7,counter,sealed_bag,False,Bangalore,Oct
345,peach,Fruit,2025-01-08,fresh,24,10,7,5,7.4,67.9,freezer,container,False,Hyderabad,Oct
346,bell_pepper,Vegetable,2025-03-08,fresh,11,8,8,6,7.1,56.7,main_shelf,wrapped,False,Delhi,Apr
347,peach,Fruit,2025-02-10,fresh,79,10,8,6,7.0,68.2,freezer,sealed_bag,False,Delhi,Oct
348,tofu,Protein,2025-08-03,fresh,37,5,3,3,2.2,65.7,freezer,container,False,Delhi,Jan
349,beef,Protein,2025-01-05,fresh,4,5,4,3,4.3,82.8,crisper,wrapped,False,Chennai,Aug
350,carrot,Vegetable,2025-06-19,fresh,35,8,7,7,3.8,92.5,freezer,wrapped,False,Chennai,Mar
351,mango,Fruit,2025-11-05,moderate,61,3,2,1,7.0,58.7,crisper,wrapped,False,Delhi,Jan
352,zucchini,Vegetable,2025-09-08,moderate,83,3,2,2,2.4,89.8,crisper,original_pack,False,Bangalore,May
353,spinach,Vegetable,2025-05-12,fresh,47,8,9,9,3.2,55.2,door,original_pack,False,Hyderabad,Jun
354,grape,Fruit,2025-08-16,fresh,62,10,9,7,7.4,72.1,counter,container,False,Kolkata,Nov
355,lettuce,Vegetable,2025-04-19,spoiled,92,0,0,0,6.8,74.5,counter,open,True,Kolkata,Jul
356,strawberry,Fruit,2025-10-13,fresh,92,10,7,5,7.7,64.8,main_shelf,wrapped,False,Hyderabad,Jan
357,pear,Fruit,2025-06-01,spoiled,51,0,0,0,1.6,72.8,crisper,wrapped,False,Chennai,Jul
358,rice,Grain,2025-06-04,spoiled,22,0,0,0,9.3,57.7,crisper,open,True,Kolkata,Apr
359,carrot,Vegetable,2025-03-04,fresh,48,8,5,4,4.9,74.0,main_shelf,open,False,Hyderabad,Nov
360,cherry,Fruit,2025-11-03,moderate,94,3,3,2,8.4,78.5,counter,sealed_bag,False,Hyderabad,Jul
361,rice,Grain,2025-08-03,moderate,20,30,20,15,8.7,64.0,main_shelf,wrapped,False,Chennai,Jan
362,egg,Protein,2025-12-09,fresh,23,5,3,3,3.1,73.5,freezer,open,False,Delhi,May
363,tuna,Protein,2025-03-18,moderate,18,2,1,0,5.9,90.6,crisper,wrapped,False,Mumbai,Mar
364,peach,Fruit,2025-02-06,moderate,53,3,3,2,7.2,84.7,counter,container,False,Chennai,May
365,carrot,Vegetable,2025-12-09,fresh,62,8,7,6,5.5,68.0,freezer,open,False,Kolkata,Oct
366,peas,Vegetable,2025-05-15,spoiled,19,0,0,0,6.8,90.4,door,original_pack,True,Bangalore,Apr
367,zucchini,Vegetable,2025-09-09,moderate,1,3,3,2,5.2,76.9,freezer,open,False,Kolkata,Dec
368,tofu,Protein,2025-01-14,moderate,11,2,1,0,5.3,73.3,main_shelf,container,False,Hyderabad,Sep
369,salmon,Protein,2025-09-02,fresh,76,5,6,5,5.9,61.2,main_shelf,container,False,Kolkata,Mar
370,corn,Vegetable,2025-02-15,moderate,3,3,1,0,6.8,70.1,crisper,original_pack,False,Mumbai,Aug
371,watermelon,Fruit,2025-12-13,moderate,69,3,4,4,1.3,70.5,counter,open,False,Kolkata,Apr
372,watermelon,Fruit,2025-08-19,moderate,47,3,4,3,4.6,67.2,crisper,sealed_bag,False,Bangalore,Oct
373,butter,Dairy,2025-05-05,fresh,71,14,9,9,2.6,85.5,door,sealed_bag,False,Delhi,Nov
374,oats,Grain,2025-10-03,fresh,78,90,114,90,8.1,58.4,counter,original_pack,False,Hyderabad,Jan
375,butter,Dairy,2025-09-13,fresh,62,14,18,19,2.1,55.0,crisper,original_pack,False,Mumbai,Jan
376,milk,Dairy,2025-05-02,fresh,36,14,9,6,9.5,73.9,main_shelf,sealed_bag,False,Bangalore,Sep
377,beef,Protein,2025-11-10,fresh,52,5,4,3,4.4,83.0,crisper,open,False,Delhi,Feb
378,orange,Fruit,2025-08-02,fresh,13,10,12,8,9.3,57.0,freezer,container,False,Pune,Jun
379,banana,Fruit,2025-05-19,moderate,60,3,1,1,1.4,68.9,main_shelf,sealed_bag,False,Pune,Nov
380,tuna,Protein,2025-08-12,fresh,79,5,3,2,9.9,61.9,counter,wrapped,False,Delhi,Nov
381,cauliflower,Vegetable,2025-04-20,moderate,54,3,3,2,8.7,68.4,door,container,False,Kolkata,Dec
382,zucchini,Vegetable,2025-07-20,moderate,97,3,2,1,7.8,68.9,door,sealed_bag,False,Chennai,May
383,orange,Fruit,2025-05-02,fresh,100,10,6,4,8.0,63.4,door,open,False,Mumbai,Apr
384,cauliflower,Vegetable,2025-07-13,spoiled,94,0,0,0,7.9,89.7,counter,container,True,Hyderabad,Feb
385,almond,Nut,2025-06-11,moderate,63,90,81,59,9.3,88.5,crisper,wrapped,False,Delhi,Oct
386,pasta,Grain,2025-09-17,fresh,10,90,80,81,3.7,83.9,door,original_pack,False,Hyderabad,Oct
387,strawberry,Fruit,2025-07-06,moderate,36,3,2,1,8.4,68.5,crisper,original_pack,False,Bangalore,May
388,carrot,Vegetable,2025-03-09,fresh,47,8,8,7,6.2,72.5,main_shelf,original_pack,False,Mumbai,Aug
389,almond,Nut,2025-01-17,moderate,47,90,60,66,2.0,82.7,crisper,container,False,Delhi,Jul
390,oats,Grain,2025-06-20,fresh,28,90,90,81,6.0,94.8,main_shelf,open,False,Mumbai,Jun
391,chicken,Protein,2025-08-07,fresh,83,5,5,5,2.9,87.7,door,container,False,Chennai,Jan
392,blueberry,Fruit,2025-08-05,fresh,1,10,12,12,3.4,68.8,door,original_pack,False,Delhi,Sep
393,peach,Fruit,2025-09-04,spoiled,91,0,0,0,9.0,74.4,counter,sealed_bag,False,Kolkata,May
394,milk,Dairy,2025-05-13,spoiled,0,0,0,0,7.6,66.2,door,sealed_bag,True,Bangalore,Feb
395,milk,Dairy,2025-03-03,moderate,33,4,5,4,7.1,94.5,freezer,open,False,Bangalore,Mar
396,cheese,Dairy,2025-10-06,fresh,54,14,8,8,3.4,87.0,freezer,wrapped,False,Hyderabad,Sep
397,butter,Dairy,2025-08-11,moderate,37,4,3,2,9.9,76.0,door,original_pack,False,Hyderabad,May
398,zucchini,Vegetable,2025-10-05,moderate,92,3,4,4,3.1,55.2,counter,sealed_bag,False,Bangalore,Jan
399,tofu,Protein,2025-11-03,fresh,89,5,5,5,2.6,73.1,counter,sealed_bag,False,Delhi,Jul
400,tomato,Vegetable,2025-09-10,moderate,100,3,1,1,2.4,66.2,door,wrapped,False,Hyderabad,Apr
401,mushroom,Vegetable,2025-02-12,moderate,52,3,3,2,4.7,91.8,counter,wrapped,False,Mumbai,Dec
402,lemon,Fruit,2025-08-01,moderate,84,3,2,1,9.1,93.6,freezer,original_pack,False,Hyderabad,May
403,butter,Dairy,2025-03-05,fresh,57,14,11,11,3.1,70.2,door,sealed_bag,False,Mumbai,Jan
404,kiwi,Fruit,2025-11-16,spoiled,8,0,0,0,2.6,90.4,counter,wrapped,False,Mumbai,May
405,lettuce,Vegetable,2025-02-05,fresh,80,8,10,9,4.8,89.5,crisper,sealed_bag,False,Hyderabad,Dec
406,apple,Fruit,2025-01-13,fresh,53,10,12,10,6.0,74.5,crisper,original_pack,False,Pune,May
407,onion,Vegetable,2025-06-14,moderate,41,3,3,2,5.6,70.1,door,open,False,Hyderabad,Jan
408,peach,Fruit,2025-02-06,moderate,84,3,3,2,5.7,68.5,counter,container,False,Bangalore,Jul
409,beef,Protein,2025-07-19,fresh,91,5,6,4,8.5,79.5,counter,container,False,Kolkata,May
410,pear,Fruit,2025-05-15,moderate,4,3,3,2,9.9,88.6,door,sealed_bag,False,Chennai,Apr
411,orange,Fruit,2025-09-15,moderate,11,3,3,3,2.5,79.7,main_shelf,sealed_bag,False,Pune,Mar
412,banana,Fruit,2025-05-05,fresh,100,10,9,8,4.4,72.5,freezer,wrapped,False,Hyderabad,Jul
413,lemon,Fruit,2025-08-05,fresh,67,10,10,8,7.0,68.5,freezer,wrapped,False,Chennai,Dec
414,tomato,Vegetable,2025-04-09,fresh,56,8,8,5,9.2,73.0,crisper,open,False,Bangalore,Mar
415,pasta,Grain,2025-11-12,moderate,61,30,37,38,3.4,80.3,main_shelf,original_pack,False,Bangalore,Mar
416,cherry,Fruit,2025-08-02,spoiled,7,0,0,0,8.2,88.6,door,original_pack,True,Hyderabad,Jun
417,lentils,Legume,2025-04-05,moderate,21,60,46,33,9.5,86.0,counter,original_pack,False,Kolkata,Aug
418,banana,Fruit,2025-03-11,fresh,43,10,7,7,3.3,85.5,door,original_pack,False,Bangalore,Sep
419,salmon,Protein,2025-08-15,moderate,83,2,2,2,3.0,78.2,crisper,original_pack,False,Chennai,Feb
420,peas,Vegetable,2025-10-14,fresh,81,8,8,6,8.7,57.8,door,wrapped,False,Kolkata,Nov
421,cauliflower,Vegetable,2025-07-20,fresh,1,8,7,5,8.1,90.0,door,original_pack,False,Hyderabad,Nov
422,carrot,Vegetable,2025-12-06,moderate,79,3,2,1,7.7,63.3,crisper,sealed_bag,False,Delhi,Sep
423,salmon,Protein,2025-01-14,fresh,20,5,5,3,9.3,72.5,main_shelf,container,False,Delhi,Jun
424,beef,Protein,2025-05-02,spoiled,62,0,0,0,3.5,61.4,freezer,open,False,Hyderabad,Jun
425,kiwi,Fruit,2025-04-19,fresh,65,10,7,5,7.5,64.0,crisper,open,False,Mumbai,Dec
426,yogurt,Dairy,2025-04-12,fresh,54,14,18,17,4.4,76.8,counter,container,False,Chennai,Jun
427,egg,Protein,2025-02-12,moderate,27,2,1,0,5.9,55.7,main_shelf,wrapped,False,Delhi,Apr
428,cucumber,Vegetable,2025-03-17,fresh,98,8,4,3,6.7,73.0,freezer,open,False,Delhi,Jul
429,garlic,Vegetable,2025-10-10,moderate,45,3,3,2,4.3,82.9,freezer,original_pack,False,Hyderabad,Jun
430,tuna,Protein,2025-11-08,moderate,88,2,2,2,1.2,68.7,freezer,sealed_bag,False,Hyderabad,Dec
431,bread,Grain,2025-05-03,fresh,71,90,62,57,5.6,90.0,main_shelf,container,False,Delhi,Mar
432,tofu,Protein,2025-01-15,fresh,85,5,5,4,7.0,69.7,counter,container,False,Mumbai,Feb
433,corn,Vegetable,2025-03-03,moderate,38,3,2,2,1.6,80.2,door,wrapped,False,Delhi,Dec
434,spinach,Vegetable,2025-11-05,fresh,60,8,5,5,2.8,86.6,freezer,container,False,Delhi,Aug
435,cherry,Fruit,2025-01-07,fresh,93,10,11,9,5.9,67.0,door,sealed_bag,False,Mumbai,Dec
436,orange,Fruit,2025-01-06,moderate,74,3,3,3,3.6,94.7,main_shelf,wrapped,False,Mumbai,May
437,rice,Grain,2025-12-03,spoiled,70,0,0,0,6.2,58.6,crisper,original_pack,False,Pune,Mar
438,onion,Vegetable,2025-05-16,fresh,77,8,6,5,6.1,83.3,door,open,False,Mumbai,Nov
439,tomato,Vegetable,2025-10-03,spoiled,100,0,0,0,4.7,58.5,crisper,sealed_bag,False,Pune,Dec
440,avocado,Fruit,2025-04-20,fresh,98,10,10,9,4.3,57.7,counter,wrapped,False,Pune,Mar
441,cauliflower,Vegetable,2025-03-04,fresh,98,8,7,7,2.7,64.6,crisper,sealed_bag,False,Chennai,Mar
442,tuna,Protein,2025-04-02,fresh,11,5,5,5,2.8,58.3,door,container,False,Kolkata,May
443,egg,Protein,2025-09-17,fresh,91,5,5,3,9.6,57.0,crisper,container,False,Bangalore,Nov
444,peas,Vegetable,2025-02-19,fresh,75,8,7,7,2.7,88.0,crisper,container,False,Mumbai,Feb
445,pasta,Grain,2025-12-07,fresh,12,90,77,55,9.7,84.1,freezer,sealed_bag,False,Mumbai,Jul
446,bread,Grain,2025-12-03,fresh,61,90,57,57,3.7,92.0,crisper,open,False,Kolkata,Nov
447,kiwi,Fruit,2025-09-16,moderate,37,3,3,3,1.8,59.6,crisper,original_pack,False,Kolkata,Jan
448,pineapple,Fruit,2025-04-09,fresh,33,10,7,7,2.4,85.5,counter,original_pack,False,Bangalore,Jan
449,cheese,Dairy,2025-01-16,fresh,58,14,18,16,5.3,70.6,door,sealed_bag,False,Delhi,Dec
450,rice,Grain,2025-04-04,fresh,50,90,70,54,8.4,85.2,crisper,sealed_bag,False,Pune,Aug
451,rice,Grain,2025-12-02,moderate,40,30,19,16,6.9,89.1,freezer,open,False,Mumbai,Oct
452,tuna,Protein,2025-08-01,fresh,1,5,6,6,1.5,71.0,door,container,False,Hyderabad,May
453,corn,Vegetable,2025-10-08,spoiled,91,0,0,0,9.7,70.9,main_shelf,sealed_bag,True,Bangalore,Jan
454,banana,Fruit,2025-01-19,fresh,63,10,11,11,3.9,87.8,crisper,original_pack,False,Pune,Jan
455,egg,Protein,2025-01-13,fresh,43,5,3,3,2.9,63.6,counter,wrapped,False,Delhi,May
456,tofu,Protein,2025-03-08,moderate,59,2,2,2,2.7,90.0,door,container,False,Pune,Jan
457,chicken,Protein,2025-09-05,fresh,87,5,3,2,8.7,68.0,door,container,False,Delhi,Dec
458,broccoli,Vegetable,2025-02-19,fresh,53,8,11,12,2.0,79.8,crisper,sealed_bag,False,Delhi,Sep
459,peach,Fruit,2025-04-18,moderate,90,3,2,1,5.5,77.4,freezer,sealed_bag,False,Bangalore,Oct
460,bread,Grain,2025-12-08,fresh,52,90,122,111,5.8,56.3,door,wrapped,False,Delhi,Sep
461,lettuce,Vegetable,2025-08-09,fresh,12,8,10,10,3.5,72.2,freezer,sealed_bag,False,Bangalore,Feb
462,lemon,Fruit,2025-03-19,fresh,56,10,7,6,5.1,68.8,freezer,wrapped,False,Chennai,Feb
463,carrot,Vegetable,2025-05-09,fresh,10,8,6,5,5.6,59.4,door,wrapped,False,Mumbai,Sep
464,pineapple,Fruit,2025-02-14,moderate,68,3,3,2,7.3,90.7,freezer,open,False,Chennai,May
465,potato,Vegetable,2025-09-20,spoiled,21,0,0,0,8.9,58.0,freezer,open,False,Delhi,Jun
466,lentils,Legume,2025-12-13,moderate,64,60,54,53,4.2,65.3,main_shelf,wrapped,False,Hyderabad,May
467,olive_oil,Oil,2025-05-01,spoiled,25,0,0,0,5.5,58.6,door,original_pack,False,Delhi,May
468,bell_pepper,Vegetable,2025-01-08,spoiled,0,0,0,0,4.7,72.0,crisper,open,False,Bangalore,Nov
469,lemon,Fruit,2025-07-19,fresh,60,10,12,8,9.6,93.7,door,sealed_bag,False,Pune,Feb
470,rice,Grain,2025-04-13,spoiled,67,0,0,0,5.0,89.9,main_shelf,container,True,Kolkata,Jan
471,beef,Protein,2025-10-07,fresh,33,5,5,4,5.1,94.2,crisper,container,False,Hyderabad,Feb
472,peas,Vegetable,2025-04-14,moderate,88,3,3,3,1.3,59.5,door,open,False,Mumbai,May
473,butter,Dairy,2025-08-15,moderate,4,4,4,4,2.7,84.8,crisper,wrapped,False,Mumbai,Aug
474,chicken,Protein,2025-05-06,fresh,76,5,5,5,4.0,83.4,door,original_pack,False,Delhi,Oct
475,almond,Nut,2025-12-16,fresh,89,365,387,394,3.6,88.4,door,wrapped,False,Mumbai,Aug
476,bell_pepper,Vegetable,2025-12-03,fresh,82,8,4,4,1.1,71.6,freezer,sealed_bag,False,Delhi,May
477,cauliflower,Vegetable,2025-03-08,moderate,40,3,3,2,7.3,67.8,crisper,wrapped,False,Pune,Apr
478,egg,Protein,2025-10-16,fresh,91,5,3,3,3.5,84.3,crisper,open,False,Chennai,Feb
479,zucchini,Vegetable,2025-12-20,fresh,36,8,8,5,9.5,60.0,door,wrapped,False,Bangalore,Feb
480,almond,Nut,2025-10-10,moderate,71,90,56,57,3.4,95.0,door,open,False,Pune,May
481,pear,Fruit,2025-06-12,moderate,99,3,3,2,8.6,87.0,main_shelf,container,False,Mumbai,Nov
482,kiwi,Fruit,2025-07-16,fresh,73,10,11,8,8.3,83.5,counter,open,False,Pune,Apr
483,grape,Fruit,2025-08-16,spoiled,12,0,0,0,3.9,66.0,crisper,original_pack,True,Mumbai,Dec
484,chickpeas,Legume,2025-01-17,spoiled,76,0,0,0,8.8,93.4,door,open,False,Chennai,Aug
485,chickpeas,Legume,2025-07-09,moderate,32,60,41,39,4.7,58.0,freezer,open,False,Chennai,Oct
486,yogurt,Dairy,2025-03-10,fresh,62,14,16,15,5.1,87.0,main_shelf,container,False,Hyderabad,Nov
487,walnut,Nut,2025-11-16,fresh,37,365,426,443,3.2,95.0,counter,wrapped,False,Bangalore,Jan
488,grape,Fruit,2025-04-06,fresh,42,10,10,10,2.1,60.9,crisper,sealed_bag,False,Chennai,Nov
489,chickpeas,Legume,2025-03-13,moderate,61,60,75,67,6.0,61.5,counter,container,False,Chennai,Oct
490,peas,Vegetable,2025-06-07,moderate,70,3,2,2,1.2,76.6,main_shelf,container,False,Pune,Jun
491,cauliflower,Vegetable,2025-03-04,fresh,98,8,6,4,7.8,81.7,crisper,open,False,Mumbai,Nov
492,almond,Nut,2025-01-15,fresh,5,365,461,375,7.7,88.7,main_shelf,wrapped,False,Hyderabad,Jan
493,butter,Dairy,2025-07-19,moderate,28,4,4,3,4.8,83.5,main_shelf,open,False,Bangalore,Dec
494,strawberry,Fruit,2025-05-20,moderate,19,3,3,2,5.6,65.9,freezer,wrapped,False,Pune,May
495,cream,Dairy,2025-06-02,fresh,60,14,12,10,7.2,79.6,door,original_pack,False,Kolkata,Jun
496,corn,Vegetable,2025-05-03,fresh,98,8,5,4,5.2,69.4,counter,container,False,Mumbai,Sep
497,mango,Fruit,2025-01-02,fresh,24,10,10,9,5.5,78.1,door,original_pack,False,Kolkata,Mar
498,walnut,Nut,2025-04-02,fresh,27,365,273,193,9.8,70.9,main_shelf,wrapped,False,Pune,May
499,onion,Vegetable,2025-01-20,fresh,91,8,10,7,9.6,63.9,crisper,wrapped,False,Kolkata,May
500,olive_oil,Oil,2025-09-11,moderate,18,180,213,223,3.0,58.5,main_shelf,original_pack,False,Bangalore,Jul
501,almond,Nut,2025-08-19,fresh,75,365,254,252,4.1,77.3,crisper,open,False,Pune,Jun
502,kiwi,Fruit,2025-04-05,fresh,63,10,13,12,4.7,92.2,freezer,sealed_bag,False,Mumbai,May
503,lemon,Fruit,2025-09-08,fresh,59,10,13,10,7.3,61.4,main_shelf,sealed_bag,False,Bangalore,Nov
504,pear,Fruit,2025-04-16,fresh,98,10,12,12,2.9,56.4,crisper,open,False,Hyderabad,Dec
505,beef,Protein,2025-04-15,fresh,1,5,5,5,3.3,90.8,door,sealed_bag,False,Mumbai,Apr
506,walnut,Nut,2025-09-07,fresh,68,365,255,221,6.6,90.5,door,original_pack,False,Bangalore,Nov
507,olive_oil,Oil,2025-11-01,spoiled,34,0,0,0,6.8,90.6,freezer,sealed_bag,True,Hyderabad,Sep
508,lentils,Legume,2025-08-14,moderate,73,60,53,38,9.4,82.1,freezer,container,False,Chennai,Nov
509,bread,Grain,2025-12-05,fresh,12,90,80,66,7.4,67.3,door,wrapped,False,Pune,Dec
510,cream,Dairy,2025-01-11,moderate,26,4,3,2,7.0,72.4,main_shelf,wrapped,False,Mumbai,Nov
511,salmon,Protein,2025-03-17,fresh,71,5,5,4,6.6,65.5,main_shelf,container,False,Chennai,Apr
512,salmon,Protein,2025-11-17,fresh,27,5,6,5,5.2,91.7,main_shelf,open,False,Pune,Jun
513,banana,Fruit,2025-11-14,fresh,44,10,6,5,5.6,85.3,door,open,False,Pune,Nov
514,chickpeas,Legume,2025-12-17,fresh,51,180,155,150,4.6,72.4,crisper,wrapped,False,Pune,Aug
515,avocado,Fruit,2025-10-19,spoiled,86,0,0,0,5.2,89.8,counter,wrapped,True,Hyderabad,Oct
516,onion,Vegetable,2025-06-06,moderate,39,3,2,1,7.6,64.2,main_shelf,wrapped,False,Bangalore,Mar
517,blueberry,Fruit,2025-11-15,fresh,37,10,8,6,7.8,64.7,main_shelf,container,False,Pune,Jul
518,avocado,Fruit,2025-01-07,moderate,71,3,2,2,4.0,78.9,counter,original_pack,False,Delhi,Dec
519,spinach,Vegetable,2025-02-16,fresh,7,8,7,5,7.0,69.7,counter,wrapped,False,Mumbai,Jan
520,grape,Fruit,2025-08-07,fresh,48,10,12,13,1.1,60.9,freezer,sealed_bag,False,Pune,Dec
521,peach,Fruit,2025-12-06,fresh,21,10,9,7,8.2,63.2,main_shelf,original_pack,False,Hyderabad,Aug
522,broccoli,Vegetable,2025-01-04,moderate,74,3,3,3,1.6,81.7,crisper,open,False,Hyderabad,Jan
523,lettuce,Vegetable,2025-12-15,moderate,26,3,2,1,7.5,84.1,main_shelf,wrapped,False,Delhi,May
524,walnut,Nut,2025-04-16,fresh,65,365,443,332,9.0,80.1,door,container,False,Delhi,Nov
525,broccoli,Vegetable,2025-10-01,fresh,76,8,11,8,8.2,86.5,main_shelf,wrapped,False,Chennai,Jul
526,spinach,Vegetable,2025-09-04,spoiled,1,0,0,0,6.9,69.6,door,original_pack,False,Kolkata,Apr
527,lentils,Legume,2025-08-07,fresh,88,180,170,151,6.2,67.0,main_shelf,container,False,Bangalore,Sep
528,grape,Fruit,2025-09-19,moderate,3,3,3,2,9.5,68.0,door,wrapped,False,Bangalore,Jun
529,orange,Fruit,2025-08-15,moderate,11,3,2,1,8.2,67.1,counter,container,False,Kolkata,Sep
530,yogurt,Dairy,2025-01-20,fresh,51,14,13,13,3.2,65.6,counter,original_pack,False,Hyderabad,Apr
531,yogurt,Dairy,2025-01-17,fresh,73,14,10,10,3.9,61.0,counter,wrapped,False,Delhi,Jul
532,salmon,Protein,2025-04-12,spoiled,32,0,0,0,9.4,66.9,counter,wrapped,True,Mumbai,Feb
533,pear,Fruit,2025-09-15,spoiled,8,0,0,0,4.5,87.9,crisper,container,True,Mumbai,Jun
534,lettuce,Vegetable,2025-10-02,fresh,27,8,6,5,4.8,91.2,freezer,wrapped,False,Delhi,Aug
535,broccoli,Vegetable,2025-02-14,fresh,10,8,9,8,6.2,81.3,main_shelf,sealed_bag,False,Chennai,Jun
536,strawberry,Fruit,2025-12-11,spoiled,44,0,0,0,6.2,82.2,counter,wrapped,False,Pune,Dec
537,watermelon,Fruit,2025-05-04,moderate,40,3,3,3,1.4,86.5,counter,container,False,Mumbai,Apr
538,kiwi,Fruit,2025-07-01,fresh,12,10,12,11,4.7,83.6,main_shelf,container,False,Delhi,Jun
539,almond,Nut,2025-08-07,fresh,66,365,470,505,2.5,68.5,crisper,open,False,Chennai,Feb
540,pear,Fruit,2025-09-03,spoiled,47,0,0,0,8.7,58.8,counter,open,True,Pune,Feb
541,salmon,Protein,2025-07-12,fresh,4,5,5,4,6.2,62.6,door,original_pack,False,Chennai,Oct
542,mango,Fruit,2025-10-14,moderate,68,3,3,2,6.3,88.3,freezer,open,False,Hyderabad,Jul
543,pasta,Grain,2025-10-05,fresh,76,90,88,80,5.8,80.7,main_shelf,sealed_bag,False,Kolkata,Sep
544,lentils,Legume,2025-12-04,spoiled,76,0,0,0,9.9,55.7,freezer,open,True,Hyderabad,Apr
545,kiwi,Fruit,2025-03-05,spoiled,5,0,0,0,2.8,78.1,counter,original_pack,True,Chennai,Apr
546,milk,Dairy,2025-09-18,spoiled,44,0,0,0,9.4,74.8,freezer,sealed_bag,False,Delhi,Sep
547,apple,Fruit,2025-03-14,fresh,100,10,6,5,7.2,90.9,main_shelf,open,False,Pune,Apr
548,grape,Fruit,2025-07-11,spoiled,62,0,0,0,8.5,92.7,crisper,sealed_bag,True,Hyderabad,Jul
549,grape,Fruit,2025-12-05,spoiled,85,0,0,0,1.7,59.9,main_shelf,container,False,Mumbai,Apr
550,grape,Fruit,2025-08-19,fresh,92,10,8,6,8.9,75.3,main_shelf,open,False,Bangalore,Mar
551,avocado,Fruit,2025-09-17,fresh,89,10,8,6,7.0,79.0,counter,open,False,Kolkata,Jan
552,beef,Protein,2025-09-02,moderate,36,2,2,1,6.1,71.2,door,open,False,Delhi,Mar
553,orange,Fruit,2025-01-17,fresh,15,10,12,9,8.6,86.7,freezer,original_pack,False,Kolkata,Feb
554,tofu,Protein,2025-07-02,spoiled,69,0,0,0,3.3,84.9,crisper,container,True,Chennai,May
555,strawberry,Fruit,2025-06-09,spoiled,35,0,0,0,3.1,72.0,counter,original_pack,True,Bangalore,Jan
556,beef,Protein,2025-09-02,moderate,52,2,2,2,4.0,91.3,main_shelf,wrapped,False,Delhi,Jun
557,corn,Vegetable,2025-06-19,fresh,83,8,8,6,7.2,80.5,crisper,wrapped,False,Delhi,Mar
558,salmon,Protein,2025-01-10,spoiled,79,0,0,0,2.3,79.7,door,wrapped,False,Pune,Aug
559,mushroom,Vegetable,2025-05-15,fresh,51,8,10,8,7.1,80.1,freezer,container,False,Chennai,Oct
560,onion,Vegetable,2025-08-05,fresh,67,8,5,3,9.4,93.7,freezer,open,False,Bangalore,May
561,oats,Grain,2025-03-13,moderate,16,30,39,39,3.9,91.3,counter,wrapped,False,Bangalore,Feb
562,pineapple,Fruit,2025-07-01,moderate,98,3,2,1,7.9,76.6,main_shelf,original_pack,False,Hyderabad,Sep
563,lemon,Fruit,2025-11-14,fresh,61,10,13,9,8.9,78.8,crisper,open,False,Bangalore,Jun
564,potato,Vegetable,2025-01-06,fresh,8,8,7,6,5.4,82.4,door,wrapped,False,Mumbai,Apr
565,orange,Fruit,2025-04-11,moderate,19,3,2,2,2.3,62.2,door,wrapped,False,Kolkata,Jan
566,apple,Fruit,2025-10-13,moderate,8,3,3,2,5.7,79.8,freezer,sealed_bag,False,Chennai,Jun
567,grape,Fruit,2025-04-11,fresh,25,10,7,6,6.6,91.3,crisper,sealed_bag,False,Pune,Feb
568,yogurt,Dairy,2025-10-08,fresh,36,14,18,20,1.1,79.5,main_shelf,sealed_bag,False,Mumbai,Mar
569,chickpeas,Legume,2025-10-09,moderate,33,60,41,36,6.4,90.3,main_shelf,open,False,Kolkata,May
570,tofu,Protein,2025-09-16,moderate,65,2,1,0,8.8,87.3,main_shelf,original_pack,False,Pune,Apr
571,oats,Grain,2025-09-05,spoiled,88,0,0,0,8.5,78.7,door,open,False,Chennai,Feb
572,mushroom,Vegetable,2025-10-17,spoiled,10,0,0,0,1.8,74.7,counter,open,False,Chennai,Nov
573,chicken,Protein,2025-08-17,fresh,98,5,6,6,2.5,71.3,counter,wrapped,False,Kolkata,Apr
574,oats,Grain,2025-06-05,fresh,53,90,90,85,5.1,66.3,main_shelf,original_pack,False,Hyderabad,Sep
575,cream,Dairy,2025-03-11,fresh,39,14,16,11,9.9,88.0,door,sealed_bag,False,Mumbai,Nov
576,cucumber,Vegetable,2025-11-18,fresh,96,8,5,3,9.1,93.8,main_shelf,container,False,Chennai,Jun
577,strawberry,Fruit,2025-09-06,spoiled,65,0,0,0,4.3,77.2,freezer,sealed_bag,True,Delhi,Aug
578,corn,Vegetable,2025-03-18,fresh,69,8,7,6,4.4,56.8,freezer,original_pack,False,Delhi,Dec
579,tofu,Protein,2025-11-16,spoiled,40,0,0,0,7.5,60.2,main_shelf,open,False,Kolkata,Apr
580,lentils,Legume,2025-12-05,spoiled,50,0,0,0,6.4,59.1,main_shelf,open,False,Chennai,Aug
581,spinach,Vegetable,2025-04-01,moderate,81,3,4,4,3.3,93.2,crisper,open,False,Kolkata,Jul
582,orange,Fruit,2025-10-13,fresh,39,10,8,8,2.3,86.5,door,wrapped,False,Delhi,May
583,kiwi,Fruit,2025-02-12,fresh,29,10,10,8,6.5,74.2,main_shelf,sealed_bag,False,Delhi,Oct
584,zucchini,Vegetable,2025-01-02,fresh,95,8,7,6,6.5,56.1,main_shelf,original_pack,False,Mumbai,May
585,lettuce,Vegetable,2025-06-18,moderate,91,3,2,1,7.7,76.7,freezer,open,False,Pune,Sep
586,butter,Dairy,2025-12-05,moderate,14,4,5,4,5.3,71.1,door,container,False,Hyderabad,Mar
587,cheese,Dairy,2025-09-05,moderate,62,4,3,2,4.9,91.7,door,container,False,Kolkata,Jan
588,kiwi,Fruit,2025-06-09,fresh,71,10,7,7,2.7,89.8,crisper,wrapped,False,Chennai,May
589,zucchini,Vegetable,2025-12-17,fresh,27,8,5,5,3.8,92.7,freezer,container,False,Bangalore,May
590,cauliflower,Vegetable,2025-04-13,fresh,49,8,10,10,3.3,73.4,freezer,original_pack,False,Bangalore,Jan
591,apple,Fruit,2025-09-05,moderate,15,3,2,1,9.7,60.6,main_shelf,container,False,Mumbai,Feb
592,beef,Protein,2025-09-06,spoiled,61,0,0,0,8.7,71.6,counter,original_pack,False,Mumbai,Jul
593,carrot,Vegetable,2025-05-12,moderate,82,3,2,2,2.9,89.0,counter,wrapped,False,Hyderabad,Mar
594,pasta,Grain,2025-01-09,moderate,69,30,39,37,4.6,93.7,door,sealed_bag,False,Chennai,Mar
595,cherry,Fruit,2025-12-09,fresh,74,10,13,13,2.9,68.6,counter,open,False,Chennai,Sep
596,pasta,Grain,2025-05-06,fresh,15,90,115,109,4.9,58.9,crisper,wrapped,False,Pune,Apr
597,cauliflower,Vegetable,2025-09-08,moderate,48,3,2,1,7.8,55.8,door,container,False,Chennai,Feb
598,tofu,Protein,2025-09-12,fresh,73,5,4,3,4.1,69.5,door,sealed_bag,False,Chennai,Oct
599,tomato,Vegetable,2025-07-07,fresh,88,8,9,6,9.3,63.3,freezer,original_pack,False,Hyderabad,Aug
600,pear,Fruit,2025-06-19,fresh,26,10,9,8,5.7,74.0,door,container,False,Bangalore,Feb
601,kiwi,Fruit,2025-02-19,spoiled,44,0,0,0,5.4,94.9,main_shelf,container,True,Hyderabad,Nov
602,cream,Dairy,2025-04-07,moderate,77,4,2,1,8.1,89.2,counter,open,False,Pune,Aug
603,corn,Vegetable,2025-04-20,fresh,13,8,10,11,1.3,58.0,door,original_pack,False,Hyderabad,Jan
604,lettuce,Vegetable,2025-10-06,fresh,97,8,9,8,4.7,65.0,crisper,original_pack,False,Hyderabad,Oct
605,apple,Fruit,2025-07-09,fresh,58,10,12,10,5.7,70.8,counter,open,False,Delhi,Nov
606,pasta,Grain,2025-04-17,moderate,84,30,40,39,4.1,91.2,crisper,wrapped,False,Bangalore,Oct
607,chicken,Protein,2025-01-19,fresh,86,5,5,4,4.5,62.3,freezer,open,False,Chennai,Mar
608,walnut,Nut,2025-01-12,fresh,65,365,271,275,3.7,82.0,freezer,container,False,Hyderabad,Aug
609,peach,Fruit,2025-11-12,spoiled,46,0,0,0,6.6,73.8,freezer,container,True,Kolkata,Aug
610,cauliflower,Vegetable,2025-02-15,fresh,86,8,5,5,4.0,82.1,freezer,sealed_bag,False,Pune,Mar
611,chickpeas,Legume,2025-09-11,spoiled,52,0,0,0,8.4,78.4,counter,container,False,Kolkata,Nov
612,oats,Grain,2025-06-20,moderate,60,30,36,40,1.3,85.2,main_shelf,original_pack,False,Hyderabad,Jul
613,milk,Dairy,2025-04-07,spoiled,52,0,0,0,8.5,66.7,door,original_pack,False,Chennai,Mar
614,potato,Vegetable,2025-06-20,fresh,50,8,7,5,8.6,81.3,door,original_pack,False,Hyderabad,Aug
615,rice,Grain,2025-05-15,moderate,95,30,27,27,3.3,78.3,crisper,original_pack,False,Delhi,Nov
616,almond,Nut,2025-11-02,fresh,91,365,468,346,9.2,89.5,main_shelf,original_pack,False,Chennai,Jun
617,tomato,Vegetable,2025-05-17,fresh,78,8,5,4,6.8,77.4,freezer,original_pack,False,Mumbai,Nov
618,tuna,Protein,2025-06-09,fresh,70,5,6,6,3.1,87.2,crisper,wrapped,False,Hyderabad,Jan
619,garlic,Vegetable,2025-07-19,fresh,24,8,6,4,7.6,69.9,main_shelf,container,False,Chennai,Apr
620,peas,Vegetable,2025-05-01,moderate,60,3,2,1,7.7,56.7,main_shelf,wrapped,False,Mumbai,Jan
621,broccoli,Vegetable,2025-12-09,fresh,3,8,4,3,8.9,63.7,door,open,False,Chennai,Dec
622,blueberry,Fruit,2025-10-14,fresh,26,10,10,7,8.8,73.1,main_shelf,original_pack,False,Bangalore,Aug
623,broccoli,Vegetable,2025-07-14,moderate,95,3,2,1,9.9,86.5,crisper,sealed_bag,False,Mumbai,Mar
624,cheese,Dairy,2025-06-20,fresh,18,14,17,14,6.6,65.6,crisper,container,False,Delhi,Feb
625,grape,Fruit,2025-08-18,spoiled,14,0,0,0,6.7,72.4,counter,original_pack,True,Delhi,Sep
626,carrot,Vegetable,2025-09-07,moderate,30,3,2,1,6.1,73.8,crisper,wrapped,False,Chennai,May
627,carrot,Vegetable,2025-12-16,fresh,67,8,6,4,8.8,69.8,counter,sealed_bag,False,Kolkata,Jun
628,banana,Fruit,2025-11-06,spoiled,52,0,0,0,7.0,85.7,crisper,sealed_bag,False,Chennai,Dec
629,corn,Vegetable,2025-08-03,spoiled,81,0,0,0,4.9,73.8,counter,open,False,Hyderabad,Mar
630,tomato,Vegetable,2025-02-05,spoiled,24,0,0,0,1.9,63.7,freezer,wrapped,True,Hyderabad,Nov
631,beef,Protein,2025-04-08,moderate,63,2,1,0,7.0,83.0,freezer,container,False,Bangalore,Jan
632,bell_pepper,Vegetable,2025-02-02,spoiled,80,0,0,0,9.8,74.6,freezer,original_pack,True,Chennai,Jul
633,broccoli,Vegetable,2025-09-10,fresh,56,8,5,4,5.1,63.2,counter,original_pack,False,Hyderabad,Apr
634,apple,Fruit,2025-07-11,fresh,84,10,10,8,7.9,73.5,door,open,False,Kolkata,May
635,carrot,Vegetable,2025-04-04,moderate,57,3,2,1,5.6,79.6,counter,container,False,Mumbai,Nov
636,potato,Vegetable,2025-08-17,spoiled,41,0,0,0,7.7,58.3,counter,container,False,Delhi,May
637,strawberry,Fruit,2025-10-07,moderate,3,3,3,2,9.1,94.9,main_shelf,sealed_bag,False,Pune,Jan
638,cauliflower,Vegetable,2025-06-05,moderate,54,3,2,2,1.0,83.5,counter,container,False,Kolkata,Jan
639,pineapple,Fruit,2025-03-20,moderate,76,3,2,1,8.5,81.0,counter,wrapped,False,Bangalore,Apr
640,avocado,Fruit,2025-06-13,fresh,45,10,10,7,9.0,91.4,door,open,False,Mumbai,Jan
641,zucchini,Vegetable,2025-01-06,moderate,87,3,3,2,8.2,66.0,freezer,sealed_bag,False,Mumbai,Jan
642,pineapple,Fruit,2025-09-11,fresh,0,10,13,11,6.5,63.6,crisper,original_pack,False,Mumbai,Apr
643,orange,Fruit,2025-12-13,moderate,66,3,3,2,7.3,85.3,main_shelf,open,False,Delhi,Sep
644,pineapple,Fruit,2025-06-10,moderate,67,3,1,1,3.1,93.7,door,wrapped,False,Mumbai,Sep
645,onion,Vegetable,2025-10-17,fresh,95,8,10,8,6.4,90.4,main_shelf,original_pack,False,Kolkata,Dec
646,bell_pepper,Vegetable,2025-02-18,moderate,20,3,2,1,5.7,59.2,freezer,sealed_bag,False,Kolkata,Nov
647,cherry,Fruit,2025-03-19,moderate,45,3,3,2,4.9,66.0,crisper,container,False,Delhi,Mar
648,garlic,Vegetable,2025-09-03,fresh,43,8,7,6,4.8,76.1,door,container,False,Chennai,Apr
649,grape,Fruit,2025-10-11,spoiled,38,0,0,0,4.8,84.1,door,container,True,Chennai,Nov
650,bell_pepper,Vegetable,2025-10-04,fresh,91,8,9,9,3.6,77.2,door,open,False,Hyderabad,Oct
651,lemon,Fruit,2025-06-01,moderate,56,3,2,1,7.4,56.6,freezer,container,False,Delhi,Jun
652,onion,Vegetable,2025-06-17,moderate,65,3,3,2,9.4,69.7,crisper,open,False,Hyderabad,Dec
653,lemon,Fruit,2025-08-16,moderate,63,3,2,1,8.0,67.0,door,original_pack,False,Hyderabad,Mar
654,garlic,Vegetable,2025-03-10,fresh,94,8,9,9,2.1,75.6,counter,sealed_bag,False,Bangalore,Oct
655,milk,Dairy,2025-06-12,moderate,76,4,2,2,1.6,66.4,door,container,False,Kolkata,May
656,chicken,Protein,2025-02-14,moderate,54,2,1,0,9.1,91.9,main_shelf,sealed_bag,False,Pune,Oct
657,bell_pepper,Vegetable,2025-06-19,moderate,28,3,3,2,5.4,61.2,door,open,False,Mumbai,Aug
658,mushroom,Vegetable,2025-02-05,fresh,99,8,8,6,8.1,70.0,main_shelf,wrapped,False,Mumbai,Nov
659,milk,Dairy,2025-06-04,fresh,88,14,10,11,1.6,66.3,main_shelf,original_pack,False,Chennai,Aug
660,bread,Grain,2025-09-08,spoiled,37,0,0,0,3.5,69.6,door,original_pack,False,Delhi,Jun
661,mushroom,Vegetable,2025-11-07,spoiled,26,0,0,0,4.8,77.3,door,wrapped,False,Kolkata,Jul
662,peas,Vegetable,2025-01-10,moderate,95,3,3,2,8.0,69.2,counter,open,False,Chennai,Sep
663,peas,Vegetable,2025-06-11,moderate,87,3,1,1,2.8,73.9,freezer,container,False,Delhi,Mar
664,orange,Fruit,2025-09-13,moderate,5,3,3,2,6.2,63.9,counter,sealed_bag,False,Kolkata,Feb
665,pasta,Grain,2025-09-17,moderate,69,30,18,16,6.2,93.5,door,open,False,Chennai,Jan
666,garlic,Vegetable,2025-02-12,fresh,26,8,9,9,2.8,58.1,main_shelf,open,False,Mumbai,Jul
667,spinach,Vegetable,2025-04-07,fresh,73,8,8,8,2.7,82.1,freezer,sealed_bag,False,Bangalore,Oct
668,strawberry,Fruit,2025-09-15,fresh,66,10,6,5,7.0,64.4,main_shelf,open,False,Hyderabad,Sep
669,tuna,Protein,2025-02-14,fresh,98,5,4,2,9.6,73.0,freezer,wrapped,False,Bangalore,Apr
670,almond,Nut,2025-09-08,spoiled,38,0,0,0,8.2,84.6,counter,open,True,Mumbai,Dec
671,olive_oil,Oil,2025-07-10,fresh,35,365,304,311,3.5,84.1,crisper,original_pack,False,Bangalore,Nov
672,egg,Protein,2025-07-14,fresh,30,5,5,5,2.5,74.8,freezer,container,False,Kolkata,Nov
673,cucumber,Vegetable,2025-05-09,moderate,78,3,3,2,5.9,72.7,counter,sealed_bag,False,Delhi,Jul
674,butter,Dairy,2025-10-07,fresh,72,14,9,6,9.4,65.3,counter,original_pack,False,Mumbai,Feb
675,cucumber,Vegetable,2025-10-09,fresh,1,8,7,7,3.8,60.8,main_shelf,wrapped,False,Kolkata,Oct
676,walnut,Nut,2025-10-13,fresh,49,365,381,340,6.1,70.0,freezer,container,False,Chennai,Feb
677,pasta,Grain,2025-03-08,spoiled,85,0,0,0,2.3,86.3,main_shelf,original_pack,True,Bangalore,Mar
678,pear,Fruit,2025-09-09,spoiled,6,0,0,0,2.9,74.4,freezer,open,True,Bangalore,Aug
679,lettuce,Vegetable,2025-04-02,moderate,33,3,4,2,9.7,74.8,door,original_pack,False,Hyderabad,Jul
680,oats,Grain,2025-07-12,spoiled,58,0,0,0,7.1,73.0,counter,wrapped,True,Chennai,Jan
681,onion,Vegetable,2025-12-16,fresh,83,8,10,10,2.2,70.8,freezer,original_pack,False,Pune,May
682,salmon,Protein,2025-01-12,fresh,52,5,6,4,9.2,61.6,crisper,original_pack,False,Bangalore,Jun
683,cherry,Fruit,2025-03-03,spoiled,87,0,0,0,2.6,57.5,counter,wrapped,True,Bangalore,Dec
684,mango,Fruit,2025-10-03,spoiled,73,0,0,0,3.2,58.3,counter,original_pack,False,Pune,Jan
685,bell_pepper,Vegetable,2025-09-11,fresh,6,8,8,8,3.1,67.7,counter,open,False,Pune,May
686,cherry,Fruit,2025-08-14,spoiled,52,0,0,0,7.4,75.0,main_shelf,sealed_bag,False,Pune,Oct
687,tofu,Protein,2025-02-01,moderate,51,2,2,2,2.2,63.2,crisper,container,False,Hyderabad,Feb
688,almond,Nut,2025-02-17,spoiled,34,0,0,0,4.3,60.1,door,wrapped,False,Pune,May
689,beef,Protein,2025-03-16,spoiled,2,0,0,0,6.6,55.8,main_shelf,original_pack,False,Bangalore,Feb
690,pineapple,Fruit,2025-04-02,spoiled,39,0,0,0,9.1,75.2,crisper,wrapped,True,Pune,Dec
691,garlic,Vegetable,2025-03-05,fresh,13,8,5,5,1.7,78.8,freezer,container,False,Hyderabad,Aug
692,spinach,Vegetable,2025-08-08,fresh,19,8,10,7,8.4,59.4,crisper,original_pack,False,Mumbai,Feb
693,tuna,Protein,2025-07-14,fresh,44,5,4,3,8.2,62.2,freezer,open,False,Mumbai,Apr
694,cherry,Fruit,2025-01-14,fresh,97,10,13,9,9.7,68.6,main_shelf,original_pack,False,Bangalore,Jun
695,bell_pepper,Vegetable,2025-11-08,fresh,51,8,7,5,9.5,90.8,freezer,open,False,Mumbai,Aug
696,chickpeas,Legume,2025-12-14,fresh,70,180,109,81,9.0,69.2,freezer,open,False,Bangalore,Oct
697,apple,Fruit,2025-02-17,fresh,11,10,13,10,8.0,93.9,freezer,wrapped,False,Kolkata,Dec
698,salmon,Protein,2025-04-19,fresh,29,5,3,3,3.2,87.0,main_shelf,open,False,Pune,Jun
699,broccoli,Vegetable,2025-07-11,moderate,60,3,3,2,7.3,93.7,crisper,wrapped,False,Hyderabad,May
700,cherry,Fruit,2025-05-06,fresh,50,10,6,5,5.8,56.3,door,wrapped,False,Pune,Sep
701,bell_pepper,Vegetable,2025-03-02,moderate,38,3,3,2,7.7,77.9,crisper,open,False,Delhi,Dec
702,lettuce,Vegetable,2025-04-07,moderate,36,3,1,1,3.8,57.0,freezer,original_pack,False,Pune,Apr
703,avocado,Fruit,2025-12-12,spoiled,89,0,0,0,3.1,67.6,door,sealed_bag,True,Kolkata,Jan
704,apple,Fruit,2025-05-08,moderate,57,3,3,3,3.5,71.2,freezer,open,False,Pune,Nov
705,blueberry,Fruit,2025-08-02,fresh,14,10,9,6,8.5,84.9,main_shelf,original_pack,False,Pune,Dec
706,tuna,Protein,2025-04-19,fresh,95,5,6,4,8.5,64.0,freezer,open,False,Bangalore,Nov
707,cream,Dairy,2025-06-02,fresh,45,14,14,13,5.1,79.2,counter,open,False,Bangalore,Dec
708,tomato,Vegetable,2025-02-02,spoiled,87,0,0,0,3.2,85.5,door,original_pack,False,Hyderabad,Feb
709,olive_oil,Oil,2025-02-16,fresh,75,365,443,471,2.7,83.7,main_shelf,wrapped,False,Delhi,Nov
710,cheese,Dairy,2025-01-13,fresh,44,14,15,11,8.3,83.9,door,original_pack,False,Kolkata,Mar
711,almond,Nut,2025-11-16,fresh,48,365,278,214,8.6,73.7,door,open,False,Hyderabad,May
712,corn,Vegetable,2025-07-05,fresh,83,8,4,3,5.8,80.9,main_shelf,wrapped,False,Chennai,Oct
713,pasta,Grain,2025-11-13,spoiled,100,0,0,0,7.8,94.1,crisper,open,True,Hyderabad,Jan
714,almond,Nut,2025-07-01,fresh,75,365,508,381,9.0,86.5,crisper,container,False,Delhi,Oct
715,apple,Fruit,2025-04-05,spoiled,63,0,0,0,5.2,57.0,freezer,sealed_bag,True,Delhi,Nov
716,pasta,Grain,2025-01-03,moderate,35,30,29,22,8.4,89.0,counter,wrapped,False,Mumbai,Dec
717,potato,Vegetable,2025-07-20,moderate,51,3,3,3,1.9,77.5,door,wrapped,False,Chennai,Aug
718,zucchini,Vegetable,2025-10-04,fresh,75,8,6,5,6.4,70.6,main_shelf,sealed_bag,False,Chennai,Jun
719,pineapple,Fruit,2025-10-15,spoiled,36,0,0,0,3.2,92.1,counter,container,True,Chennai,Jan
720,cheese,Dairy,2025-12-17,fresh,53,14,13,10,7.7,90.2,freezer,sealed_bag,False,Delhi,Sep
721,pineapple,Fruit,2025-09-15,moderate,36,3,3,2,5.4,74.9,freezer,wrapped,False,Hyderabad,Apr
722,garlic,Vegetable,2025-06-18,spoiled,39,0,0,0,6.6,82.1,main_shelf,container,True,Bangalore,Oct
723,beef,Protein,2025-01-03,moderate,78,2,2,2,2.6,60.8,main_shelf,open,False,Pune,Jul
724,carrot,Vegetable,2025-02-19,fresh,11,8,8,8,2.3,87.4,counter,wrapped,False,Hyderabad,Oct
725,cherry,Fruit,2025-04-18,fresh,61,10,7,7,1.3,80.1,counter,sealed_bag,False,Chennai,Jun
726,rice,Grain,2025-08-12,fresh,29,90,63,49,8.2,83.9,main_shelf,original_pack,False,Kolkata,Jun
727,pear,Fruit,2025-09-16,fresh,32,10,7,7,2.2,82.0,freezer,container,False,Chennai,Feb
728,pear,Fruit,2025-05-12,moderate,15,3,2,1,8.7,78.6,freezer,sealed_bag,False,Hyderabad,Mar
729,lemon,Fruit,2025-07-11,fresh,1,10,7,6,5.0,73.4,main_shelf,container,False,Pune,May
730,oats,Grain,2025-11-02,moderate,40,30,38,37,4.4,85.3,door,wrapped,False,Pune,Nov
731,cheese,Dairy,2025-04-03,moderate,16,4,4,3,6.1,73.3,door,sealed_bag,False,Delhi,Nov
732,cucumber,Vegetable,2025-12-11,fresh,63,8,6,4,9.3,58.1,door,open,False,Kolkata,Oct
733,blueberry,Fruit,2025-01-07,spoiled,48,0,0,0,1.5,65.9,counter,original_pack,True,Delhi,Jul
734,pear,Fruit,2025-09-13,spoiled,58,0,0,0,2.8,59.0,crisper,container,True,Delhi,Jan
735,corn,Vegetable,2025-05-09,moderate,13,3,2,1,8.0,78.2,crisper,open,False,Chennai,May
736,blueberry,Fruit,2025-04-12,spoiled,35,0,0,0,6.3,65.4,counter,sealed_bag,True,Chennai,Feb
737,butter,Dairy,2025-10-20,moderate,82,4,4,3,8.9,79.6,crisper,sealed_bag,False,Mumbai,Nov
738,beef,Protein,2025-05-17,fresh,81,5,4,2,9.6,63.4,crisper,open,False,Chennai,Jun
739,lentils,Legume,2025-01-03,fresh,52,180,231,234,3.7,69.8,door,sealed_bag,False,Bangalore,Mar
740,lettuce,Vegetable,2025-03-01,spoiled,22,0,0,0,3.9,71.6,crisper,sealed_bag,True,Delhi,Jul
741,tuna,Protein,2025-01-16,moderate,10,2,1,0,7.0,77.8,freezer,sealed_bag,False,Pune,May
742,avocado,Fruit,2025-10-11,fresh,33,10,9,10,1.6,93.1,freezer,open,False,Pune,Nov
743,grape,Fruit,2025-02-02,fresh,56,10,12,12,3.2,77.8,counter,original_pack,False,Chennai,Jul
744,cherry,Fruit,2025-12-06,fresh,0,10,6,5,6.7,84.5,main_shelf,sealed_bag,False,Delhi,Nov
745,mango,Fruit,2025-10-11,fresh,55,10,9,8,4.4,56.7,door,open,False,Hyderabad,Dec
746,bell_pepper,Vegetable,2025-06-01,fresh,17,8,6,5,7.1,72.4,counter,original_pack,False,Hyderabad,Feb
747,bell_pepper,Vegetable,2025-08-20,spoiled,12,0,0,0,8.9,77.1,door,wrapped,True,Hyderabad,Jan
748,lentils,Legume,2025-02-19,fresh,14,180,214,217,3.7,62.1,crisper,original_pack,False,Mumbai,Oct
749,beef,Protein,2025-01-03,spoiled,27,0,0,0,2.0,59.4,counter,original_pack,False,Bangalore,Oct
750,beef,Protein,2025-03-01,fresh,15,5,3,2,8.7,71.5,main_shelf,open,False,Chennai,Aug
751,lettuce,Vegetable,2025-05-10,spoiled,55,0,0,0,6.6,75.2,counter,container,True,Hyderabad,Jul
752,corn,Vegetable,2025-08-06,fresh,76,8,6,6,1.7,76.7,crisper,sealed_bag,False,Pune,Jul
753,cauliflower,Vegetable,2025-07-10,spoiled,34,0,0,0,6.5,59.1,counter,open,False,Delhi,Apr
754,blueberry,Fruit,2025-04-02,moderate,66,3,3,3,1.2,58.8,door,sealed_bag,False,Mumbai,Feb
755,onion,Vegetable,2025-04-10,fresh,23,8,10,8,7.9,90.5,counter,original_pack,False,Pune,Jan
756,chickpeas,Legume,2025-07-06,fresh,50,180,234,176,8.9,91.8,freezer,open,False,Pune,Apr
757,olive_oil,Oil,2025-05-06,fresh,30,365,509,514,3.8,92.5,counter,wrapped,False,Bangalore,Jan
758,zucchini,Vegetable,2025-12-07,fresh,83,8,4,3,8.0,79.8,counter,container,False,Bangalore,Nov
759,lentils,Legume,2025-01-18,spoiled,89,0,0,0,4.6,73.8,freezer,wrapped,False,Chennai,Jan
760,zucchini,Vegetable,2025-01-08,moderate,27,3,2,2,3.6,82.5,crisper,original_pack,False,Kolkata,Feb
761,banana,Fruit,2025-08-05,moderate,36,3,3,2,7.8,83.6,freezer,sealed_bag,False,Delhi,May
762,pear,Fruit,2025-11-18,fresh,75,10,8,8,1.6,84.8,main_shelf,container,False,Mumbai,Aug
763,mushroom,Vegetable,2025-09-11,moderate,89,3,4,3,7.4,64.4,main_shelf,sealed_bag,False,Hyderabad,Nov
764,mango,Fruit,2025-07-07,spoiled,85,0,0,0,9.4,78.1,main_shelf,wrapped,True,Bangalore,Sep
765,banana,Fruit,2025-11-08,fresh,45,10,13,9,9.3,66.0,freezer,sealed_bag,False,Chennai,Sep
766,tuna,Protein,2025-07-19,moderate,75,2,2,2,1.6,58.2,main_shelf,open,False,Pune,Apr
767,cucumber,Vegetable,2025-08-01,fresh,63,8,9,7,7.5,68.8,freezer,original_pack,False,Chennai,Dec
768,egg,Protein,2025-10-20,moderate,78,2,2,2,3.7,66.3,freezer,sealed_bag,False,Kolkata,Jun
769,cauliflower,Vegetable,2025-02-08,fresh,69,8,7,5,9.6,60.0,crisper,original_pack,False,Hyderabad,Jun
770,watermelon,Fruit,2025-05-06,moderate,20,3,3,2,6.0,84.6,door,container,False,Delhi,Jun
771,mango,Fruit,2025-06-20,fresh,8,10,12,12,2.7,56.4,door,original_pack,False,Chennai,Oct
772,peas,Vegetable,2025-02-01,fresh,76,8,9,9,2.0,84.9,freezer,wrapped,False,Delhi,Jun
773,mango,Fruit,2025-07-12,moderate,93,3,4,3,8.3,72.2,counter,open,False,Kolkata,Jun
774,chickpeas,Legume,2025-03-05,fresh,30,180,117,122,3.1,90.3,door,sealed_bag,False,Bangalore,Dec
775,cheese,Dairy,2025-01-07,spoiled,86,0,0,0,5.2,93.4,main_shelf,sealed_bag,False,Hyderabad,Feb
776,lemon,Fruit,2025-10-19,moderate,96,3,2,1,9.0,89.9,main_shelf,original_pack,False,Kolkata,May
777,oats,Grain,2025-02-03,fresh,20,90,103,83,7.7,90.1,freezer,original_pack,False,Hyderabad,Jul
778,tomato,Vegetable,2025-05-20,moderate,26,3,2,1,8.4,57.8,main_shelf,open,False,Chennai,Sep
779,yogurt,Dairy,2025-06-19,fresh,33,14,19,21,1.5,72.3,crisper,open,False,Mumbai,Sep
780,mango,Fruit,2025-06-03,moderate,86,3,1,0,7.3,66.9,crisper,open,False,Mumbai,Feb
781,yogurt,Dairy,2025-08-02,fresh,17,14,9,9,3.3,76.8,counter,original_pack,False,Bangalore,Feb
782,mushroom,Vegetable,2025-04-06,moderate,97,3,2,1,5.0,86.7,crisper,original_pack,False,Hyderabad,Oct
783,chicken,Protein,2025-01-09,fresh,24,5,6,6,1.1,81.6,door,wrapped,False,Delhi,Apr
784,chickpeas,Legume,2025-02-02,fresh,2,180,151,166,1.9,71.5,door,wrapped,False,Chennai,Feb
785,apple,Fruit,2025-06-15,moderate,73,3,2,2,2.1,68.4,door,sealed_bag,False,Chennai,Dec
786,milk,Dairy,2025-04-20,moderate,45,4,5,4,7.2,60.1,freezer,wrapped,False,Mumbai,Nov
787,orange,Fruit,2025-10-18,fresh,74,10,12,13,1.7,75.9,counter,wrapped,False,Pune,Sep
788,cauliflower,Vegetable,2025-02-07,fresh,64,8,7,6,4.9,69.8,freezer,wrapped,False,Pune,Feb
789,lemon,Fruit,2025-04-20,moderate,58,3,3,3,1.8,93.8,main_shelf,open,False,Delhi,Sep
790,milk,Dairy,2025-06-17,fresh,52,14,11,12,2.1,65.1,counter,open,False,Pune,Dec
791,cauliflower,Vegetable,2025-11-01,spoiled,63,0,0,0,2.0,77.2,counter,wrapped,False,Pune,Nov
792,strawberry,Fruit,2025-06-17,fresh,42,10,11,12,2.0,90.1,counter,sealed_bag,False,Hyderabad,Feb
793,olive_oil,Oil,2025-03-02,spoiled,46,0,0,0,3.1,70.7,door,original_pack,False,Kolkata,Apr
794,beef,Protein,2025-07-08,fresh,66,5,3,2,6.1,65.1,door,wrapped,False,Bangalore,Jan
795,lemon,Fruit,2025-06-07,spoiled,58,0,0,0,9.7,58.0,counter,original_pack,True,Pune,Jun
796,onion,Vegetable,2025-06-09,moderate,36,3,2,2,4.0,63.8,crisper,wrapped,False,Kolkata,Sep
797,lentils,Legume,2025-09-18,moderate,75,60,55,51,5.2,93.7,main_shelf,sealed_bag,False,Kolkata,Feb
798,walnut,Nut,2025-11-01,spoiled,35,0,0,0,5.1,60.6,crisper,container,True,Kolkata,Feb
799,pineapple,Fruit,2025-11-16,moderate,68,3,2,2,2.0,72.7,crisper,original_pack,False,Chennai,Jan
800,tofu,Protein,2025-07-09,spoiled,34,0,0,0,4.7,58.3,main_shelf,wrapped,True,Delhi,May
801,cheese,Dairy,2025-02-01,fresh,15,14,11,9,5.9,73.8,counter,wrapped,False,Bangalore,Jan
802,avocado,Fruit,2025-11-10,fresh,28,10,8,6,8.0,82.7,crisper,wrapped,False,Mumbai,Mar
803,lettuce,Vegetable,2025-10-16,spoiled,84,0,0,0,8.0,77.7,door,container,False,Pune,Jan
804,walnut,Nut,2025-09-04,fresh,59,365,445,460,3.3,93.4,freezer,container,False,Hyderabad,Dec
805,yogurt,Dairy,2025-03-10,spoiled,59,0,0,0,3.4,88.7,crisper,original_pack,False,Chennai,Feb
806,oats,Grain,2025-04-05,fresh,31,90,60,57,4.8,94.1,crisper,original_pack,False,Delhi,Dec
807,potato,Vegetable,2025-06-20,spoiled,10,0,0,0,8.1,61.6,freezer,open,True,Delhi,Apr
808,walnut,Nut,2025-07-16,fresh,37,365,276,212,8.6,69.2,crisper,original_pack,False,Mumbai,Jul
809,lemon,Fruit,2025-02-11,fresh,33,10,13,11,7.0,63.2,crisper,open,False,Chennai,Oct
810,banana,Fruit,2025-12-13,moderate,83,3,1,1,1.1,59.1,counter,sealed_bag,False,Chennai,Jan
811,garlic,Vegetable,2025-03-14,spoiled,100,0,0,0,9.8,67.4,freezer,sealed_bag,False,Delhi,Apr
812,egg,Protein,2025-07-04,fresh,87,5,3,2,8.0,59.8,door,container,False,Hyderabad,Dec
813,tuna,Protein,2025-09-09,fresh,42,5,5,4,4.7,83.1,door,sealed_bag,False,Bangalore,Jun
814,cream,Dairy,2025-06-02,spoiled,68,0,0,0,2.1,80.6,crisper,original_pack,False,Hyderabad,Nov
815,lettuce,Vegetable,2025-09-12,spoiled,75,0,0,0,2.7,62.8,main_shelf,original_pack,True,Pune,Apr
816,pasta,Grain,2025-09-01,moderate,43,30,33,24,8.9,61.9,crisper,wrapped,False,Delhi,Jan
817,cheese,Dairy,2025-11-15,moderate,27,4,4,3,6.3,90.3,door,original_pack,False,Kolkata,May
818,lemon,Fruit,2025-08-09,fresh,36,10,8,6,7.3,74.7,door,container,False,Bangalore,May
819,beef,Protein,2025-07-01,fresh,49,5,4,4,3.5,57.1,counter,container,False,Kolkata,Sep
820,lemon,Fruit,2025-08-12,fresh,46,10,10,10,2.1,84.7,main_shelf,wrapped,False,Bangalore,Oct
821,avocado,Fruit,2025-05-13,moderate,2,3,3,2,6.1,91.1,counter,open,False,Mumbai,Feb
822,banana,Fruit,2025-05-12,spoiled,93,0,0,0,5.2,89.4,main_shelf,container,True,Chennai,Jul
823,grape,Fruit,2025-03-09,moderate,59,3,4,3,8.7,87.6,crisper,wrapped,False,Hyderabad,Mar
824,corn,Vegetable,2025-12-16,spoiled,37,0,0,0,9.4,86.8,main_shelf,open,False,Kolkata,Jan
825,kiwi,Fruit,2025-12-19,fresh,38,10,6,4,8.4,85.0,main_shelf,container,False,Hyderabad,Sep
826,carrot,Vegetable,2025-03-08,spoiled,54,0,0,0,5.1,77.9,crisper,wrapped,True,Delhi,Oct
827,peas,Vegetable,2025-12-12,moderate,91,3,2,1,8.2,79.2,counter,original_pack,False,Kolkata,Aug
828,chickpeas,Legume,2025-02-16,moderate,90,60,41,38,5.0,62.7,door,sealed_bag,False,Bangalore,Dec
829,mango,Fruit,2025-01-06,moderate,27,3,2,2,2.3,82.3,counter,sealed_bag,False,Bangalore,Nov
830,lemon,Fruit,2025-12-01,fresh,98,10,6,5,4.7,87.6,door,open,False,Delhi,Dec
831,potato,Vegetable,2025-04-17,fresh,10,8,7,7,1.7,77.1,crisper,open,False,Delhi,Jan
832,lemon,Fruit,2025-01-16,moderate,99,3,3,2,5.8,79.1,door,original_pack,False,Hyderabad,Jun
833,peach,Fruit,2025-08-14,moderate,62,3,4,2,9.8,92.9,freezer,original_pack,False,Mumbai,Apr
834,tuna,Protein,2025-11-15,fresh,24,5,5,5,3.0,85.1,main_shelf,wrapped,False,Hyderabad,Apr
835,salmon,Protein,2025-06-04,fresh,5,5,5,5,2.7,88.0,crisper,sealed_bag,False,Bangalore,Jan
836,cheese,Dairy,2025-11-09,fresh,89,14,10,10,3.3,90.8,counter,wrapped,False,Hyderabad,Nov
837,potato,Vegetable,2025-02-12,spoiled,45,0,0,0,4.1,90.0,freezer,sealed_bag,True,Chennai,Jun
838,pear,Fruit,2025-04-01,fresh,85,10,10,10,2.8,77.2,counter,original_pack,False,Chennai,Aug
839,tuna,Protein,2025-04-04,fresh,16,5,3,2,5.0,88.2,counter,wrapped,False,Mumbai,May
840,orange,Fruit,2025-03-15,moderate,85,3,3,3,1.5,94.1,door,container,False,Pune,Dec
841,banana,Fruit,2025-01-16,moderate,19,3,2,1,7.4,55.0,main_shelf,open,False,Hyderabad,Nov
842,bread,Grain,2025-10-09,fresh,44,90,116,84,9.5,59.8,main_shelf,sealed_bag,False,Hyderabad,Nov
843,tofu,Protein,2025-02-11,fresh,79,5,4,4,1.3,64.4,counter,container,False,Pune,Aug
844,onion,Vegetable,2025-03-07,fresh,1,8,7,5,8.1,56.2,counter,container,False,Hyderabad,Jan
845,mushroom,Vegetable,2025-06-01,spoiled,21,0,0,0,3.5,57.7,door,open,False,Chennai,Jan
846,zucchini,Vegetable,2025-12-16,moderate,41,3,3,2,5.4,69.0,door,container,False,Delhi,Jan
847,beef,Protein,2025-10-15,fresh,22,5,6,6,3.7,56.7,main_shelf,wrapped,False,Bangalore,Oct
848,spinach,Vegetable,2025-06-04,moderate,69,3,2,2,2.6,72.2,crisper,original_pack,False,Kolkata,Dec
849,lemon,Fruit,2025-05-11,fresh,5,10,12,8,9.3,81.1,door,wrapped,False,Mumbai,Feb
850,cheese,Dairy,2025-04-19,spoiled,36,0,0,0,2.7,66.8,crisper,wrapped,False,Pune,Jul
851,zucchini,Vegetable,2025-11-14,fresh,72,8,5,4,6.0,82.2,counter,original_pack,False,Hyderabad,Jun
852,zucchini,Vegetable,2025-11-14,fresh,58,8,5,4,7.8,57.2,main_shelf,wrapped,False,Delhi,Feb
853,yogurt,Dairy,2025-06-07,fresh,58,14,11,9,6.2,76.5,freezer,open,False,Chennai,Mar
854,broccoli,Vegetable,2025-06-20,moderate,66,3,3,3,2.0,84.6,main_shelf,original_pack,False,Mumbai,Aug
855,cream,Dairy,2025-10-07,fresh,49,14,13,13,3.6,74.3,door,open,False,Kolkata,Sep
856,zucchini,Vegetable,2025-12-19,fresh,17,8,9,9,2.6,72.3,crisper,sealed_bag,False,Pune,Dec
857,peach,Fruit,2025-03-12,fresh,49,10,7,6,4.1,74.9,freezer,sealed_bag,False,Chennai,Mar
858,tomato,Vegetable,2025-10-12,fresh,100,8,8,7,4.1,81.4,counter,open,False,Delhi,Apr
859,blueberry,Fruit,2025-01-19,moderate,69,3,2,1,8.0,70.2,crisper,original_pack,False,Bangalore,Sep
860,kiwi,Fruit,2025-04-09,fresh,9,10,10,8,7.3,63.2,main_shelf,wrapped,False,Delhi,Nov
861,cherry,Fruit,2025-05-20,fresh,86,10,10,9,4.9,92.4,counter,wrapped,False,Kolkata,Dec
862,zucchini,Vegetable,2025-01-01,spoiled,63,0,0,0,5.5,56.7,door,wrapped,True,Delhi,Apr
863,tomato,Vegetable,2025-10-03,spoiled,93,0,0,0,1.5,66.1,freezer,original_pack,False,Delhi,Apr
864,potato,Vegetable,2025-07-08,moderate,64,3,1,0,7.6,88.0,freezer,wrapped,False,Mumbai,Feb
865,onion,Vegetable,2025-12-11,spoiled,32,0,0,0,8.2,88.3,door,container,True,Chennai,Sep
866,blueberry,Fruit,2025-03-16,fresh,64,10,10,9,5.5,57.7,door,sealed_bag,False,Pune,Feb
867,carrot,Vegetable,2025-07-07,fresh,90,8,9,8,5.5,73.8,door,container,False,Mumbai,Feb
868,bread,Grain,2025-09-06,fresh,15,90,68,71,3.0,89.8,door,container,False,Kolkata,Jan
869,apple,Fruit,2025-11-01,fresh,37,10,12,12,2.9,93.8,door,container,False,Delhi,Jun
870,peas,Vegetable,2025-11-09,fresh,14,8,9,10,1.6,88.2,freezer,wrapped,False,Bangalore,Jan
871,spinach,Vegetable,2025-02-13,fresh,87,8,8,6,8.5,78.1,door,original_pack,False,Bangalore,Nov
872,corn,Vegetable,2025-07-12,fresh,60,8,9,7,7.0,73.0,freezer,wrapped,False,Bangalore,May
873,milk,Dairy,2025-11-11,spoiled,82,0,0,0,4.2,55.3,main_shelf,container,True,Delhi,Jun
874,pear,Fruit,2025-09-16,fresh,67,10,8,8,3.6,79.9,main_shelf,container,False,Hyderabad,Sep
875,cheese,Dairy,2025-03-01,spoiled,55,0,0,0,3.7,66.0,crisper,container,True,Chennai,Jul
876,salmon,Protein,2025-11-17,fresh,55,5,6,5,5.2,82.2,door,open,False,Chennai,Jul
877,milk,Dairy,2025-01-08,fresh,20,14,13,9,9.6,63.1,crisper,original_pack,False,Mumbai,Jan
878,cherry,Fruit,2025-04-08,fresh,2,10,11,7,10.0,87.8,crisper,open,False,Chennai,Sep
879,carrot,Vegetable,2025-06-17,moderate,63,3,2,2,3.3,76.3,door,original_pack,False,Mumbai,Dec
880,spinach,Vegetable,2025-04-14,fresh,77,8,8,8,1.9,58.0,freezer,original_pack,False,Delhi,Aug
881,lentils,Legume,2025-10-18,spoiled,25,0,0,0,1.7,73.1,counter,wrapped,False,Chennai,Nov
882,tomato,Vegetable,2025-07-08,fresh,84,8,11,7,9.6,91.6,main_shelf,container,False,Pune,Oct
883,onion,Vegetable,2025-08-18,moderate,18,3,3,2,4.9,65.0,door,wrapped,False,Chennai,Dec
884,pineapple,Fruit,2025-12-14,moderate,16,3,3,2,9.9,86.0,door,wrapped,False,Hyderabad,May
885,bread,Grain,2025-11-18,fresh,36,90,104,111,2.5,62.8,main_shelf,wrapped,False,Hyderabad,Jun
886,pineapple,Fruit,2025-12-20,fresh,6,10,10,10,2.7,74.3,crisper,open,False,Mumbai,Nov
887,cheese,Dairy,2025-10-11,spoiled,92,0,0,0,1.5,86.5,main_shelf,open,True,Pune,Aug
888,peach,Fruit,2025-11-03,fresh,73,10,7,5,8.0,87.1,crisper,original_pack,False,Delhi,Dec
889,potato,Vegetable,2025-12-06,fresh,19,8,6,4,9.9,65.8,crisper,open,False,Bangalore,Jun
890,mushroom,Vegetable,2025-11-12,fresh,4,8,8,8,3.1,63.5,counter,sealed_bag,False,Delhi,Apr
891,chickpeas,Legume,2025-05-01,fresh,30,180,126,131,3.2,76.5,crisper,wrapped,False,Delhi,Jun
892,salmon,Protein,2025-03-02,moderate,18,2,2,2,1.6,65.9,door,container,False,Delhi,Apr
893,walnut,Nut,2025-12-20,spoiled,27,0,0,0,3.5,55.6,main_shelf,sealed_bag,True,Kolkata,Oct
894,bread,Grain,2025-05-09,spoiled,0,0,0,0,8.1,56.0,door,sealed_bag,True,Hyderabad,Jan
895,cauliflower,Vegetable,2025-12-08,fresh,16,8,9,9,2.6,82.1,freezer,wrapped,False,Pune,Nov
896,avocado,Fruit,2025-08-05,fresh,56,10,8,8,3.3,70.9,door,wrapped,False,Mumbai,Jun
897,cucumber,Vegetable,2025-03-13,fresh,52,8,10,10,3.6,92.5,freezer,open,False,Delhi,Nov
898,tomato,Vegetable,2025-10-09,moderate,22,3,3,2,6.2,89.8,freezer,open,False,Kolkata,Mar
899,watermelon,Fruit,2025-04-08,fresh,72,10,13,14,1.9,90.4,crisper,wrapped,False,Mumbai,Aug
900,tuna,Protein,2025-09-06,spoiled,36,0,0,0,6.5,90.4,freezer,wrapped,True,Pune,Oct
901,watermelon,Fruit,2025-08-04,spoiled,88,0,0,0,6.4,56.7,counter,open,True,Bangalore,Jun
902,salmon,Protein,2025-02-10,fresh,23,5,5,4,4.3,73.5,crisper,open,False,Bangalore,Nov
903,pear,Fruit,2025-11-11,spoiled,76,0,0,0,9.3,70.7,crisper,open,True,Delhi,May
904,cherry,Fruit,2025-04-06,fresh,95,10,13,12,4.5,66.6,counter,wrapped,False,Hyderabad,Feb
905,carrot,Vegetable,2025-11-02,fresh,59,8,9,6,9.8,83.3,main_shelf,sealed_bag,False,Bangalore,Jul
906,lentils,Legume,2025-11-17,moderate,57,60,51,47,5.2,56.9,counter,original_pack,False,Pune,Aug
907,mango,Fruit,2025-04-02,fresh,1,10,13,13,2.7,85.0,crisper,container,False,Chennai,Jan
908,pasta,Grain,2025-07-16,fresh,57,90,99,107,2.3,75.6,door,original_pack,False,Bangalore,Jun
909,egg,Protein,2025-08-01,fresh,30,5,4,3,6.0,67.4,door,original_pack,False,Kolkata,Jul
910,bread,Grain,2025-11-14,fresh,67,90,67,68,3.6,70.1,door,open,False,Delhi,May
911,almond,Nut,2025-04-11,fresh,96,365,277,303,2.1,67.5,crisper,container,False,Delhi,Feb
912,chickpeas,Legume,2025-12-19,spoiled,46,0,0,0,6.1,70.5,counter,wrapped,True,Bangalore,Jan
913,strawberry,Fruit,2025-12-08,moderate,57,3,3,2,7.9,92.1,door,sealed_bag,False,Mumbai,Oct
914,corn,Vegetable,2025-10-06,moderate,23,3,3,2,6.7,58.5,main_shelf,original_pack,False,Chennai,Dec
915,carrot,Vegetable,2025-12-07,fresh,58,8,7,6,6.3,69.7,main_shelf,sealed_bag,False,Bangalore,Jul
916,peas,Vegetable,2025-04-02,fresh,23,8,5,5,2.3,72.2,counter,wrapped,False,Chennai,Sep
917,watermelon,Fruit,2025-02-01,fresh,79,10,9,9,2.6,77.4,main_shelf,original_pack,False,Pune,Mar
918,lettuce,Vegetable,2025-11-12,spoiled,4,0,0,0,6.5,61.6,crisper,original_pack,True,Mumbai,Sep
919,carrot,Vegetable,2025-06-07,fresh,77,8,9,7,7.1,81.7,crisper,container,False,Bangalore,Sep
920,kiwi,Fruit,2025-11-20,moderate,3,3,3,2,7.8,71.1,crisper,wrapped,False,Hyderabad,Mar
921,lettuce,Vegetable,2025-12-18,fresh,28,8,7,6,4.5,79.3,freezer,open,False,Pune,Oct
922,bread,Grain,2025-12-12,fresh,93,90,91,83,5.6,90.2,crisper,container,False,Delhi,Jun
923,beef,Protein,2025-03-13,fresh,48,5,6,5,4.8,77.8,counter,sealed_bag,False,Mumbai,Mar
924,cucumber,Vegetable,2025-05-14,fresh,69,8,10,9,5.4,80.3,counter,sealed_bag,False,Bangalore,Jan
925,chickpeas,Legume,2025-04-09,moderate,81,60,58,61,2.7,81.9,door,wrapped,False,Bangalore,Jul
926,mango,Fruit,2025-12-13,fresh,11,10,6,4,9.6,79.0,counter,open,False,Bangalore,Sep
927,corn,Vegetable,2025-09-17,fresh,60,8,10,9,4.5,84.6,counter,sealed_bag,False,Delhi,May
928,salmon,Protein,2025-11-20,spoiled,46,0,0,0,1.2,64.8,crisper,container,False,Hyderabad,Dec
929,cucumber,Vegetable,2025-09-18,fresh,29,8,5,4,7.0,65.9,main_shelf,open,False,Hyderabad,Apr
930,cream,Dairy,2025-07-19,fresh,8,14,12,9,7.7,65.7,main_shelf,sealed_bag,False,Bangalore,Aug
931,salmon,Protein,2025-01-03,spoiled,99,0,0,0,9.7,77.0,main_shelf,sealed_bag,False,Chennai,Feb
932,potato,Vegetable,2025-11-05,fresh,30,8,8,7,4.3,56.2,counter,open,False,Delhi,Mar
933,kiwi,Fruit,2025-11-07,fresh,86,10,7,5,8.3,70.8,crisper,original_pack,False,Kolkata,Jan
934,beef,Protein,2025-02-18,moderate,76,2,1,0,5.4,62.3,freezer,wrapped,False,Mumbai,Jan
935,pineapple,Fruit,2025-04-04,fresh,84,10,8,9,1.2,88.9,freezer,wrapped,False,Pune,Jun
936,corn,Vegetable,2025-12-04,spoiled,83,0,0,0,1.1,83.0,counter,open,False,Bangalore,Jun
937,kiwi,Fruit,2025-04-09,spoiled,27,0,0,0,3.6,67.4,counter,wrapped,True,Chennai,Jun
938,spinach,Vegetable,2025-11-02,moderate,91,3,2,1,6.6,59.5,counter,wrapped,False,Chennai,Mar
939,milk,Dairy,2025-01-02,fresh,79,14,19,14,9.2,88.8,main_shelf,container,False,Chennai,Sep
940,chickpeas,Legume,2025-04-06,fresh,14,180,198,177,6.1,59.6,freezer,open,False,Chennai,Jun
941,salmon,Protein,2025-04-05,spoiled,87,0,0,0,3.4,58.0,door,sealed_bag,False,Bangalore,Mar
942,garlic,Vegetable,2025-02-04,fresh,55,8,10,7,9.0,58.5,freezer,container,False,Delhi,Dec
943,spinach,Vegetable,2025-07-16,fresh,86,8,10,8,7.7,61.7,crisper,open,False,Pune,Feb
944,corn,Vegetable,2025-08-18,fresh,52,8,5,3,8.2,94.5,main_shelf,container,False,Chennai,Mar
945,cucumber,Vegetable,2025-03-14,fresh,56,8,6,5,4.6,65.3,main_shelf,open,False,Mumbai,Mar
946,strawberry,Fruit,2025-06-07,moderate,82,3,2,1,5.3,87.3,crisper,original_pack,False,Pune,Jan
947,garlic,Vegetable,2025-01-11,moderate,3,3,1,0,5.7,86.2,freezer,original_pack,False,Kolkata,Jun
948,apple,Fruit,2025-08-15,moderate,7,3,3,3,2.5,66.6,main_shelf,wrapped,False,Hyderabad,May
949,mushroom,Vegetable,2025-12-08,fresh,3,8,7,5,7.6,77.4,freezer,wrapped,False,Delhi,Nov
950,spinach,Vegetable,2025-12-01,spoiled,10,0,0,0,5.6,67.9,freezer,sealed_bag,True,Bangalore,Nov
951,salmon,Protein,2025-10-01,spoiled,15,0,0,0,7.5,76.9,counter,sealed_bag,True,Delhi,Feb
952,orange,Fruit,2025-04-13,moderate,68,3,1,1,2.7,56.1,crisper,open,False,Hyderabad,Oct
953,strawberry,Fruit,2025-02-16,fresh,81,10,7,7,1.4,67.6,door,wrapped,False,Kolkata,Feb
954,chickpeas,Legume,2025-08-19,fresh,55,180,115,112,4.5,76.6,counter,container,False,Bangalore,Apr
955,bread,Grain,2025-01-15,moderate,94,30,21,15,9.6,86.7,counter,open,False,Delhi,Nov
956,lettuce,Vegetable,2025-09-04,moderate,73,3,1,1,3.2,94.3,crisper,open,False,Chennai,May
957,bell_pepper,Vegetable,2025-07-03,moderate,74,3,2,1,7.3,73.6,door,sealed_bag,False,Delhi,Oct
958,corn,Vegetable,2025-02-15,moderate,54,3,2,2,1.4,61.1,door,original_pack,False,Chennai,Aug
959,cauliflower,Vegetable,2025-09-01,moderate,32,3,1,0,9.0,81.6,door,sealed_bag,False,Delhi,Aug
960,yogurt,Dairy,2025-04-05,spoiled,7,0,0,0,6.9,67.9,counter,original_pack,False,Pune,Dec
961,pear,Fruit,2025-06-17,moderate,63,3,3,2,6.0,86.4,main_shelf,wrapped,False,Mumbai,Oct
962,salmon,Protein,2025-08-01,spoiled,20,0,0,0,6.7,68.6,door,open,False,Hyderabad,Apr
963,chicken,Protein,2025-09-10,moderate,98,2,2,2,2.8,79.3,freezer,original_pack,False,Hyderabad,May
964,broccoli,Vegetable,2025-12-13,fresh,86,8,7,6,6.3,64.3,door,sealed_bag,False,Pune,Apr
965,salmon,Protein,2025-03-05,fresh,60,5,5,4,4.7,73.2,main_shelf,original_pack,False,Kolkata,Apr
966,tomato,Vegetable,2025-01-04,spoiled,52,0,0,0,9.5,80.2,freezer,sealed_bag,True,Kolkata,Jan
967,pineapple,Fruit,2025-04-09,fresh,88,10,13,14,1.8,70.9,door,sealed_bag,False,Kolkata,Jul
968,kiwi,Fruit,2025-04-07,fresh,46,10,12,10,5.8,71.8,freezer,open,False,Delhi,May
969,broccoli,Vegetable,2025-11-10,fresh,26,8,9,9,2.1,91.3,door,original_pack,False,Mumbai,Feb
970,watermelon,Fruit,2025-10-11,fresh,61,10,8,6,9.0,65.6,door,sealed_bag,False,Kolkata,Feb
971,bread,Grain,2025-05-13,moderate,30,30,35,37,2.6,80.0,counter,open,False,Delhi,Feb
972,peach,Fruit,2025-08-20,moderate,22,3,2,1,9.2,65.9,door,wrapped,False,Delhi,Mar
973,beef,Protein,2025-12-07,moderate,41,2,2,1,5.0,65.1,main_shelf,container,False,Hyderabad,Sep
974,cheese,Dairy,2025-01-02,fresh,59,14,15,11,8.3,69.4,door,open,False,Delhi,Jun
975,rice,Grain,2025-10-06,fresh,87,90,92,70,8.7,74.2,main_shelf,open,False,Delhi,Aug
976,egg,Protein,2025-12-17,fresh,11,5,4,4,2.8,58.0,main_shelf,original_pack,False,Bangalore,May
977,tomato,Vegetable,2025-03-10,moderate,26,3,3,2,7.1,94.1,crisper,open,False,Delhi,Nov
978,peas,Vegetable,2025-12-01,fresh,48,8,7,5,7.7,70.6,counter,wrapped,False,Mumbai,Dec
979,zucchini,Vegetable,2025-02-17,spoiled,62,0,0,0,8.9,60.9,counter,open,True,Chennai,Jul
980,watermelon,Fruit,2025-02-04,spoiled,21,0,0,0,1.8,78.3,door,open,True,Mumbai,Feb
981,peas,Vegetable,2025-08-06,fresh,71,8,10,8,7.9,62.5,counter,container,False,Bangalore,Sep
982,avocado,Fruit,2025-02-09,moderate,95,3,2,2,2.6,77.2,counter,container,False,Delhi,Mar
983,garlic,Vegetable,2025-10-15,fresh,64,8,7,6,4.6,70.2,door,sealed_bag,False,Chennai,Jan
984,rice,Grain,2025-07-01,fresh,82,90,60,46,8.5,60.5,freezer,sealed_bag,False,Kolkata,Aug
985,peach,Fruit,2025-06-19,fresh,47,10,12,8,9.3,57.7,main_shelf,container,False,Pune,Jun
986,almond,Nut,2025-11-16,moderate,89,90,116,118,3.5,94.0,freezer,sealed_bag,False,Kolkata,Aug
987,tofu,Protein,2025-06-16,moderate,61,2,2,1,6.3,56.1,counter,wrapped,False,Pune,Oct
988,rice,Grain,2025-08-10,moderate,92,30,37,36,4.5,72.4,crisper,open,False,Delhi,Oct
989,kiwi,Fruit,2025-05-08,moderate,72,3,3,2,5.8,67.7,crisper,sealed_bag,False,Delhi,Jul
990,almond,Nut,2025-07-20,fresh,80,365,257,254,4.2,77.1,freezer,wrapped,False,Pune,Jan
991,tuna,Protein,2025-07-01,fresh,62,5,4,3,7.1,91.3,door,open,False,Kolkata,Mar
992,orange,Fruit,2025-03-13,fresh,39,10,10,10,2.2,61.6,door,open,False,Hyderabad,Jan
993,lemon,Fruit,2025-10-08,spoiled,41,0,0,0,3.6,75.1,freezer,original_pack,True,Mumbai,May
994,rice,Grain,2025-06-02,fresh,57,90,109,87,7.9,92.8,freezer,original_pack,False,Kolkata,Jun
995,cauliflower,Vegetable,2025-12-12,spoiled,93,0,0,0,8.7,77.4,main_shelf,original_pack,True,Mumbai,Jun
996,almond,Nut,2025-11-02,moderate,10,90,74,69,5.1,78.7,freezer,original_pack,False,Kolkata,Mar
997,peach,Fruit,2025-05-19,spoiled,87,0,0,0,6.7,62.0,freezer,original_pack,False,Mumbai,Oct
998,corn,Vegetable,2025-10-02,fresh,18,8,9,7,6.3,92.4,crisper,sealed_bag,False,Pune,Sep
999,bell_pepper,Vegetable,2025-02-11,fresh,73,8,7,7,1.5,65.5,crisper,sealed_bag,False,Delhi,Mar
1000,peas,Vegetable,2025-12-18,moderate,43,3,2,1,9.0,63.9,crisper,sealed_bag,False,Pune,Oct
1001,milk,Dairy,2025-02-10,fresh,16,14,11,11,2.4,66.4,freezer,sealed_bag,False,Chennai,May
1002,grape,Fruit,2025-05-14,moderate,9,3,2,1,4.6,64.8,crisper,container,False,Hyderabad,Aug
1003,butter,Dairy,2025-06-20,fresh,24,14,13,11,5.7,81.0,main_shelf,container,False,Chennai,May
1004,mango,Fruit,2025-07-02,moderate,31,3,3,2,5.3,87.2,main_shelf,sealed_bag,False,Chennai,Sep
1005,garlic,Vegetable,2025-11-14,fresh,6,8,5,4,6.9,65.0,main_shelf,open,False,Pune,Oct
1006,cherry,Fruit,2025-03-03,fresh,4,10,9,8,6.0,56.9,counter,sealed_bag,False,Bangalore,Aug
1007,chickpeas,Legume,2025-08-15,spoiled,30,0,0,0,5.5,73.3,freezer,original_pack,False,Bangalore,Jul
1008,lettuce,Vegetable,2025-05-17,fresh,14,8,6,5,6.6,57.3,counter,original_pack,False,Kolkata,Dec
1009,carrot,Vegetable,2025-01-05,fresh,48,8,9,7,7.5,59.3,counter,sealed_bag,False,Hyderabad,Jun
1010,garlic,Vegetable,2025-03-07,fresh,88,8,10,9,5.8,84.3,main_shelf,sealed_bag,False,Pune,Feb
1011,kiwi,Fruit,2025-09-11,fresh,43,10,11,12,1.6,94.0,crisper,wrapped,False,Chennai,Mar
1012,potato,Vegetable,2025-07-15,fresh,36,8,7,5,8.2,71.9,crisper,original_pack,False,Pune,Feb
1013,almond,Nut,2025-02-14,spoiled,36,0,0,0,5.6,72.5,counter,sealed_bag,False,Delhi,Nov
1014,lemon,Fruit,2025-01-06,fresh,74,10,13,9,9.0,73.1,door,open,False,Bangalore,Oct
1015,cucumber,Vegetable,2025-03-08,spoiled,94,0,0,0,4.1,81.7,door,container,False,Bangalore,Aug
1016,olive_oil,Oil,2025-09-20,fresh,10,365,328,350,2.6,65.6,counter,container,False,Delhi,Oct
1017,onion,Vegetable,2025-02-19,spoiled,35,0,0,0,7.5,80.0,door,wrapped,False,Delhi,May
1018,mushroom,Vegetable,2025-01-09,fresh,9,8,6,6,3.1,78.4,door,sealed_bag,False,Delhi,Mar
1019,almond,Nut,2025-01-03,moderate,64,90,89,87,4.3,65.2,counter,wrapped,False,Kolkata,Aug
1020,salmon,Protein,2025-07-15,moderate,5,2,2,2,2.1,82.4,counter,sealed_bag,False,Bangalore,Aug
1021,blueberry,Fruit,2025-09-01,moderate,7,3,4,2,9.1,84.7,door,open,False,Bangalore,Aug
1022,lentils,Legume,2025-07-02,fresh,86,180,199,206,3.2,83.0,main_shelf,open,False,Bangalore,Feb
1023,avocado,Fruit,2025-11-03,moderate,49,3,1,0,5.4,79.7,door,original_pack,False,Bangalore,Jun
1024,pear,Fruit,2025-11-07,fresh,16,10,8,8,2.6,75.1,counter,wrapped,False,Bangalore,Nov
1025,yogurt,Dairy,2025-07-17,fresh,65,14,9,8,4.2,57.1,crisper,original_pack,False,Delhi,Dec
1026,cauliflower,Vegetable,2025-02-14,fresh,53,8,6,4,8.5,82.1,counter,container,False,Delhi,Jan
1027,chicken,Protein,2025-11-01,fresh,43,5,6,6,3.2,65.0,counter,original_pack,False,Delhi,Feb
1028,tofu,Protein,2025-06-14,fresh,24,5,6,6,1.6,63.3,main_shelf,sealed_bag,False,Delhi,Jun
1029,watermelon,Fruit,2025-03-03,moderate,18,3,2,1,6.5,57.7,freezer,container,False,Bangalore,Dec
1030,lettuce,Vegetable,2025-09-10,moderate,67,3,3,2,8.9,78.2,freezer,container,False,Kolkata,Sep
1031,bread,Grain,2025-04-02,moderate,44,30,27,28,2.8,77.9,main_shelf,wrapped,False,Pune,Jan
1032,carrot,Vegetable,2025-03-12,moderate,72,3,2,1,8.9,94.6,crisper,wrapped,False,Delhi,Mar
1033,tomato,Vegetable,2025-12-01,fresh,14,8,5,4,5.3,71.2,freezer,wrapped,False,Mumbai,Feb
1034,walnut,Nut,2025-08-01,moderate,67,90,95,87,5.5,72.0,door,original_pack,False,Mumbai,Jul
1035,apple,Fruit,2025-06-14,fresh,60,10,7,7,2.7,71.5,main_shelf,original_pack,False,Bangalore,Aug
1036,garlic,Vegetable,2025-05-03,fresh,0,8,9,9,2.5,79.3,door,open,False,Kolkata,Dec
1037,strawberry,Fruit,2025-03-10,fresh,98,10,11,10,5.2,55.7,counter,sealed_bag,False,Pune,Aug
1038,lettuce,Vegetable,2025-03-08,spoiled,100,0,0,0,2.9,86.8,door,wrapped,True,Hyderabad,Sep
1039,tofu,Protein,2025-01-14,moderate,86,2,1,1,3.2,94.0,counter,original_pack,False,Hyderabad,Nov
1040,peas,Vegetable,2025-11-03,spoiled,90,0,0,0,6.1,63.0,crisper,open,False,Mumbai,Sep
1041,walnut,Nut,2025-04-13,fresh,54,365,360,316,6.4,87.4,freezer,wrapped,False,Mumbai,Jul
1042,rice,Grain,2025-11-08,moderate,20,30,32,29,5.3,75.3,freezer,original_pack,False,Hyderabad,Sep
1043,broccoli,Vegetable,2025-01-06,fresh,85,8,6,4,9.8,74.7,counter,original_pack,False,Chennai,Apr
1044,cheese,Dairy,2025-02-07,fresh,19,14,12,10,7.2,81.7,door,original_pack,False,Mumbai,Dec
1045,zucchini,Vegetable,2025-11-11,spoiled,6,0,0,0,5.1,58.9,main_shelf,open,True,Hyderabad,Aug
1046,egg,Protein,2025-07-11,fresh,19,5,6,6,2.1,89.3,door,container,False,Delhi,Sep
1047,salmon,Protein,2025-09-08,fresh,64,5,4,3,8.2,79.0,counter,sealed_bag,False,Chennai,Dec
1048,watermelon,Fruit,2025-05-19,fresh,11,10,8,7,5.2,74.9,main_shelf,wrapped,False,Pune,Feb
1049,peas,Vegetable,2025-03-05,spoiled,90,0,0,0,8.6,60.5,freezer,open,False,Pune,Jun
1050,pasta,Grain,2025-03-19,fresh,39,90,120,102,7.0,55.9,counter,original_pack,False,Hyderabad,May
1051,cherry,Fruit,2025-08-16,moderate,52,3,3,3,3.3,89.3,freezer,open,False,Pune,Apr
1052,cream,Dairy,2025-12-02,moderate,90,4,3,2,6.6,55.7,counter,open,False,Pune,Jun
1053,salmon,Protein,2025-04-19,fresh,89,5,4,3,5.0,62.5,door,container,False,Kolkata,Apr
1054,potato,Vegetable,2025-03-15,spoiled,3,0,0,0,6.2,66.4,freezer,wrapped,True,Kolkata,Jun
1055,pasta,Grain,2025-08-05,fresh,0,90,56,50,5.8,76.4,main_shelf,open,False,Kolkata,Apr
1056,bread,Grain,2025-03-01,moderate,97,30,31,28,5.9,92.7,counter,container,False,Bangalore,Jul
1057,milk,Dairy,2025-11-15,fresh,28,14,10,10,2.5,55.7,door,original_pack,False,Hyderabad,Apr
1058,potato,Vegetable,2025-11-01,fresh,44,8,7,6,5.1,59.0,freezer,original_pack,False,Bangalore,May
1059,cherry,Fruit,2025-08-07,moderate,76,3,2,2,1.3,65.4,main_shelf,open,False,Bangalore,May
1060,chickpeas,Legume,2025-07-18,moderate,83,60,64,52,7.7,68.7,counter,wrapped,False,Pune,Apr
1061,lentils,Legume,2025-09-04,moderate,7,60,72,65,5.7,75.1,main_shelf,original_pack,False,Mumbai,Feb
1062,lemon,Fruit,2025-03-11,spoiled,34,0,0,0,4.8,90.3,freezer,container,False,Pune,Jan
1063,chicken,Protein,2025-05-13,fresh,15,5,3,3,1.1,58.6,door,container,False,Kolkata,Aug
1064,olive_oil,Oil,2025-01-02,moderate,57,180,113,126,1.6,78.2,main_shelf,container,False,Hyderabad,Jun
1065,carrot,Vegetable,2025-12-16,fresh,36,8,10,8,7.4,80.2,main_shelf,wrapped,False,Kolkata,Oct
1066,avocado,Fruit,2025-02-07,spoiled,13,0,0,0,1.3,79.2,counter,container,True,Hyderabad,Jul
1067,cheese,Dairy,2025-06-10,fresh,16,14,10,11,2.0,93.4,counter,original_pack,False,Pune,Dec
1068,pear,Fruit,2025-11-02,fresh,25,10,6,6,1.8,91.1,door,container,False,Delhi,Dec
1069,apple,Fruit,2025-03-11,moderate,72,3,2,1,6.2,57.5,freezer,container,False,Hyderabad,Dec
1070,beef,Protein,2025-09-18,fresh,90,5,5,4,7.8,60.6,freezer,wrapped,False,Bangalore,Jul
1071,mushroom,Vegetable,2025-09-19,fresh,40,8,8,6,8.5,88.7,crisper,sealed_bag,False,Kolkata,May
1072,banana,Fruit,2025-04-18,moderate,59,3,3,2,8.4,73.8,door,original_pack,False,Pune,Dec
1073,rice,Grain,2025-03-19,fresh,85,90,92,84,5.6,71.3,main_shelf,container,False,Kolkata,Nov
1074,zucchini,Vegetable,2025-03-01,moderate,60,3,2,1,7.8,64.7,crisper,original_pack,False,Delhi,Sep
1075,orange,Fruit,2025-02-16,moderate,65,3,2,2,3.0,89.7,freezer,open,False,Delhi,Aug
1076,zucchini,Vegetable,2025-12-18,fresh,70,8,7,7,1.6,60.5,counter,sealed_bag,False,Kolkata,Jan
1077,avocado,Fruit,2025-06-15,fresh,34,10,7,5,9.7,94.6,crisper,original_pack,False,Hyderabad,Oct
1078,walnut,Nut,2025-01-13,spoiled,56,0,0,0,8.5,63.4,freezer,container,True,Hyderabad,Nov
1079,peach,Fruit,2025-06-11,fresh,96,10,10,8,7.0,62.0,freezer,open,False,Mumbai,Jul
1080,spinach,Vegetable,2025-02-10,moderate,40,3,2,1,9.5,82.9,main_shelf,wrapped,False,Delhi,Mar
1081,onion,Vegetable,2025-09-18,fresh,18,8,6,4,8.3,82.1,door,sealed_bag,False,Pune,Jul
1082,rice,Grain,2025-09-12,spoiled,13,0,0,0,9.7,83.3,crisper,open,True,Bangalore,Aug
1083,tomato,Vegetable,2025-07-10,moderate,94,3,3,2,4.1,67.8,freezer,wrapped,False,Chennai,Nov
1084,garlic,Vegetable,2025-01-20,fresh,69,8,7,5,8.8,94.6,main_shelf,container,False,Pune,Apr
1085,watermelon,Fruit,2025-03-16,spoiled,40,0,0,0,4.9,83.1,counter,wrapped,True,Pune,May
1086,almond,Nut,2025-04-18,moderate,73,90,78,82,2.8,64.6,main_shelf,sealed_bag,False,Delhi,Oct
1087,garlic,Vegetable,2025-06-11,fresh,92,8,9,8,5.1,68.6,freezer,container,False,Pune,Mar
1088,corn,Vegetable,2025-03-09,fresh,86,8,8,6,8.4,63.1,main_shelf,wrapped,False,Chennai,Jul
1089,pineapple,Fruit,2025-12-17,moderate,80,3,3,2,4.5,61.4,freezer,container,False,Bangalore,Dec
1090,carrot,Vegetable,2025-04-16,fresh,3,8,9,9,2.6,90.7,main_shelf,container,False,Delhi,Nov
1091,broccoli,Vegetable,2025-07-17,fresh,12,8,9,7,7.8,82.8,counter,sealed_bag,False,Chennai,Oct
1092,blueberry,Fruit,2025-12-06,fresh,89,10,10,10,3.5,85.9,main_shelf,sealed_bag,False,Hyderabad,Dec
1093,apple,Fruit,2025-04-19,spoiled,32,0,0,0,8.7,62.4,crisper,container,True,Delhi,Jun
1094,broccoli,Vegetable,2025-09-08,fresh,10,8,8,8,2.5,76.6,door,open,False,Chennai,Apr
1095,onion,Vegetable,2025-03-14,fresh,60,8,4,2,9.1,61.3,main_shelf,original_pack,False,Pune,May
1096,tuna,Protein,2025-07-12,fresh,56,5,6,5,6.2,85.2,crisper,wrapped,False,Kolkata,Sep
1097,beef,Protein,2025-12-12,moderate,7,2,2,2,1.8,60.9,counter,wrapped,False,Mumbai,Sep
1098,peas,Vegetable,2025-05-15,spoiled,49,0,0,0,3.6,80.0,crisper,container,False,Hyderabad,Mar
1099,kiwi,Fruit,2025-09-20,fresh,83,10,7,6,4.3,72.6,door,wrapped,False,Bangalore,Nov
1100,kiwi,Fruit,2025-09-10,fresh,49,10,6,6,2.8,55.7,crisper,open,False,Bangalore,Mar
1101,almond,Nut,2025-04-13,fresh,39,365,479,440,5.6,55.6,counter,open,False,Hyderabad,May
1102,pasta,Grain,2025-04-09,fresh,83,90,95,82,6.7,72.3,main_shelf,open,False,Mumbai,Feb
1103,grape,Fruit,2025-07-14,moderate,22,3,3,2,4.5,64.4,main_shelf,container,False,Delhi,Jun
1104,cucumber,Vegetable,2025-08-20,fresh,48,8,6,6,1.0,80.4,main_shelf,sealed_bag,False,Hyderabad,Jun
1105,watermelon,Fruit,2025-07-03,moderate,4,3,2,2,1.0,67.5,freezer,wrapped,False,Pune,Jan
1106,almond,Nut,2025-05-14,moderate,75,90,58,44,8.8,90.6,crisper,open,False,Bangalore,May
1107,tuna,Protein,2025-12-13,moderate,17,2,1,0,8.5,80.0,door,original_pack,False,Chennai,Jan
1108,peas,Vegetable,2025-08-08,fresh,18,8,7,6,5.9,67.8,crisper,wrapped,False,Delhi,Jan
1109,pear,Fruit,2025-10-07,spoiled,44,0,0,0,9.1,86.0,door,original_pack,False,Chennai,Aug
1110,watermelon,Fruit,2025-03-20,spoiled,66,0,0,0,1.1,73.6,door,open,True,Pune,Nov
1111,banana,Fruit,2025-07-15,spoiled,12,0,0,0,7.7,88.6,door,container,True,Mumbai,Nov
1112,cherry,Fruit,2025-06-12,moderate,32,3,2,2,1.7,73.2,crisper,sealed_bag,False,Hyderabad,Sep
1113,tofu,Protein,2025-03-17,fresh,85,5,6,5,6.2,61.3,counter,open,False,Delhi,Nov
1114,pear,Fruit,2025-02-15,fresh,50,10,10,7,10.0,69.2,counter,open,False,Chennai,Mar
1115,peas,Vegetable,2025-01-16,moderate,94,3,2,1,9.7,89.0,main_shelf,sealed_bag,False,Delhi,Dec
1116,salmon,Protein,2025-12-06,fresh,46,5,6,6,3.7,57.2,crisper,sealed_bag,False,Bangalore,May
1117,salmon,Protein,2025-09-10,fresh,37,5,3,2,9.8,77.4,crisper,sealed_bag,False,Bangalore,Nov
1118,corn,Vegetable,2025-12-18,fresh,96,8,6,5,6.3,65.6,door,container,False,Chennai,Apr
1119,avocado,Fruit,2025-05-18,spoiled,52,0,0,0,6.8,87.8,main_shelf,sealed_bag,True,Chennai,Sep
1120,cucumber,Vegetable,2025-11-17,spoiled,63,0,0,0,1.5,88.2,crisper,original_pack,True,Kolkata,Jun
1121,pineapple,Fruit,2025-01-20,moderate,6,3,3,2,5.2,61.8,freezer,original_pack,False,Delhi,May
1122,milk,Dairy,2025-02-16,moderate,32,4,3,3,2.0,57.9,crisper,open,False,Mumbai,Dec
1123,carrot,Vegetable,2025-09-13,fresh,42,8,8,6,9.0,82.5,freezer,sealed_bag,False,Bangalore,May
1124,olive_oil,Oil,2025-03-08,fresh,50,365,329,322,4.4,55.2,freezer,open,False,Kolkata,May
1125,milk,Dairy,2025-04-14,fresh,66,14,10,9,6.0,76.7,counter,sealed_bag,False,Hyderabad,Nov
1126,blueberry,Fruit,2025-10-10,fresh,0,10,12,9,8.1,82.1,door,sealed_bag,False,Hyderabad,Apr
1127,olive_oil,Oil,2025-12-11,fresh,61,365,336,366,2.2,79.3,freezer,original_pack,False,Mumbai,Dec
1128,mushroom,Vegetable,2025-11-04,fresh,54,8,6,5,6.0,57.1,main_shelf,wrapped,False,Bangalore,Sep
1129,watermelon,Fruit,2025-04-11,fresh,31,10,7,5,8.5,77.1,freezer,wrapped,False,Delhi,Mar
1130,tuna,Protein,2025-01-07,spoiled,79,0,0,0,3.1,79.5,door,sealed_bag,True,Mumbai,Dec
1131,tofu,Protein,2025-06-07,spoiled,23,0,0,0,5.7,76.5,counter,container,False,Mumbai,May
1132,lentils,Legume,2025-08-10,spoiled,58,0,0,0,3.3,87.4,door,original_pack,False,Mumbai,Nov
1133,rice,Grain,2025-10-02,fresh,73,90,87,89,3.5,78.5,freezer,wrapped,False,Hyderabad,Feb
1134,salmon,Protein,2025-10-16,fresh,57,5,6,5,4.5,89.4,main_shelf,container,False,Bangalore,Feb
1135,olive_oil,Oil,2025-06-16,spoiled,26,0,0,0,8.0,65.0,freezer,container,False,Pune,Oct
1136,mango,Fruit,2025-02-16,spoiled,40,0,0,0,7.7,66.7,freezer,container,False,Mumbai,Jan
1137,milk,Dairy,2025-09-17,spoiled,58,0,0,0,8.2,90.9,freezer,open,False,Bangalore,Oct
1138,beef,Protein,2025-04-10,fresh,97,5,4,3,5.2,64.3,crisper,open,False,Chennai,May
1139,cream,Dairy,2025-08-04,spoiled,18,0,0,0,6.0,83.6,freezer,original_pack,False,Pune,Mar
1140,egg,Protein,2025-02-06,spoiled,62,0,0,0,2.3,85.8,counter,container,False,Hyderabad,Sep
1141,garlic,Vegetable,2025-02-20,spoiled,51,0,0,0,6.2,82.0,crisper,container,True,Pune,Dec
1142,onion,Vegetable,2025-08-08,moderate,7,3,3,3,4.0,69.7,door,sealed_bag,False,Bangalore,Jul
1143,kiwi,Fruit,2025-01-16,fresh,15,10,8,7,6.1,93.8,freezer,container,False,Kolkata,May
1144,carrot,Vegetable,2025-01-01,moderate,7,3,4,4,1.9,85.0,door,open,False,Kolkata,Aug
1145,garlic,Vegetable,2025-01-14,fresh,39,8,5,4,8.0,94.8,crisper,wrapped,False,Kolkata,Oct
1146,cheese,Dairy,2025-09-17,fresh,84,14,13,10,7.7,62.1,door,original_pack,False,Mumbai,Aug
1147,kiwi,Fruit,2025-12-20,moderate,19,3,2,1,6.3,74.4,door,open,False,Kolkata,Nov
1148,salmon,Protein,2025-06-09,fresh,57,5,3,2,4.7,80.2,door,container,False,Kolkata,Aug
1149,egg,Protein,2025-11-16,moderate,8,2,2,1,9.7,64.7,crisper,original_pack,False,Mumbai,Oct
1150,almond,Nut,2025-07-16,moderate,58,90,79,65,7.4,57.2,crisper,container,False,Delhi,Apr
1151,lentils,Legume,2025-04-01,fresh,32,180,218,239,2.0,66.6,crisper,sealed_bag,False,Delhi,Jul
1152,grape,Fruit,2025-07-16,fresh,59,10,6,4,9.1,71.4,door,sealed_bag,False,Bangalore,Jan
1153,zucchini,Vegetable,2025-12-15,fresh,13,8,5,4,5.0,94.7,freezer,wrapped,False,Mumbai,Dec
1154,cucumber,Vegetable,2025-12-15,fresh,20,8,10,8,7.8,62.1,counter,container,False,Chennai,Dec
1155,spinach,Vegetable,2025-07-15,fresh,50,8,8,8,1.9,91.3,main_shelf,sealed_bag,False,Kolkata,Aug
1156,strawberry,Fruit,2025-11-08,fresh,73,10,8,8,3.2,57.9,crisper,original_pack,False,Hyderabad,May
1157,peas,Vegetable,2025-05-13,fresh,59,8,7,7,4.0,57.2,counter,sealed_bag,False,Pune,Jan
1158,oats,Grain,2025-06-12,fresh,4,90,98,95,4.5,91.3,main_shelf,wrapped,False,Chennai,Apr
1159,carrot,Vegetable,2025-03-05,fresh,98,8,8,5,9.9,64.1,crisper,wrapped,False,Bangalore,Aug
1160,mushroom,Vegetable,2025-12-06,fresh,35,8,6,5,6.9,68.0,main_shelf,open,False,Pune,Jul
1161,chicken,Protein,2025-09-14,fresh,9,5,4,3,7.3,92.8,freezer,container,False,Pune,Jan
1162,garlic,Vegetable,2025-06-15,moderate,28,3,1,0,9.8,75.8,main_shelf,open,False,Mumbai,Jul
1163,olive_oil,Oil,2025-09-13,spoiled,37,0,0,0,7.8,91.5,door,original_pack,False,Mumbai,Jul
1164,pineapple,Fruit,2025-11-12,fresh,63,10,6,6,1.1,84.4,crisper,original_pack,False,Mumbai,Oct
1165,garlic,Vegetable,2025-05-03,fresh,16,8,7,6,5.4,86.9,main_shelf,original_pack,False,Pune,Oct
1166,beef,Protein,2025-03-11,spoiled,71,0,0,0,5.9,72.4,freezer,container,True,Bangalore,Apr
1167,cucumber,Vegetable,2025-06-03,fresh,46,8,5,4,6.8,68.4,crisper,wrapped,False,Kolkata,Oct
1168,walnut,Nut,2025-08-17,fresh,32,365,497,554,1.7,78.4,counter,original_pack,False,Mumbai,Feb
1169,pear,Fruit,2025-06-17,fresh,82,10,7,5,7.9,65.0,crisper,open,False,Hyderabad,Aug
1170,mushroom,Vegetable,2025-02-13,moderate,35,3,2,1,9.4,71.7,freezer,open,False,Delhi,Mar
1171,tofu,Protein,2025-03-05,spoiled,86,0,0,0,4.0,61.0,door,wrapped,True,Pune,Sep
1172,mango,Fruit,2025-03-19,spoiled,92,0,0,0,3.4,82.6,freezer,open,False,Hyderabad,May
1173,strawberry,Fruit,2025-04-15,moderate,98,3,3,2,8.9,81.3,door,container,False,Pune,Nov
1174,chickpeas,Legume,2025-09-04,spoiled,62,0,0,0,8.3,90.8,counter,sealed_bag,True,Chennai,Sep
1175,banana,Fruit,2025-06-17,fresh,5,10,10,8,6.3,89.9,counter,open,False,Delhi,Jan
1176,cherry,Fruit,2025-09-04,fresh,88,10,11,12,1.2,94.8,crisper,original_pack,False,Bangalore,Dec
1177,avocado,Fruit,2025-10-19,fresh,4,10,11,9,7.5,81.3,main_shelf,open,False,Kolkata,Apr
1178,watermelon,Fruit,2025-03-03,fresh,20,10,11,9,6.1,71.7,door,wrapped,False,Bangalore,Jul
1179,olive_oil,Oil,2025-12-12,fresh,72,365,366,397,2.3,82.4,counter,sealed_bag,False,Bangalore,Mar
1180,grape,Fruit,2025-05-19,fresh,88,10,12,10,6.6,87.9,door,container,False,Chennai,Mar
1181,potato,Vegetable,2025-12-09,fresh,95,8,8,9,1.0,64.0,freezer,original_pack,False,Bangalore,Nov
1182,onion,Vegetable,2025-06-16,fresh,65,8,10,10,2.1,71.8,crisper,sealed_bag,False,Chennai,May
1183,chicken,Protein,2025-10-13,moderate,37,2,2,2,3.7,92.1,crisper,wrapped,False,Delhi,Jun
1184,strawberry,Fruit,2025-06-07,moderate,16,3,2,1,7.5,92.3,main_shelf,sealed_bag,False,Chennai,Aug
1185,blueberry,Fruit,2025-08-13,spoiled,32,0,0,0,9.8,77.1,crisper,sealed_bag,True,Mumbai,Nov
1186,chicken,Protein,2025-06-18,fresh,50,5,6,4,8.0,74.6,crisper,container,False,Pune,Jan
1187,tofu,Protein,2025-01-17,fresh,28,5,5,4,6.2,67.5,door,original_pack,False,Pune,May
1188,blueberry,Fruit,2025-09-04,moderate,75,3,2,1,5.8,77.6,main_shelf,open,False,Bangalore,Oct
1189,potato,Vegetable,2025-10-14,fresh,18,8,8,8,2.6,81.6,freezer,wrapped,False,Pune,Mar
1190,lemon,Fruit,2025-06-08,fresh,32,10,10,11,1.7,62.0,crisper,container,False,Mumbai,Oct
1191,almond,Nut,2025-08-18,moderate,95,90,108,107,4.1,68.6,crisper,sealed_bag,False,Kolkata,Mar
1192,yogurt,Dairy,2025-01-14,fresh,16,14,18,16,5.5,82.1,counter,original_pack,False,Delhi,Jan
1193,lemon,Fruit,2025-04-12,moderate,85,3,3,2,6.1,65.7,main_shelf,original_pack,False,Chennai,Nov
1194,spinach,Vegetable,2025-04-04,moderate,67,3,3,3,1.3,63.7,freezer,wrapped,False,Bangalore,Oct
1195,bread,Grain,2025-05-16,fresh,61,90,84,72,6.8,93.4,main_shelf,open,False,Pune,Feb
1196,orange,Fruit,2025-05-08,moderate,94,3,1,1,1.0,64.2,freezer,container,False,Mumbai,Jul
1197,banana,Fruit,2025-10-12,moderate,82,3,3,2,5.0,83.5,main_shelf,sealed_bag,False,Kolkata,Dec
1198,spinach,Vegetable,2025-03-05,fresh,33,8,6,5,6.3,92.6,main_shelf,original_pack,False,Kolkata,Aug
1199,milk,Dairy,2025-11-11,fresh,6,14,10,9,5.1,69.5,main_shelf,open,False,Pune,Sep
1200,butter,Dairy,2025-09-10,spoiled,55,0,0,0,1.9,92.0,crisper,sealed_bag,False,Mumbai,Sep
1201,avocado,Fruit,2025-09-10,moderate,22,3,2,1,7.9,74.6,crisper,original_pack,False,Bangalore,Jun
1202,tofu,Protein,2025-11-17,moderate,76,2,2,1,7.9,64.9,door,wrapped,False,Kolkata,Aug
1203,grape,Fruit,2025-11-19,spoiled,22,0,0,0,9.6,88.2,counter,original_pack,True,Pune,Nov
1204,grape,Fruit,2025-07-16,fresh,75,10,13,13,3.9,71.3,door,wrapped,False,Pune,Aug
1205,rice,Grain,2025-10-17,fresh,100,90,101,113,1.6,94.7,freezer,sealed_bag,False,Pune,Jul
1206,almond,Nut,2025-12-10,spoiled,99,0,0,0,8.8,68.0,door,container,True,Chennai,Feb
1207,lentils,Legume,2025-06-02,moderate,11,60,71,75,2.6,93.1,counter,original_pack,False,Bangalore,Apr
1208,cheese,Dairy,2025-10-13,fresh,45,14,13,12,4.6,62.9,door,container,False,Hyderabad,Aug
1209,oats,Grain,2025-03-05,fresh,2,90,60,56,5.3,80.1,crisper,container,False,Pune,Nov
1210,pineapple,Fruit,2025-07-14,fresh,76,10,6,4,7.7,62.1,crisper,wrapped,False,Mumbai,Jun
1211,orange,Fruit,2025-10-02,fresh,72,10,8,7,4.1,65.1,freezer,wrapped,False,Chennai,Nov
1212,tofu,Protein,2025-01-09,moderate,80,2,2,2,1.1,75.5,door,container,False,Pune,Aug
1213,pear,Fruit,2025-11-10,fresh,92,10,11,10,5.4,81.9,counter,wrapped,False,Bangalore,Jun
1214,lentils,Legume,2025-01-12,moderate,14,60,65,51,8.3,62.9,freezer,open,False,Hyderabad,Aug
1215,blueberry,Fruit,2025-05-07,moderate,97,3,1,0,6.9,89.6,main_shelf,original_pack,False,Mumbai,Jul
1216,cauliflower,Vegetable,2025-05-05,fresh,49,8,7,6,5.4,72.8,door,container,False,Kolkata,Aug
1217,cucumber,Vegetable,2025-10-15,fresh,76,8,9,10,1.1,83.4,crisper,original_pack,False,Chennai,Aug
1218,milk,Dairy,2025-01-14,fresh,10,14,18,15,6.6,89.7,counter,container,False,Chennai,Aug
1219,carrot,Vegetable,2025-08-09,spoiled,60,0,0,0,7.4,71.5,main_shelf,open,True,Kolkata,Mar
1220,spinach,Vegetable,2025-04-02,moderate,27,3,2,1,4.8,81.3,main_shelf,original_pack,False,Kolkata,Apr
1221,potato,Vegetable,2025-06-11,spoiled,68,0,0,0,6.2,83.6,freezer,wrapped,True,Delhi,Dec
1222,apple,Fruit,2025-08-06,fresh,66,10,10,11,1.8,57.2,main_shelf,container,False,Delhi,Aug
1223,potato,Vegetable,2025-02-06,fresh,87,8,9,7,7.7,93.6,freezer,open,False,Delhi,Oct
1224,tofu,Protein,2025-04-04,moderate,98,2,2,1,6.9,81.8,counter,wrapped,False,Mumbai,Aug
1225,bell_pepper,Vegetable,2025-01-19,fresh,40,8,6,6,3.0,89.7,crisper,container,False,Kolkata,Jun
1226,corn,Vegetable,2025-07-07,spoiled,49,0,0,0,10.0,57.5,main_shelf,open,False,Chennai,Jun
1227,oats,Grain,2025-12-02,fresh,38,90,72,68,5.0,73.5,counter,open,False,Chennai,Apr
1228,almond,Nut,2025-12-16,moderate,95,90,109,81,9.0,62.8,main_shelf,container,False,Bangalore,Jun
1229,peach,Fruit,2025-06-19,fresh,95,10,11,11,2.5,87.1,counter,wrapped,False,Bangalore,Aug
1230,milk,Dairy,2025-12-02,moderate,60,4,3,3,3.7,78.7,crisper,sealed_bag,False,Pune,Oct
1231,salmon,Protein,2025-12-18,fresh,23,5,6,4,9.4,68.0,freezer,open,False,Chennai,Nov
1232,lemon,Fruit,2025-03-13,moderate,65,3,2,1,7.3,59.2,counter,sealed_bag,False,Bangalore,May
1233,peas,Vegetable,2025-09-10,fresh,9,8,5,4,4.9,76.8,door,wrapped,False,Bangalore,Feb
1234,tofu,Protein,2025-12-12,fresh,8,5,5,5,1.6,65.6,counter,original_pack,False,Kolkata,Jul
1235,walnut,Nut,2025-09-20,fresh,20,365,346,243,9.9,69.6,main_shelf,sealed_bag,False,Pune,Jun
1236,garlic,Vegetable,2025-01-14,spoiled,24,0,0,0,3.9,74.6,crisper,sealed_bag,False,Hyderabad,Dec
1237,pear,Fruit,2025-09-15,moderate,67,3,2,2,3.1,93.0,counter,wrapped,False,Chennai,Jun
1238,chickpeas,Legume,2025-05-16,spoiled,20,0,0,0,9.1,81.0,freezer,container,False,Kolkata,Dec
1239,cheese,Dairy,2025-11-05,fresh,66,14,11,10,4.2,56.4,main_shelf,open,False,Kolkata,Jan
1240,pineapple,Fruit,2025-09-02,spoiled,69,0,0,0,7.5,57.0,freezer,original_pack,True,Delhi,Jun
1241,walnut,Nut,2025-06-17,fresh,1,365,416,376,5.9,81.0,crisper,open,False,Hyderabad,Nov
1242,egg,Protein,2025-05-09,spoiled,63,0,0,0,5.4,74.7,freezer,open,True,Bangalore,Sep
1243,olive_oil,Oil,2025-11-10,moderate,49,180,245,240,4.4,88.2,door,sealed_bag,False,Mumbai,Apr
1244,lettuce,Vegetable,2025-04-07,spoiled,61,0,0,0,7.7,71.3,counter,sealed_bag,True,Kolkata,Dec
1245,mushroom,Vegetable,2025-06-01,spoiled,23,0,0,0,2.0,92.0,main_shelf,wrapped,True,Hyderabad,Nov
1246,cheese,Dairy,2025-02-20,fresh,37,14,19,21,1.5,93.5,crisper,original_pack,False,Pune,Jan
1247,carrot,Vegetable,2025-11-19,fresh,54,8,9,10,1.2,74.1,main_shelf,container,False,Chennai,May
1248,onion,Vegetable,2025-07-01,spoiled,73,0,0,0,3.1,93.8,counter,original_pack,True,Hyderabad,Sep
1249,orange,Fruit,2025-07-12,fresh,26,10,8,5,9.8,64.3,counter,wrapped,False,Pune,Sep
1250,butter,Dairy,2025-11-12,fresh,83,14,13,13,3.7,84.9,door,wrapped,False,Chennai,Apr
1251,pineapple,Fruit,2025-12-20,moderate,49,3,3,3,3.3,65.5,crisper,wrapped,False,Mumbai,Oct
1252,cucumber,Vegetable,2025-04-15,fresh,81,8,7,6,5.3,74.3,main_shelf,open,False,Mumbai,Apr
1253,yogurt,Dairy,2025-02-20,fresh,10,14,13,12,4.3,91.1,counter,container,False,Kolkata,Sep
1254,milk,Dairy,2025-04-05,fresh,93,14,13,9,8.8,76.5,main_shelf,container,False,Chennai,Nov
1255,olive_oil,Oil,2025-06-04,fresh,56,365,236,208,6.3,67.8,main_shelf,wrapped,False,Delhi,Sep
1256,garlic,Vegetable,2025-05-10,fresh,23,8,6,5,6.1,77.9,door,wrapped,False,Mumbai,Nov
1257,almond,Nut,2025-04-02,spoiled,99,0,0,0,2.2,79.4,freezer,original_pack,True,Delhi,Apr
1258,lentils,Legume,2025-10-18,fresh,2,180,244,246,3.8,91.3,counter,wrapped,False,Kolkata,Mar
1259,yogurt,Dairy,2025-09-16,fresh,71,14,16,14,6.3,91.6,freezer,original_pack,False,Pune,Aug
1260,yogurt,Dairy,2025-04-15,moderate,54,4,4,3,8.0,86.5,main_shelf,open,False,Hyderabad,Aug
1261,cauliflower,Vegetable,2025-07-13,fresh,52,8,8,7,5.6,64.9,crisper,container,False,Bangalore,Nov
1262,chicken,Protein,2025-01-02,spoiled,87,0,0,0,3.9,68.4,door,original_pack,False,Pune,Jan
1263,zucchini,Vegetable,2025-12-01,moderate,87,3,3,3,2.4,79.4,crisper,open,False,Bangalore,Oct
1264,avocado,Fruit,2025-08-17,moderate,20,3,3,3,2.3,69.2,door,original_pack,False,Bangalore,Apr
1265,banana,Fruit,2025-08-04,fresh,8,10,8,8,1.7,69.0,freezer,wrapped,False,Delhi,Apr
1266,beef,Protein,2025-03-09,moderate,81,2,2,1,7.5,86.5,door,container,False,Chennai,Dec
1267,beef,Protein,2025-09-17,moderate,38,2,2,1,5.1,56.4,crisper,wrapped,False,Delhi,Dec
1268,cucumber,Vegetable,2025-12-13,moderate,43,3,3,2,8.3,69.6,counter,wrapped,False,Mumbai,Jul
1269,butter,Dairy,2025-12-01,fresh,44,14,15,14,4.3,85.8,crisper,sealed_bag,False,Kolkata,Jan
1270,peas,Vegetable,2025-02-11,moderate,49,3,2,2,1.6,60.1,counter,sealed_bag,False,Hyderabad,Aug
1271,banana,Fruit,2025-06-08,spoiled,57,0,0,0,8.8,75.8,counter,container,False,Chennai,May
1272,chickpeas,Legume,2025-04-01,moderate,54,60,50,52,3.0,59.1,main_shelf,container,False,Chennai,Sep
1273,garlic,Vegetable,2025-09-07,moderate,54,3,1,0,6.0,82.3,counter,open,False,Bangalore,Aug
1274,peach,Fruit,2025-07-16,fresh,61,10,9,9,4.0,71.6,door,original_pack,False,Hyderabad,Jun
1275,zucchini,Vegetable,2025-02-01,moderate,40,3,3,2,7.8,68.1,freezer,wrapped,False,Pune,Mar
1276,onion,Vegetable,2025-12-18,spoiled,83,0,0,0,2.6,82.5,counter,container,True,Chennai,Nov
1277,cream,Dairy,2025-06-16,spoiled,64,0,0,0,5.8,61.0,door,original_pack,False,Pune,Mar
1278,strawberry,Fruit,2025-05-03,moderate,47,3,2,1,9.5,55.7,crisper,wrapped,False,Pune,May
1279,beef,Protein,2025-07-04,fresh,11,5,4,4,1.1,81.8,door,original_pack,False,Pune,Jul
1280,mushroom,Vegetable,2025-11-12,fresh,5,8,8,9,1.1,66.0,crisper,open,False,Kolkata,May
1281,bell_pepper,Vegetable,2025-03-16,moderate,2,3,1,0,6.8,78.5,freezer,container,False,Hyderabad,Nov
1282,strawberry,Fruit,2025-04-11,spoiled,55,0,0,0,6.5,67.3,door,container,False,Pune,Apr
1283,rice,Grain,2025-03-10,fresh,46,90,94,91,4.6,74.5,door,container,False,Pune,Feb
1284,cheese,Dairy,2025-05-06,fresh,33,14,16,16,3.1,57.6,door,container,False,Pune,Dec
1285,peas,Vegetable,2025-12-02,fresh,33,8,6,5,6.5,85.8,door,sealed_bag,False,Hyderabad,Dec
1286,egg,Protein,2025-09-14,fresh,63,5,5,3,8.9,84.0,main_shelf,original_pack,False,Chennai,May
1287,apple,Fruit,2025-10-17,moderate,57,3,2,1,7.6,57.0,main_shelf,open,False,Bangalore,Jan
1288,beef,Protein,2025-09-18,moderate,13,2,1,0,4.6,71.3,main_shelf,open,False,Mumbai,Nov
1289,cream,Dairy,2025-06-02,fresh,12,14,15,12,7.1,77.0,freezer,original_pack,False,Delhi,May
1290,peas,Vegetable,2025-06-08,fresh,53,8,5,4,5.0,59.5,crisper,sealed_bag,False,Bangalore,Jul
1291,beef,Protein,2025-10-12,moderate,63,2,1,0,7.9,61.5,counter,original_pack,False,Bangalore,May
1292,garlic,Vegetable,2025-08-04,fresh,59,8,5,4,6.1,75.2,main_shelf,sealed_bag,False,Chennai,Jun
1293,olive_oil,Oil,2025-07-03,fresh,33,365,491,557,1.3,66.1,door,wrapped,False,Chennai,Jul
1294,bell_pepper,Vegetable,2025-07-09,fresh,36,8,6,4,7.9,69.8,door,container,False,Pune,Nov
1295,blueberry,Fruit,2025-06-09,moderate,11,3,3,2,7.6,66.4,counter,open,False,Kolkata,Apr
1296,chickpeas,Legume,2025-07-05,spoiled,2,0,0,0,3.3,75.2,counter,sealed_bag,False,Kolkata,Apr
1297,zucchini,Vegetable,2025-03-16,fresh,85,8,7,7,3.9,61.6,freezer,open,False,Pune,Aug
1298,spinach,Vegetable,2025-05-01,moderate,21,3,2,1,4.9,88.8,freezer,open,False,Mumbai,Jun
1299,cherry,Fruit,2025-04-05,fresh,55,10,8,7,4.1,58.5,main_shelf,open,False,Mumbai,Sep
1300,carrot,Vegetable,2025-01-19,spoiled,85,0,0,0,4.2,57.9,door,original_pack,False,Kolkata,Nov
1301,garlic,Vegetable,2025-09-17,moderate,81,3,3,2,4.1,69.7,crisper,container,False,Delhi,Nov
1302,butter,Dairy,2025-03-13,spoiled,24,0,0,0,4.9,73.8,main_shelf,original_pack,True,Pune,Mar
1303,pasta,Grain,2025-04-05,moderate,52,30,29,21,9.4,84.3,freezer,sealed_bag,False,Bangalore,Apr
1304,tomato,Vegetable,2025-07-15,fresh,37,8,7,6,5.0,91.6,freezer,container,False,Delhi,Sep
1305,yogurt,Dairy,2025-09-15,spoiled,81,0,0,0,8.6,85.5,freezer,original_pack,True,Mumbai,Oct
1306,spinach,Vegetable,2025-08-12,fresh,81,8,8,6,8.1,63.1,freezer,sealed_bag,False,Kolkata,Dec
1307,walnut,Nut,2025-01-11,spoiled,29,0,0,0,3.3,87.6,freezer,wrapped,False,Pune,Sep
1308,kiwi,Fruit,2025-12-07,moderate,13,3,1,1,1.7,59.9,freezer,wrapped,False,Hyderabad,Jan
1309,bell_pepper,Vegetable,2025-04-07,fresh,25,8,5,5,2.9,82.2,crisper,original_pack,False,Kolkata,Nov
1310,chickpeas,Legume,2025-01-06,fresh,31,180,110,106,4.6,66.2,freezer,sealed_bag,False,Hyderabad,Jan
1311,pineapple,Fruit,2025-10-12,spoiled,24,0,0,0,5.8,82.7,crisper,open,True,Kolkata,Nov
1312,tomato,Vegetable,2025-05-03,moderate,40,3,3,3,1.8,74.4,counter,open,False,Chennai,Nov
1313,potato,Vegetable,2025-12-13,moderate,45,3,1,0,4.8,62.3,crisper,original_pack,False,Bangalore,Jan
1314,blueberry,Fruit,2025-08-18,fresh,81,10,13,13,2.6,60.7,counter,sealed_bag,False,Mumbai,Jun
1315,mango,Fruit,2025-07-04,moderate,99,3,3,2,7.3,89.8,main_shelf,original_pack,False,Chennai,Jul
1316,lemon,Fruit,2025-08-20,fresh,74,10,10,11,1.3,67.9,freezer,open,False,Bangalore,Mar
1317,lentils,Legume,2025-08-12,moderate,23,60,61,69,1.3,95.0,freezer,container,False,Bangalore,Jul
1318,garlic,Vegetable,2025-07-18,fresh,86,8,8,7,4.8,58.7,main_shelf,open,False,Delhi,Jan
1319,zucchini,Vegetable,2025-08-03,spoiled,35,0,0,0,2.8,76.0,main_shelf,container,True,Hyderabad,Jan
1320,salmon,Protein,2025-12-13,spoiled,22,0,0,0,9.2,68.7,freezer,open,True,Pune,Mar
1321,rice,Grain,2025-11-15,spoiled,79,0,0,0,5.6,68.1,counter,container,False,Hyderabad,Mar
1322,watermelon,Fruit,2025-03-05,fresh,76,10,9,8,5.8,90.6,main_shelf,sealed_bag,False,Mumbai,Oct
1323,cauliflower,Vegetable,2025-02-10,moderate,75,3,2,1,7.9,65.2,main_shelf,container,False,Pune,May
1324,cheese,Dairy,2025-09-13,moderate,100,4,3,3,3.1,58.4,door,original_pack,False,Hyderabad,May
1325,cauliflower,Vegetable,2025-10-06,moderate,94,3,1,0,8.3,88.2,door,wrapped,False,Mumbai,Jul
1326,peas,Vegetable,2025-06-12,spoiled,82,0,0,0,3.2,88.7,crisper,original_pack,False,Delhi,Sep
1327,tomato,Vegetable,2025-12-15,moderate,4,3,2,2,1.1,84.7,counter,container,False,Chennai,Dec
1328,cherry,Fruit,2025-04-12,fresh,75,10,12,13,1.9,90.2,counter,open,False,Delhi,Apr
1329,kiwi,Fruit,2025-07-09,fresh,2,10,12,11,4.4,71.8,crisper,open,False,Chennai,May
1330,corn,Vegetable,2025-04-11,fresh,23,8,10,8,7.1,94.6,crisper,wrapped,False,Mumbai,Mar
1331,potato,Vegetable,2025-05-05,fresh,97,8,8,8,1.7,70.5,freezer,wrapped,False,Kolkata,Apr
1332,avocado,Fruit,2025-03-07,fresh,13,10,6,6,1.5,77.0,crisper,open,False,Bangalore,Feb
1333,tofu,Protein,2025-12-09,fresh,5,5,5,4,6.2,67.7,door,open,False,Hyderabad,Nov
1334,bread,Grain,2025-01-01,moderate,96,30,18,20,1.7,90.8,door,wrapped,False,Kolkata,Aug
1335,avocado,Fruit,2025-10-12,moderate,11,3,2,1,4.8,64.0,freezer,wrapped,False,Mumbai,Jun
1336,pear,Fruit,2025-03-17,fresh,100,10,7,5,9.5,61.0,freezer,wrapped,False,Chennai,Jan
1337,corn,Vegetable,2025-03-07,fresh,46,8,9,10,1.2,66.8,freezer,wrapped,False,Bangalore,May
1338,orange,Fruit,2025-06-07,moderate,19,3,3,2,4.3,58.4,main_shelf,wrapped,False,Kolkata,Nov
1339,tuna,Protein,2025-06-06,spoiled,50,0,0,0,5.4,86.7,crisper,original_pack,True,Hyderabad,Oct
1340,lentils,Legume,2025-07-18,spoiled,31,0,0,0,6.4,83.6,crisper,wrapped,False,Delhi,Feb
1341,orange,Fruit,2025-12-17,fresh,39,10,7,7,3.4,61.3,door,original_pack,False,Bangalore,Aug
1342,kiwi,Fruit,2025-12-16,fresh,91,10,11,11,2.8,58.0,door,open,False,Hyderabad,Jan
1343,oats,Grain,2025-11-02,fresh,69,90,96,96,3.8,92.8,door,wrapped,False,Pune,Jan
1344,cherry,Fruit,2025-08-13,fresh,11,10,13,11,6.8,86.8,freezer,open,False,Bangalore,Feb
1345,kiwi,Fruit,2025-04-18,moderate,28,3,1,1,1.9,60.0,crisper,container,False,Pune,Nov
1346,orange,Fruit,2025-10-13,fresh,45,10,6,6,3.2,67.7,freezer,original_pack,False,Chennai,Jan
1347,watermelon,Fruit,2025-06-10,moderate,16,3,3,2,8.7,92.2,freezer,open,False,Pune,Aug
1348,egg,Protein,2025-05-07,spoiled,34,0,0,0,3.6,59.9,main_shelf,original_pack,False,Pune,Feb
1349,pineapple,Fruit,2025-07-14,fresh,18,10,13,13,3.9,66.7,door,container,False,Mumbai,Mar
1350,avocado,Fruit,2025-05-05,spoiled,95,0,0,0,4.8,94.7,crisper,open,True,Hyderabad,May
1351,corn,Vegetable,2025-06-04,fresh,80,8,8,5,9.5,78.9,door,container,False,Mumbai,Apr
1352,broccoli,Vegetable,2025-08-10,spoiled,54,0,0,0,3.9,57.6,door,original_pack,True,Mumbai,Feb
1353,mushroom,Vegetable,2025-01-11,moderate,82,3,2,1,8.1,55.4,door,open,False,Chennai,Dec
1354,kiwi,Fruit,2025-11-10,fresh,82,10,13,11,6.9,92.3,freezer,sealed_bag,False,Pune,Feb
1355,walnut,Nut,2025-01-16,moderate,68,90,122,110,5.9,88.9,freezer,container,False,Kolkata,Nov
1356,almond,Nut,2025-09-08,fresh,1,365,437,491,1.5,77.3,door,open,False,Pune,Nov
1357,cucumber,Vegetable,2025-08-08,moderate,30,3,4,3,6.7,74.5,door,sealed_bag,False,Delhi,Nov
1358,rice,Grain,2025-01-04,spoiled,85,0,0,0,4.9,79.1,freezer,container,False,Mumbai,Jun
1359,tomato,Vegetable,2025-06-02,fresh,32,8,9,7,7.3,86.9,crisper,container,False,Mumbai,Aug
1360,banana,Fruit,2025-09-19,fresh,89,10,11,10,5.7,79.9,freezer,original_pack,False,Pune,Jan
1361,almond,Nut,2025-11-12,moderate,4,90,66,75,1.2,84.0,counter,original_pack,False,Bangalore,Oct
1362,blueberry,Fruit,2025-07-17,moderate,6,3,3,2,5.0,61.1,freezer,sealed_bag,False,Pune,Oct
1363,salmon,Protein,2025-02-03,moderate,76,2,1,1,1.7,92.6,door,original_pack,False,Chennai,Dec
1364,chickpeas,Legume,2025-03-16,moderate,65,60,79,61,8.5,86.6,counter,open,False,Hyderabad,Sep
1365,almond,Nut,2025-02-05,moderate,85,90,57,52,5.5,63.1,crisper,wrapped,False,Hyderabad,Jun
1366,salmon,Protein,2025-04-08,fresh,10,5,5,4,8.0,90.2,main_shelf,original_pack,False,Bangalore,Aug
1367,cheese,Dairy,2025-09-12,fresh,96,14,8,6,7.2,88.3,freezer,open,False,Bangalore,Mar
1368,tofu,Protein,2025-05-06,fresh,63,5,3,2,9.7,58.7,freezer,sealed_bag,False,Mumbai,Apr
1369,cucumber,Vegetable,2025-02-10,moderate,92,3,2,1,5.4,65.2,main_shelf,open,False,Hyderabad,May
1370,pear,Fruit,2025-06-17,fresh,58,10,10,7,9.1,65.4,crisper,container,False,Pune,Oct
1371,spinach,Vegetable,2025-10-05,fresh,84,8,5,3,8.7,68.2,door,sealed_bag,False,Kolkata,Nov
1372,apple,Fruit,2025-11-18,spoiled,62,0,0,0,4.2,88.9,freezer,container,False,Pune,Oct
1373,avocado,Fruit,2025-10-12,fresh,58,10,11,11,2.6,63.4,main_shelf,sealed_bag,False,Hyderabad,Dec
1374,bread,Grain,2025-10-05,fresh,10,90,123,97,8.1,57.9,main_shelf,original_pack,False,Chennai,Feb
1375,pasta,Grain,2025-01-16,spoiled,42,0,0,0,6.9,57.0,main_shelf,original_pack,False,Pune,Jan
1376,pear,Fruit,2025-05-04,spoiled,21,0,0,0,6.2,93.2,main_shelf,sealed_bag,False,Mumbai,Mar
1377,avocado,Fruit,2025-09-11,spoiled,90,0,0,0,6.0,86.4,freezer,open,False,Kolkata,Dec
1378,chicken,Protein,2025-01-17,fresh,45,5,5,3,8.5,64.9,counter,wrapped,False,Hyderabad,Apr
1379,milk,Dairy,2025-12-18,moderate,23,4,2,1,9.5,59.5,main_shelf,wrapped,False,Pune,Jan
1380,butter,Dairy,2025-06-04,fresh,79,14,19,16,6.4,72.9,main_shelf,open,False,Bangalore,Sep
1381,lettuce,Vegetable,2025-04-18,fresh,0,8,8,7,6.0,85.9,main_shelf,wrapped,False,Pune,May
1382,rice,Grain,2025-04-07,fresh,57,90,107,111,3.1,59.9,crisper,original_pack,False,Hyderabad,May
1383,corn,Vegetable,2025-08-01,fresh,1,8,10,10,3.8,56.2,door,sealed_bag,False,Delhi,Jun
1384,rice,Grain,2025-09-04,spoiled,85,0,0,0,8.7,91.7,crisper,container,True,Hyderabad,Mar
1385,chicken,Protein,2025-03-18,moderate,35,2,1,0,9.9,57.3,freezer,wrapped,False,Hyderabad,Sep
1386,walnut,Nut,2025-08-03,fresh,47,365,318,295,5.4,69.2,freezer,original_pack,False,Chennai,Jun
1387,tomato,Vegetable,2025-07-16,fresh,7,8,5,4,7.9,70.3,freezer,sealed_bag,False,Kolkata,Apr
1388,orange,Fruit,2025-02-04,fresh,75,10,12,13,1.6,72.2,door,original_pack,False,Pune,Apr
1389,banana,Fruit,2025-05-02,moderate,29,3,2,1,7.5,88.6,freezer,wrapped,False,Hyderabad,Feb
1390,cauliflower,Vegetable,2025-04-01,fresh,53,8,10,9,5.4,80.2,crisper,container,False,Hyderabad,Mar
1391,grape,Fruit,2025-01-16,spoiled,18,0,0,0,9.3,75.7,crisper,wrapped,True,Delhi,Aug
1392,tofu,Protein,2025-04-05,fresh,46,5,4,3,6.0,92.3,door,open,False,Kolkata,Jul
1393,bell_pepper,Vegetable,2025-04-13,spoiled,56,0,0,0,6.5,68.4,counter,open,True,Kolkata,Aug
1394,peach,Fruit,2025-09-20,spoiled,2,0,0,0,1.3,68.8,main_shelf,original_pack,False,Pune,Jun
1395,apple,Fruit,2025-07-18,spoiled,95,0,0,0,6.1,85.1,door,original_pack,True,Delhi,Dec
1396,zucchini,Vegetable,2025-12-15,spoiled,33,0,0,0,7.5,86.2,door,sealed_bag,True,Delhi,May
1397,grape,Fruit,2025-06-11,spoiled,53,0,0,0,9.1,93.9,freezer,original_pack,True,Kolkata,Mar
1398,grape,Fruit,2025-12-20,fresh,86,10,9,8,5.5,67.6,main_shelf,open,False,Chennai,Feb
1399,avocado,Fruit,2025-06-18,spoiled,6,0,0,0,1.7,89.9,freezer,wrapped,True,Chennai,May
1400,broccoli,Vegetable,2025-01-01,spoiled,5,0,0,0,5.7,55.2,door,open,True,Pune,Jul
1401,carrot,Vegetable,2025-04-10,spoiled,93,0,0,0,5.2,76.1,counter,wrapped,True,Delhi,Jul
1402,banana,Fruit,2025-05-13,fresh,54,10,13,11,6.2,60.7,main_shelf,original_pack,False,Bangalore,Jul
1403,grape,Fruit,2025-06-03,fresh,11,10,7,7,1.4,73.8,counter,open,False,Mumbai,Nov
1404,mango,Fruit,2025-01-18,moderate,86,3,2,2,2.6,81.3,crisper,original_pack,False,Hyderabad,Jun
1405,salmon,Protein,2025-02-16,fresh,32,5,3,3,4.0,55.9,crisper,wrapped,False,Pune,May
1406,milk,Dairy,2025-07-07,spoiled,98,0,0,0,7.9,83.9,crisper,open,False,Mumbai,Mar
1407,tofu,Protein,2025-06-10,fresh,48,5,5,4,4.6,57.3,crisper,wrapped,False,Hyderabad,May
1408,spinach,Vegetable,2025-11-17,fresh,77,8,8,8,3.5,85.4,main_shelf,original_pack,False,Pune,May
1409,orange,Fruit,2025-02-03,spoiled,30,0,0,0,2.7,90.8,freezer,sealed_bag,True,Pune,Nov
1410,oats,Grain,2025-03-19,fresh,58,90,89,73,7.4,87.7,door,container,False,Chennai,Dec
1411,broccoli,Vegetable,2025-05-01,spoiled,0,0,0,0,5.8,91.8,counter,original_pack,True,Kolkata,Sep
1412,carrot,Vegetable,2025-11-10,spoiled,71,0,0,0,9.7,78.2,counter,wrapped,True,Pune,Aug
1413,walnut,Nut,2025-07-09,fresh,73,365,335,289,6.7,87.2,freezer,sealed_bag,False,Bangalore,Sep
1414,strawberry,Fruit,2025-02-18,fresh,58,10,8,8,2.3,59.5,crisper,wrapped,False,Mumbai,Sep
1415,chicken,Protein,2025-12-13,fresh,96,5,4,3,8.3,72.3,crisper,container,False,Chennai,Oct
1416,pineapple,Fruit,2025-03-11,moderate,73,3,3,3,2.5,88.5,counter,sealed_bag,False,Chennai,Aug
1417,mushroom,Vegetable,2025-06-14,spoiled,96,0,0,0,9.4,55.6,freezer,original_pack,True,Chennai,Nov
1418,garlic,Vegetable,2025-12-19,spoiled,83,0,0,0,8.1,86.9,freezer,wrapped,True,Delhi,May
1419,zucchini,Vegetable,2025-01-12,fresh,57,8,7,5,8.4,59.4,freezer,open,False,Mumbai,Jun
1420,almond,Nut,2025-10-10,fresh,4,365,243,239,4.3,66.3,counter,container,False,Hyderabad,Jun
1421,cauliflower,Vegetable,2025-08-09,spoiled,34,0,0,0,4.5,80.2,counter,original_pack,True,Pune,Jun
1422,lentils,Legume,2025-11-14,moderate,26,60,58,42,9.5,92.6,main_shelf,original_pack,False,Pune,May
1423,pear,Fruit,2025-06-07,fresh,99,10,13,13,4.0,95.0,crisper,wrapped,False,Mumbai,Aug
1424,chickpeas,Legume,2025-08-13,fresh,73,180,184,152,7.4,86.0,door,container,False,Hyderabad,Aug
1425,grape,Fruit,2025-03-14,spoiled,51,0,0,0,9.9,88.7,crisper,sealed_bag,True,Bangalore,Oct
1426,cream,Dairy,2025-05-09,fresh,69,14,15,12,8.0,72.4,main_shelf,container,False,Kolkata,May
1427,cherry,Fruit,2025-07-04,moderate,55,3,1,0,9.6,79.1,door,sealed_bag,False,Bangalore,Aug
1428,olive_oil,Oil,2025-07-10,fresh,72,365,372,403,2.3,74.6,crisper,container,False,Chennai,Jul
1429,cherry,Fruit,2025-11-16,spoiled,22,0,0,0,4.0,89.2,door,container,True,Chennai,Feb
1430,potato,Vegetable,2025-08-20,moderate,65,3,2,1,6.5,76.2,main_shelf,sealed_bag,False,Chennai,Aug
1431,pasta,Grain,2025-12-10,fresh,94,90,91,96,2.8,85.2,counter,open,False,Mumbai,Apr
1432,olive_oil,Oil,2025-12-06,fresh,97,365,286,221,8.5,72.3,door,container,False,Delhi,Feb
1433,egg,Protein,2025-10-20,fresh,15,5,5,4,7.1,80.5,crisper,sealed_bag,False,Hyderabad,May
1434,peas,Vegetable,2025-03-18,spoiled,59,0,0,0,1.6,59.3,counter,open,True,Delhi,Oct
1435,onion,Vegetable,2025-04-19,fresh,95,8,5,5,2.3,87.4,crisper,original_pack,False,Hyderabad,Jul
1436,mushroom,Vegetable,2025-05-07,moderate,71,3,3,3,3.3,63.7,main_shelf,wrapped,False,Delhi,Nov
1437,almond,Nut,2025-07-08,spoiled,60,0,0,0,2.4,75.0,freezer,sealed_bag,True,Hyderabad,Nov
1438,olive_oil,Oil,2025-03-15,fresh,60,365,433,495,1.1,94.2,main_shelf,open,False,Bangalore,Oct
1439,kiwi,Fruit,2025-06-12,spoiled,25,0,0,0,4.2,93.0,main_shelf,wrapped,True,Hyderabad,Mar
1440,broccoli,Vegetable,2025-09-08,spoiled,88,0,0,0,3.7,86.0,freezer,sealed_bag,True,Hyderabad,Dec
1441,cauliflower,Vegetable,2025-11-17,moderate,72,3,2,1,9.0,84.4,door,container,False,Chennai,Mar
1442,butter,Dairy,2025-08-18,spoiled,49,0,0,0,5.6,74.2,counter,open,True,Chennai,Aug
1443,potato,Vegetable,2025-10-13,moderate,40,3,3,3,2.5,70.1,main_shelf,original_pack,False,Chennai,Dec
1444,cucumber,Vegetable,2025-05-01,fresh,33,8,5,4,5.6,60.6,crisper,open,False,Bangalore,Feb
1445,chicken,Protein,2025-12-08,fresh,58,5,5,3,8.2,65.0,crisper,sealed_bag,False,Bangalore,Jun
1446,zucchini,Vegetable,2025-06-11,moderate,3,3,2,1,6.6,63.9,crisper,container,False,Mumbai,Jun
1447,kiwi,Fruit,2025-06-17,spoiled,38,0,0,0,1.3,59.6,door,wrapped,True,Mumbai,Feb
1448,avocado,Fruit,2025-11-15,fresh,35,10,11,9,7.5,83.6,counter,sealed_bag,False,Chennai,Aug
1449,garlic,Vegetable,2025-03-04,fresh,90,8,4,3,5.5,64.3,freezer,sealed_bag,False,Bangalore,Apr
1450,tomato,Vegetable,2025-01-04,spoiled,84,0,0,0,6.7,56.8,door,container,True,Mumbai,Feb
1451,egg,Protein,2025-11-09,moderate,1,2,1,0,8.8,93.0,crisper,wrapped,False,Chennai,Apr
1452,butter,Dairy,2025-07-02,fresh,21,14,11,9,7.2,72.1,door,open,False,Delhi,Apr
1453,bell_pepper,Vegetable,2025-02-18,moderate,91,3,1,1,3.5,73.8,crisper,open,False,Delhi,Jun
1454,grape,Fruit,2025-02-19,fresh,41,10,8,8,3.2,57.8,counter,wrapped,False,Chennai,Mar
1455,milk,Dairy,2025-05-16,fresh,62,14,17,13,8.2,83.1,counter,wrapped,False,Bangalore,Jan
1456,cucumber,Vegetable,2025-06-16,fresh,44,8,8,6,9.0,70.0,crisper,original_pack,False,Mumbai,Mar
1457,lettuce,Vegetable,2025-05-17,fresh,53,8,6,6,1.5,78.6,crisper,wrapped,False,Delhi,May
1458,mango,Fruit,2025-02-10,moderate,71,3,2,1,8.0,59.4,counter,open,False,Bangalore,Jan
1459,garlic,Vegetable,2025-06-12,spoiled,62,0,0,0,1.7,75.0,crisper,container,True,Bangalore,Dec
1460,egg,Protein,2025-12-10,fresh,11,5,6,4,9.0,65.5,door,original_pack,False,Pune,Mar
1461,tuna,Protein,2025-11-01,spoiled,67,0,0,0,2.3,71.2,counter,open,False,Kolkata,Jan
1462,watermelon,Fruit,2025-07-06,fresh,52,10,6,5,4.9,75.5,counter,original_pack,False,Hyderabad,Aug
1463,strawberry,Fruit,2025-09-04,fresh,37,10,8,7,4.7,77.5,main_shelf,open,False,Bangalore,Jul
1464,pasta,Grain,2025-02-09,moderate,28,30,28,32,1.1,72.2,freezer,original_pack,False,Hyderabad,Aug
1465,blueberry,Fruit,2025-07-14,moderate,94,3,2,1,7.7,86.5,crisper,open,False,Delhi,May
1466,pineapple,Fruit,2025-08-14,spoiled,1,0,0,0,3.9,56.2,crisper,wrapped,True,Chennai,Dec
1467,almond,Nut,2025-09-09,moderate,22,90,54,40,9.1,91.5,counter,original_pack,False,Delhi,Jun
1468,cauliflower,Vegetable,2025-01-14,fresh,54,8,8,7,4.9,74.3,freezer,sealed_bag,False,Pune,Feb
1469,salmon,Protein,2025-05-19,moderate,15,2,2,2,2.6,85.4,door,sealed_bag,False,Chennai,Nov
1470,beef,Protein,2025-12-12,moderate,79,2,1,1,2.4,93.1,freezer,container,False,Mumbai,Apr
1471,mushroom,Vegetable,2025-01-17,spoiled,86,0,0,0,9.8,86.4,counter,open,True,Kolkata,Jan
1472,onion,Vegetable,2025-11-13,moderate,75,3,3,2,8.3,82.5,counter,container,False,Chennai,Feb
1473,pear,Fruit,2025-01-18,moderate,27,3,2,1,7.8,86.9,freezer,open,False,Pune,Jan
1474,egg,Protein,2025-02-13,moderate,83,2,1,0,5.4,81.3,main_shelf,open,False,Pune,Nov
1475,corn,Vegetable,2025-06-20,moderate,45,3,2,2,3.0,69.9,counter,open,False,Delhi,Feb
1476,corn,Vegetable,2025-03-19,fresh,51,8,7,7,1.7,83.2,door,container,False,Kolkata,Jul
1477,almond,Nut,2025-04-13,fresh,65,365,468,526,1.5,86.2,freezer,sealed_bag,False,Mumbai,Jan
1478,tuna,Protein,2025-09-01,fresh,49,5,4,4,3.5,56.8,counter,original_pack,False,Chennai,Oct
1479,zucchini,Vegetable,2025-11-18,moderate,63,3,4,3,8.4,87.9,crisper,container,False,Mumbai,Nov
1480,spinach,Vegetable,2025-07-13,spoiled,41,0,0,0,9.8,80.6,counter,original_pack,True,Mumbai,Dec
1481,walnut,Nut,2025-05-14,spoiled,7,0,0,0,9.6,85.3,main_shelf,original_pack,False,Pune,Jul
1482,apple,Fruit,2025-01-13,moderate,35,3,3,2,8.7,80.1,counter,sealed_bag,False,Bangalore,Jun
1483,tuna,Protein,2025-01-11,moderate,95,2,1,0,5.2,79.4,counter,sealed_bag,False,Chennai,May
1484,milk,Dairy,2025-08-14,fresh,33,14,13,11,5.8,55.9,door,open,False,Mumbai,Jan
1485,oats,Grain,2025-02-20,spoiled,69,0,0,0,9.3,86.8,door,wrapped,True,Bangalore,Apr
1486,cream,Dairy,2025-01-13,moderate,20,4,2,2,3.5,74.4,counter,sealed_bag,False,Hyderabad,Jun
1487,apple,Fruit,2025-12-05,fresh,68,10,8,8,3.0,55.5,door,open,False,Delhi,Jun
1488,grape,Fruit,2025-08-18,fresh,65,10,8,8,3.3,58.2,freezer,original_pack,False,Chennai,Dec
1489,garlic,Vegetable,2025-09-09,fresh,11,8,11,9,6.6,82.7,counter,open,False,Delhi,Dec
1490,orange,Fruit,2025-01-16,spoiled,33,0,0,0,1.2,83.5,crisper,original_pack,False,Delhi,Feb
1491,bell_pepper,Vegetable,2025-03-16,fresh,52,8,8,6,8.5,63.7,counter,sealed_bag,False,Kolkata,Jul
1492,egg,Protein,2025-08-20,moderate,25,2,2,2,3.4,64.0,crisper,container,False,Mumbai,Nov
1493,garlic,Vegetable,2025-06-14,fresh,25,8,6,6,1.4,94.2,freezer,open,False,Bangalore,Feb
1494,blueberry,Fruit,2025-10-10,fresh,78,10,12,13,2.1,74.1,crisper,sealed_bag,False,Pune,Jun
1495,cream,Dairy,2025-10-10,spoiled,24,0,0,0,3.0,72.2,freezer,original_pack,True,Bangalore,Jun
1496,oats,Grain,2025-06-20,moderate,35,30,20,20,3.8,84.6,door,wrapped,False,Hyderabad,Feb
1497,garlic,Vegetable,2025-05-13,fresh,89,8,8,8,3.9,59.4,main_shelf,open,False,Hyderabad,Aug
1498,tuna,Protein,2025-11-02,moderate,16,2,1,0,4.7,64.1,main_shelf,open,False,Delhi,Mar
1499,kiwi,Fruit,2025-04-04,fresh,84,10,7,6,5.7,80.3,counter,wrapped,False,Chennai,Mar
1500,cucumber,Vegetable,2025-05-01,fresh,3,8,9,7,6.9,74.8,door,sealed_bag,False,Kolkata,Sep
