observation_id,food_name,ground_truth,predicted,h_mean,s_mean,v_mean,h_std,s_std,v_std,dark_ratio,texture_score,freshness_score,ambient_temp_c,humidity_pct,scan_date,location
1,spinach,moderate,fresh,29.97,86.54,146.19,13.05,24.3,24.3,0.0,0.567,74.7,3.0,90.1,2025-07-13,Mumbai
2,pineapple,fresh,fresh,42.63,165.35,170.61,9.09,18.61,18.6,0.0097,0.45,86.8,7.4,67.2,2025-04-10,Bangalore
3,lentils,moderate,moderate,27.42,42.17,86.88,8.88,21.96,25.94,0.0686,0.379,63.6,3.2,85.1,2025-08-09,Mumbai
4,apple,spoiled,fresh,14.74,21.75,126.64,7.55,20.2,20.73,0.013,0.644,75.3,3.5,71.5,2025-10-16,Bangalore
5,cauliflower,moderate,fresh,19.56,92.77,101.23,10.75,23.2,24.12,0.0,0.893,82.2,4.7,84.5,2025-12-26,Delhi
6,corn,moderate,fresh,18.98,136.31,129.66,7.88,27.47,21.34,0.0,0.324,88.1,7.4,85.7,2025-08-13,Pune
7,pear,moderate,fresh,27.09,41.01,96.8,10.39,27.22,25.51,0.024,0.139,67.3,7.3,65.5,2025-11-18,Delhi
8,pasta,spoiled,moderate,18.84,30.48,40.43,8.56,13.62,23.17,0.3067,0.296,49.3,5.0,94.7,2025-09-04,Delhi
9,watermelon,moderate,fresh,28.44,45.92,138.1,9.23,22.97,26.84,0.0112,0.469,78.6,3.0,67.3,2025-01-15,Chennai
10,watermelon,moderate,fresh,35.31,113.28,109.02,9.38,25.99,27.93,0.0,0.409,83.0,4.4,66.8,2025-01-01,Delhi
11,pineapple,moderate,fresh,20.21,85.36,102.34,7.61,27.44,29.07,0.0068,0.518,72.2,4.8,62.9,2025-11-08,Pune
12,zucchini,fresh,fresh,29.42,170.07,187.23,6.71,21.08,24.61,0.0137,0.254,94.8,2.1,63.5,2025-05-04,Hyderabad
13,almond,fresh,fresh,29.71,181.29,127.61,9.64,20.26,19.1,0.0105,0.71,78.9,2.9,72.5,2025-04-23,Chennai
14,oats,fresh,fresh,30.73,110.25,175.61,8.71,24.43,18.45,0.0,0.671,84.3,5.1,83.2,2025-11-04,Bangalore
15,tofu,fresh,fresh,23.53,139.96,198.31,8.66,18.41,21.54,0.0,0.795,81.6,6.6,92.5,2025-06-08,Mumbai
16,orange,fresh,fresh,30.78,169.37,165.96,7.34,18.82,15.61,0.0,0.838,80.4,6.1,62.2,2025-02-26,Kolkata
17,pasta,fresh,fresh,32.37,155.22,180.1,7.53,15.75,18.74,0.0,0.197,82.9,4.0,79.7,2025-04-20,Mumbai
18,cream,fresh,fresh,27.26,133.95,176.77,8.81,25.66,20.52,0.0,0.195,85.6,3.9,60.5,2025-11-11,Chennai
19,potato,fresh,fresh,32.06,148.51,141.62,7.95,20.18,27.39,0.0063,0.351,80.4,5.7,61.5,2025-04-14,Delhi
20,olive_oil,moderate,fresh,23.08,97.54,129.13,7.66,28.43,27.26,0.0,0.583,88.6,7.9,89.8,2025-03-09,Chennai
21,salmon,fresh,fresh,36.33,131.81,208.06,5.2,21.76,26.57,0.0,0.932,91.2,6.6,64.7,2025-03-21,Kolkata
22,tofu,fresh,fresh,22.08,138.67,181.99,6.99,15.35,20.21,0.0,0.402,93.1,5.7,80.5,2025-07-17,Pune
23,almond,fresh,fresh,21.5,159.47,161.61,11.1,17.65,19.03,0.0195,0.309,88.5,5.7,91.4,2025-05-08,Pune
24,mushroom,moderate,fresh,33.14,59.23,135.69,12.61,20.18,25.55,0.0,0.437,81.0,3.8,65.3,2025-04-21,Chennai
25,tomato,spoiled,moderate,13.56,51.73,35.26,3.36,16.57,20.89,0.3415,0.765,46.5,4.0,69.7,2025-11-26,Kolkata
26,strawberry,fresh,fresh,2.5,215.2,146.4,2.46,15.88,17.86,0.0059,0.36,96.8,2.1,89.6,2025-06-11,Mumbai
27,kiwi,fresh,fresh,44.93,159.48,156.17,9.31,17.08,22.36,0.0066,0.324,93.1,6.1,85.2,2025-10-28,Bangalore
28,butter,fresh,fresh,39.27,133.59,199.27,8.83,22.47,25.69,0.0,0.883,87.6,2.4,66.7,2025-11-05,Mumbai
29,lemon,fresh,fresh,28.04,134.93,162.21,6.37,19.77,21.02,0.0132,0.939,87.1,3.4,62.7,2025-12-15,Delhi
30,peach,moderate,fresh,27.77,110.68,130.33,12.91,24.21,33.16,0.0,0.324,77.7,3.7,75.7,2025-11-07,Delhi
31,milk,fresh,fresh,13.13,5.71,229.29,5.96,4.33,12.14,0.0,0.251,90.9,4.6,77.7,2025-12-14,Kolkata
32,blueberry,moderate,fresh,29.73,88.18,108.83,6.97,23.66,27.57,0.0,0.443,83.4,7.1,86.6,2025-05-20,Hyderabad
33,blueberry,moderate,fresh,27.14,58.86,134.33,10.77,22.35,25.46,0.0,0.375,73.8,3.7,79.7,2025-08-03,Delhi
34,lemon,moderate,fresh,25.58,61.43,138.94,11.12,28.25,28.16,0.0166,0.104,74.6,7.2,85.6,2025-06-16,Bangalore
35,peas,spoiled,fresh,6.22,20.93,80.3,11.03,16.55,31.56,0.0934,0.541,72.2,5.8,80.6,2025-07-02,Chennai
36,potato,spoiled,fresh,25.71,52.03,89.08,11.3,14.05,22.28,0.0651,0.961,65.3,6.6,86.3,2025-06-17,Pune
37,cheese,moderate,fresh,17.27,84.08,117.87,10.16,31.94,19.4,0.0,0.447,77.1,4.5,68.6,2025-08-02,Kolkata
38,garlic,moderate,fresh,31.86,49.68,118.2,12.18,25.19,21.77,0.0079,0.681,80.0,3.6,75.9,2025-11-05,Delhi
39,tomato,moderate,fresh,5.14,143.59,115.39,4.43,20.14,18.05,0.0137,0.111,89.7,6.6,82.6,2025-07-13,Pune
40,beef,spoiled,moderate,41.44,44.51,29.5,10.37,13.01,22.56,0.3689,0.888,35.0,3.0,74.9,2025-12-10,Hyderabad
41,cream,moderate,fresh,17.07,87.13,142.62,11.73,21.4,24.0,0.0,0.47,79.4,7.3,85.5,2025-02-04,Pune
42,chicken,moderate,fresh,20.25,73.67,174.14,10.81,21.22,27.75,0.0,0.774,80.5,7.6,73.9,2025-05-01,Mumbai
43,cheese,fresh,fresh,46.98,170.65,149.61,7.03,23.8,17.88,0.0079,0.572,79.9,5.9,85.7,2025-03-06,Delhi
44,pear,moderate,fresh,29.44,109.37,106.83,9.88,15.28,21.93,0.0,0.954,75.0,4.7,88.5,2025-03-07,Chennai
45,almond,fresh,fresh,27.98,125.04,212.65,5.14,18.68,20.39,0.0,0.912,93.2,4.5,81.9,2025-10-04,Kolkata
46,bread,fresh,fresh,41.53,121.28,203.26,8.02,17.06,21.39,0.0,0.349,84.8,4.1,80.5,2025-08-16,Pune
47,walnut,fresh,fresh,31.59,138.0,181.4,7.23,20.34,21.99,0.0101,0.107,80.3,5.5,94.6,2025-02-07,Hyderabad
48,apple,fresh,fresh,9.76,155.24,232.0,0.9,19.54,16.76,0.0185,0.339,92.6,4.9,86.5,2025-10-14,Delhi
49,garlic,moderate,fresh,27.81,74.43,124.8,9.01,23.23,27.55,0.0,0.316,76.7,4.2,73.9,2025-10-02,Delhi
50,bell_pepper,moderate,fresh,28.57,72.68,152.49,10.61,27.44,26.89,0.0148,0.462,73.3,7.0,92.4,2025-01-20,Chennai
51,butter,fresh,fresh,23.37,138.8,194.95,9.22,19.94,20.35,0.0126,0.432,91.6,5.7,83.1,2025-08-17,Bangalore
52,pasta,fresh,fresh,40.22,138.17,190.94,7.6,19.35,23.3,0.0183,0.831,95.9,2.1,72.6,2025-01-26,Pune
53,cucumber,moderate,fresh,33.25,110.34,162.64,10.04,27.05,24.07,0.0,0.765,80.0,6.8,72.2,2025-08-22,Kolkata
54,tofu,spoiled,fresh,23.24,33.05,71.94,11.19,12.55,26.28,0.1321,0.276,65.1,2.9,78.2,2025-10-26,Kolkata
55,lentils,fresh,fresh,21.95,125.72,203.16,9.58,21.87,21.89,0.0119,0.371,82.4,6.0,79.2,2025-08-06,Bangalore
56,pineapple,fresh,fresh,29.9,132.05,181.52,6.65,22.93,19.56,0.0,0.253,87.7,7.7,84.5,2025-02-14,Pune
57,banana,fresh,fresh,26.7,205.18,224.13,2.87,12.53,10.73,0.0161,0.79,100.0,3.3,69.0,2025-08-22,Chennai
58,pasta,fresh,fresh,31.96,139.86,170.58,8.46,15.66,15.78,0.009,0.181,87.2,6.2,90.5,2025-10-25,Hyderabad
59,watermelon,moderate,fresh,17.82,84.66,137.77,12.95,27.57,24.52,0.0087,0.762,78.8,4.3,82.5,2025-09-28,Bangalore
60,avocado,fresh,fresh,29.85,129.95,179.63,7.42,20.97,17.52,0.0,0.18,80.6,6.4,92.8,2025-12-04,Hyderabad
61,garlic,fresh,fresh,34.15,180.65,177.82,8.8,22.07,18.8,0.0,0.763,86.6,3.9,80.7,2025-04-28,Bangalore
62,mushroom,fresh,fresh,31.79,150.25,181.95,6.45,20.07,21.49,0.0072,0.817,85.9,5.1,81.1,2025-04-04,Bangalore
63,apple,fresh,fresh,9.35,199.19,232.3,1.47,22.62,15.55,0.0,0.949,94.3,7.0,77.5,2025-08-05,Hyderabad
64,spinach,fresh,fresh,47.52,133.83,163.21,6.8,13.63,18.42,0.0121,0.733,88.3,5.6,70.8,2025-12-04,Delhi
65,lentils,moderate,fresh,17.41,93.76,138.54,13.75,27.85,23.27,0.0,0.362,83.5,7.8,62.1,2025-06-05,Kolkata
66,lentils,fresh,fresh,22.81,159.84,153.6,11.66,23.54,18.59,0.0124,0.73,90.2,2.3,90.3,2025-03-28,Bangalore
67,chickpeas,fresh,fresh,16.29,177.08,177.71,10.48,15.22,18.2,0.0064,0.864,97.1,7.9,79.2,2025-06-14,Pune
68,milk,spoiled,fresh,25.04,45.56,131.0,9.25,8.8,19.57,0.0,0.575,82.1,3.7,84.4,2025-04-23,Kolkata
69,egg,fresh,fresh,30.96,160.29,194.23,5.75,15.4,23.83,0.0101,0.622,83.8,6.8,89.7,2025-12-10,Bangalore
70,rice,fresh,fresh,32.66,135.03,211.02,8.23,23.54,20.2,0.0078,0.362,83.7,2.9,67.6,2025-12-07,Pune
71,rice,fresh,fresh,46.49,185.11,175.02,9.94,21.94,24.11,0.003,0.71,93.2,7.9,65.2,2025-07-22,Kolkata
72,peach,spoiled,moderate,10.35,45.29,91.17,6.48,11.45,13.88,0.0631,0.262,64.8,2.3,94.3,2025-11-11,Hyderabad
73,mushroom,spoiled,fresh,17.31,45.76,100.05,10.15,19.89,15.86,0.0,0.131,77.6,3.4,77.1,2025-12-20,Mumbai
74,rice,moderate,fresh,7.97,88.61,139.6,9.93,18.8,24.73,0.0196,0.704,85.6,2.5,76.2,2025-11-13,Delhi
75,bread,moderate,fresh,11.96,106.74,139.16,8.12,23.46,21.82,0.0,0.174,80.1,4.9,83.4,2025-09-08,Chennai
76,beef,moderate,fresh,24.37,113.88,105.36,11.01,23.41,22.62,0.0,0.771,81.1,6.8,66.3,2025-08-21,Pune
77,mushroom,fresh,fresh,29.14,129.3,168.93,5.6,25.89,20.11,0.0,0.742,79.9,7.2,78.8,2025-07-27,Pune
78,banana,fresh,fresh,27.2,213.21,218.88,3.56,16.84,12.27,0.0113,0.577,99.8,2.4,89.3,2025-09-23,Kolkata
79,rice,fresh,fresh,25.76,138.48,174.5,3.4,15.45,24.1,0.0186,0.908,90.9,3.1,81.0,2025-03-01,Hyderabad
80,zucchini,moderate,fresh,41.45,83.77,144.41,10.62,34.24,28.36,0.0,0.286,75.2,3.0,79.7,2025-01-03,Chennai
81,yogurt,fresh,fresh,28.98,130.89,147.87,8.41,17.73,15.73,0.0,0.979,91.8,5.9,68.7,2025-01-17,Kolkata
82,spinach,moderate,fresh,18.53,62.96,172.18,11.76,24.98,29.44,0.0031,0.726,81.3,5.1,94.5,2025-06-20,Hyderabad
83,yogurt,fresh,fresh,30.62,132.77,210.46,9.08,16.89,19.43,0.0128,0.313,82.9,3.1,70.5,2025-04-05,Hyderabad
84,egg,fresh,fresh,23.0,122.34,198.52,11.82,15.8,21.69,0.0,0.66,85.5,2.4,68.9,2025-07-21,Mumbai
85,corn,fresh,fresh,24.79,140.26,168.15,6.27,20.15,17.51,0.0071,0.946,93.6,2.9,67.1,2025-11-24,Delhi
86,bread,moderate,fresh,27.7,88.74,124.03,8.18,23.27,27.27,0.0,0.692,75.0,6.9,81.2,2025-07-27,Mumbai
87,cucumber,spoiled,moderate,25.01,20.34,71.99,11.5,9.99,21.63,0.1211,0.643,59.6,2.5,64.4,2025-02-22,Hyderabad
88,peas,fresh,fresh,24.7,161.41,164.73,4.39,15.12,20.14,0.0,0.4,89.7,3.6,90.4,2025-04-09,Chennai
89,mango,fresh,fresh,32.08,131.91,192.77,4.68,19.8,16.37,0.0,0.195,95.4,7.6,66.2,2025-12-10,Hyderabad
90,cheese,fresh,fresh,24.79,150.95,162.79,7.23,23.02,18.27,0.0029,0.354,84.2,3.6,63.5,2025-01-06,Delhi
91,walnut,fresh,fresh,36.69,127.41,190.6,10.88,12.59,17.61,0.0097,0.971,85.0,5.2,80.8,2025-07-16,Hyderabad
92,lemon,fresh,fresh,34.62,145.94,187.42,6.79,20.26,19.53,0.0085,0.692,91.3,2.9,79.9,2025-05-02,Pune
93,bread,spoiled,fresh,31.68,38.82,76.75,9.18,13.54,18.7,0.1062,0.648,67.3,6.2,66.4,2025-06-26,Bangalore
94,yogurt,fresh,fresh,33.16,141.58,185.8,12.15,22.61,19.02,0.0008,0.747,95.1,7.5,68.0,2025-11-28,Chennai
95,lettuce,fresh,fresh,39.61,141.84,139.24,5.98,14.39,18.95,0.0,0.172,81.3,6.4,93.1,2025-03-19,Chennai
96,orange,moderate,fresh,25.18,131.91,138.17,9.56,27.49,18.37,0.0,0.887,84.5,7.8,74.8,2025-09-24,Mumbai
97,milk,fresh,fresh,11.18,13.85,225.21,7.29,6.02,8.75,0.0071,0.579,86.4,2.7,60.5,2025-04-27,Pune
98,apple,moderate,fresh,21.16,176.77,163.64,5.5,23.62,17.45,0.01,0.32,91.5,6.4,93.3,2025-09-22,Hyderabad
99,strawberry,moderate,fresh,8.32,112.88,111.43,3.04,21.44,21.0,0.007,0.894,87.8,5.1,67.9,2025-02-12,Kolkata
100,lemon,fresh,fresh,38.3,139.8,174.6,6.04,18.67,21.13,0.0,0.441,94.2,4.2,64.0,2025-11-08,Kolkata
101,cream,spoiled,fresh,27.57,21.17,87.39,12.71,16.24,25.63,0.0546,0.535,73.8,3.6,60.1,2025-11-19,Bangalore
102,kiwi,spoiled,moderate,12.26,16.33,34.43,12.99,16.96,19.83,0.3462,0.564,49.3,7.4,92.7,2025-10-28,Bangalore
103,grape,fresh,fresh,32.24,127.49,228.92,8.26,20.33,22.18,0.0,0.419,92.3,2.0,91.2,2025-03-13,Delhi
104,apple,fresh,fresh,6.44,184.48,188.14,3.94,25.65,19.04,0.0,0.563,90.5,2.9,64.3,2025-08-01,Mumbai
105,olive_oil,moderate,fresh,40.93,77.22,105.26,9.75,25.17,28.28,0.0,0.369,73.4,4.6,66.4,2025-05-04,Bangalore
106,pasta,moderate,fresh,8.08,128.24,126.05,9.15,21.96,20.04,0.0,0.491,77.0,4.2,90.5,2025-04-04,Mumbai
107,spinach,fresh,fresh,36.59,151.47,154.2,5.41,18.99,25.01,0.0098,0.911,84.3,3.0,67.0,2025-08-22,Delhi
108,pineapple,fresh,fresh,27.92,119.94,175.09,7.45,11.91,19.84,0.012,0.743,86.6,3.9,86.8,2025-07-17,Pune
109,almond,moderate,fresh,22.69,107.41,176.22,12.25,24.19,21.68,0.0,0.197,83.4,2.1,65.4,2025-09-01,Kolkata
110,oats,fresh,fresh,50.59,151.18,180.28,7.95,20.59,19.57,0.0,0.979,90.9,6.4,75.2,2025-05-10,Bangalore
111,orange,moderate,fresh,19.26,76.33,129.18,8.91,22.86,25.32,0.0,0.56,75.6,3.5,86.8,2025-05-23,Mumbai
112,pasta,moderate,moderate,22.45,127.6,63.73,12.18,28.74,18.78,0.1896,0.829,58.2,6.2,77.6,2025-03-07,Kolkata
113,beef,moderate,fresh,21.57,80.71,94.81,8.44,21.67,30.26,0.0108,0.461,69.5,3.6,66.7,2025-03-14,Chennai
114,tuna,fresh,fresh,37.49,175.43,194.43,5.74,18.43,21.47,0.0,0.572,96.4,6.2,94.3,2025-04-11,Bangalore
115,milk,fresh,fresh,3.89,13.56,237.6,4.25,7.13,11.33,0.0,0.199,83.3,4.2,93.0,2025-12-14,Mumbai
116,cucumber,spoiled,moderate,16.39,52.39,48.38,11.23,16.78,19.07,0.2381,0.694,46.1,3.9,70.0,2025-05-20,Chennai
117,mushroom,fresh,fresh,32.61,124.98,198.48,7.63,18.43,23.15,0.0,0.374,95.1,2.6,60.5,2025-09-25,Kolkata
118,lemon,fresh,fresh,24.37,121.83,148.87,9.21,16.16,25.26,0.0,0.801,87.7,5.2,73.0,2025-11-09,Mumbai
119,beef,fresh,fresh,13.34,183.93,184.22,7.81,18.37,21.2,0.0,0.768,96.5,2.7,80.5,2025-11-27,Mumbai
120,cherry,moderate,fresh,24.62,117.58,132.86,10.3,23.91,24.83,0.0,0.592,89.1,4.1,85.4,2025-04-18,Pune
121,blueberry,fresh,fresh,32.46,115.8,153.04,9.49,20.51,19.45,0.002,0.327,78.9,7.3,89.9,2025-09-12,Delhi
122,zucchini,moderate,fresh,25.18,98.69,116.51,8.44,25.59,22.06,0.0,0.535,73.8,5.1,93.3,2025-01-06,Hyderabad
123,broccoli,moderate,fresh,49.08,45.95,95.44,10.95,20.77,17.95,0.0046,0.61,67.4,6.8,84.3,2025-12-27,Bangalore
124,cheese,moderate,fresh,41.65,115.36,83.98,7.44,23.13,25.08,0.099,0.249,77.9,6.5,73.4,2025-07-13,Hyderabad
125,broccoli,fresh,fresh,59.14,109.11,102.8,6.49,13.17,10.78,0.0029,0.633,71.5,2.1,92.5,2025-09-15,Hyderabad
126,lentils,moderate,fresh,15.77,56.21,105.6,12.11,22.15,32.9,0.0141,0.367,72.7,3.6,64.2,2025-04-02,Hyderabad
127,tomato,fresh,fresh,3.99,202.77,167.12,3.4,13.27,15.37,0.0177,0.35,92.3,2.8,90.6,2025-01-21,Mumbai
128,kiwi,fresh,fresh,50.48,148.08,202.99,6.59,19.9,25.31,0.0,0.645,81.7,4.2,62.9,2025-12-18,Delhi
129,chickpeas,fresh,fresh,24.98,186.25,194.16,6.88,21.9,22.92,0.0,0.987,97.6,5.8,60.4,2025-06-08,Pune
130,broccoli,fresh,fresh,59.97,96.45,89.09,7.5,14.78,16.86,0.056,0.981,80.8,6.7,87.3,2025-02-24,Pune
131,tofu,fresh,fresh,31.42,123.29,187.6,9.22,21.68,23.24,0.0148,0.671,89.4,5.3,88.6,2025-04-11,Delhi
132,kiwi,moderate,fresh,33.34,101.48,128.25,6.68,26.29,25.62,0.0101,0.24,86.0,3.4,85.4,2025-06-05,Bangalore
133,orange,fresh,fresh,32.17,124.47,158.38,10.11,19.88,22.04,0.0126,0.258,84.1,5.4,93.0,2025-03-21,Delhi
134,banana,fresh,fresh,30.11,210.45,229.38,2.97,15.29,8.61,0.0127,0.719,100.0,3.1,65.0,2025-07-08,Bangalore
135,rice,spoiled,moderate,15.66,30.36,74.44,9.04,18.77,17.32,0.1289,0.754,56.0,6.8,81.1,2025-07-13,Chennai
136,pineapple,moderate,fresh,23.13,79.01,166.17,10.39,28.1,20.54,0.0058,0.139,86.9,3.5,62.9,2025-03-21,Hyderabad
137,apple,moderate,fresh,19.34,142.24,161.65,7.13,23.45,24.23,0.0117,0.588,78.2,6.9,89.8,2025-02-07,Mumbai
138,milk,moderate,fresh,28.79,17.1,193.32,8.91,12.74,13.43,0.0126,0.377,87.4,4.9,68.5,2025-09-23,Delhi
139,bread,fresh,fresh,26.64,144.36,153.11,6.16,16.99,17.7,0.0,0.59,77.8,2.6,91.0,2025-07-05,Chennai
140,avocado,fresh,fresh,29.72,154.68,211.01,6.0,22.95,19.36,0.0,0.69,89.5,3.4,90.8,2025-07-22,Pune
141,pineapple,fresh,fresh,29.6,163.5,157.55,8.76,20.5,21.48,0.0,0.961,94.8,3.7,62.7,2025-06-04,Delhi
142,orange,spoiled,moderate,22.89,71.83,57.25,8.94,13.13,18.33,0.2009,0.577,58.3,5.6,83.8,2025-03-22,Pune
143,lettuce,moderate,fresh,18.63,119.73,165.51,8.86,22.5,26.41,0.015,0.344,81.6,5.0,72.9,2025-05-26,Pune
144,watermelon,moderate,fresh,19.48,105.82,135.07,6.97,29.64,30.39,0.0191,0.8,87.6,2.9,65.2,2025-08-24,Kolkata
145,milk,moderate,fresh,11.32,16.9,204.29,6.67,9.98,21.03,0.0,0.754,75.8,2.9,71.3,2025-03-06,Kolkata
146,potato,fresh,fresh,28.58,134.03,152.41,6.54,19.9,25.38,0.0,0.976,84.7,5.6,82.3,2025-03-26,Pune
147,tomato,fresh,fresh,1.96,203.36,179.75,4.38,22.58,13.41,0.0015,0.543,91.8,5.2,68.1,2025-02-19,Pune
148,peas,fresh,fresh,26.08,170.88,193.64,11.69,21.75,18.92,0.0125,0.297,94.7,2.5,72.7,2025-04-28,Chennai
149,garlic,moderate,fresh,30.91,117.72,150.51,11.01,28.2,28.51,0.0168,0.154,91.1,4.1,89.7,2025-03-10,Bangalore
150,blueberry,moderate,fresh,38.82,106.22,125.82,10.29,28.62,22.55,0.0173,0.479,81.9,3.3,67.9,2025-12-05,Chennai
151,tofu,moderate,fresh,28.69,80.17,130.72,12.56,25.57,25.14,0.0,0.968,78.0,4.2,84.5,2025-11-19,Chennai
152,milk,moderate,fresh,6.84,25.97,209.68,10.33,7.08,15.66,0.0,0.429,88.9,2.5,62.7,2025-10-27,Kolkata
153,peas,fresh,fresh,32.0,181.55,178.09,8.56,21.82,20.56,0.0097,0.773,84.6,6.2,70.5,2025-07-24,Delhi
154,zucchini,moderate,fresh,20.54,94.85,156.84,7.95,25.4,22.9,0.0,0.24,86.0,7.3,61.1,2025-03-17,Mumbai
155,apple,fresh,fresh,8.59,149.54,191.62,3.75,24.7,14.8,0.0179,0.509,87.6,6.3,69.0,2025-10-17,Delhi
156,lentils,fresh,fresh,25.56,187.62,151.04,3.6,21.32,18.49,0.0,0.183,94.8,4.3,93.3,2025-12-07,Bangalore
157,tuna,fresh,fresh,21.83,164.17,184.88,6.87,16.16,22.62,0.0129,0.978,87.4,5.6,62.7,2025-12-15,Bangalore
158,cucumber,moderate,fresh,31.5,87.52,176.17,7.86,20.42,22.92,0.0,0.149,82.4,4.2,74.8,2025-05-04,Chennai
159,watermelon,fresh,fresh,29.64,154.87,175.18,8.7,16.25,24.33,0.0,0.316,92.3,3.0,63.7,2025-04-20,Chennai
160,walnut,spoiled,moderate,19.18,51.76,76.85,10.91,16.71,21.34,0.1038,0.936,59.8,3.4,63.0,2025-10-19,Chennai
161,chicken,spoiled,moderate,26.43,54.94,73.93,11.42,14.73,24.32,0.1123,0.184,63.3,3.9,94.3,2025-05-13,Hyderabad
162,cherry,fresh,fresh,24.59,186.02,179.2,5.14,20.38,17.96,0.0,0.217,88.2,6.0,71.6,2025-12-17,Chennai
163,yogurt,moderate,fresh,33.41,73.68,118.85,6.22,23.64,17.73,0.0035,0.444,73.1,5.5,89.8,2025-05-06,Mumbai
164,oats,fresh,fresh,17.33,165.21,195.72,8.85,17.1,19.86,0.0,0.747,96.2,7.3,88.3,2025-11-05,Kolkata
165,lentils,fresh,fresh,29.97,126.83,210.07,9.75,19.34,20.08,0.0007,0.756,96.4,5.9,92.6,2025-06-15,Kolkata
166,lemon,fresh,fresh,31.67,109.17,175.06,6.64,17.0,19.16,0.0142,0.488,82.9,7.3,87.1,2025-07-08,Mumbai
167,tuna,moderate,fresh,42.98,106.02,115.72,11.15,29.2,27.77,0.0027,0.995,87.6,2.6,60.5,2025-05-18,Kolkata
168,orange,fresh,fresh,30.48,137.06,193.96,8.79,22.69,21.91,0.0,0.366,87.6,2.4,80.2,2025-06-03,Chennai
169,pear,moderate,fresh,35.5,76.62,162.93,10.4,31.23,22.93,0.0194,0.981,81.7,6.6,75.5,2025-03-04,Hyderabad
170,cheese,fresh,fresh,43.89,153.96,166.97,7.03,19.04,21.27,0.0,0.871,92.9,7.5,64.5,2025-06-17,Kolkata
171,tuna,spoiled,moderate,25.23,26.39,69.51,14.28,20.18,21.31,0.1597,0.555,57.8,3.6,90.6,2025-11-02,Hyderabad
172,rice,fresh,fresh,30.3,152.4,192.27,5.95,19.23,14.99,0.008,0.605,93.7,2.9,63.7,2025-07-06,Hyderabad
173,corn,spoiled,moderate,23.99,44.71,60.34,13.15,11.32,15.61,0.2133,0.702,52.1,4.1,76.4,2025-09-27,Bangalore
174,mango,fresh,fresh,31.8,170.94,213.68,7.08,23.24,19.88,0.0167,0.93,95.5,6.6,67.0,2025-06-03,Delhi
175,bell_pepper,spoiled,fresh,18.27,48.25,83.05,6.85,19.43,24.14,0.0929,0.529,67.4,3.7,61.3,2025-03-16,Mumbai
176,bread,fresh,fresh,25.0,157.92,189.88,8.52,18.35,17.99,0.0195,0.797,90.3,2.4,88.3,2025-07-16,Mumbai
177,grape,fresh,fresh,29.8,173.45,190.87,7.26,22.32,11.45,0.0103,0.481,82.5,3.5,66.2,2025-03-03,Delhi
178,corn,fresh,fresh,39.19,115.21,172.75,5.76,16.12,23.48,0.0,0.478,91.3,3.3,91.3,2025-03-27,Chennai
179,orange,spoiled,moderate,15.32,40.2,69.06,10.95,15.23,16.15,0.1732,0.367,59.3,3.2,93.0,2025-08-16,Hyderabad
180,tofu,moderate,fresh,34.96,77.66,91.09,9.14,29.5,27.55,0.042,0.921,80.6,5.4,88.8,2025-09-26,Hyderabad
181,cherry,fresh,fresh,27.21,143.01,173.57,12.15,21.15,21.29,0.0047,0.391,89.7,7.9,92.9,2025-12-27,Pune
182,chickpeas,fresh,fresh,38.24,154.78,174.82,7.61,19.79,19.89,0.0,0.233,82.2,7.2,64.0,2025-11-14,Delhi
183,butter,moderate,fresh,32.28,91.3,148.32,9.84,25.24,19.01,0.0177,0.872,89.8,5.8,82.4,2025-10-04,Chennai
184,kiwi,moderate,fresh,34.16,98.66,154.95,4.21,31.27,24.58,0.0079,0.797,78.0,5.6,67.6,2025-04-07,Pune
185,chicken,spoiled,moderate,31.08,19.4,82.26,7.89,13.13,25.74,0.0833,0.372,63.4,3.8,88.7,2025-02-23,Bangalore
186,rice,spoiled,fresh,18.09,38.26,87.4,10.99,15.45,21.09,0.0571,0.845,67.7,4.6,94.1,2025-06-04,Mumbai
187,cauliflower,fresh,fresh,49.23,148.85,184.02,10.1,23.32,23.56,0.0038,0.588,83.0,4.3,89.6,2025-12-22,Bangalore
188,bread,fresh,fresh,35.11,127.14,212.67,5.71,20.91,17.74,0.017,0.871,91.1,8.0,88.2,2025-02-03,Pune
189,banana,moderate,fresh,24.62,136.58,176.43,6.84,24.84,21.36,0.0,0.777,85.5,7.6,63.5,2025-08-17,Hyderabad
190,strawberry,moderate,fresh,4.02,149.28,133.79,1.54,21.79,22.1,0.0,0.799,89.9,5.3,64.0,2025-08-04,Delhi
191,cauliflower,fresh,fresh,27.62,177.51,177.0,8.25,19.48,20.05,0.0082,0.767,94.5,2.0,73.1,2025-04-17,Delhi
192,broccoli,spoiled,moderate,19.04,8.4,73.92,8.31,12.03,8.54,0.144,0.816,57.1,4.5,68.5,2025-07-02,Chennai
193,banana,fresh,fresh,27.44,190.15,236.42,6.02,12.94,16.76,0.0127,0.838,92.7,5.6,71.7,2025-10-14,Mumbai
194,egg,spoiled,moderate,29.82,30.13,20.01,14.58,10.83,15.06,0.4057,0.846,31.4,6.8,80.2,2025-03-21,Bangalore
195,chickpeas,fresh,fresh,38.18,198.8,207.69,9.13,21.78,22.56,0.0007,0.494,99.4,2.6,88.0,2025-09-04,Pune
196,chicken,moderate,fresh,32.59,97.03,132.61,9.87,22.74,24.16,0.0051,0.334,86.6,5.3,93.2,2025-04-03,Chennai
197,banana,fresh,fresh,23.23,208.52,210.11,1.79,15.54,14.18,0.0037,0.125,95.8,6.2,92.2,2025-02-19,Bangalore
198,banana,moderate,fresh,30.51,98.59,150.21,7.88,17.05,19.33,0.0,0.668,76.7,4.1,68.4,2025-04-10,Mumbai
199,cream,moderate,fresh,30.5,65.79,132.63,7.33,23.2,25.96,0.0123,0.44,82.9,3.6,61.8,2025-02-05,Pune
200,banana,moderate,fresh,15.44,138.81,169.61,7.1,20.67,24.09,0.0,0.513,87.7,5.6,63.7,2025-05-09,Mumbai
201,orange,fresh,fresh,31.0,141.41,182.45,9.09,20.15,20.12,0.0165,0.287,93.1,2.6,87.8,2025-07-03,Bangalore
202,bread,fresh,fresh,24.38,136.74,151.95,11.5,16.27,17.92,0.0,0.382,88.0,7.4,88.3,2025-03-10,Chennai
203,pear,moderate,fresh,17.82,112.37,122.63,12.5,22.98,25.84,0.0142,0.205,83.3,4.1,72.1,2025-10-20,Hyderabad
204,apple,fresh,fresh,2.49,222.9,182.19,3.62,21.9,16.24,0.0171,0.274,96.3,2.2,60.8,2025-09-25,Mumbai
205,kiwi,spoiled,moderate,18.15,33.05,70.88,9.71,17.89,26.63,0.1343,0.395,54.7,3.3,85.5,2025-03-09,Delhi
206,milk,fresh,fresh,7.21,3.15,239.12,10.16,2.59,14.92,0.0083,0.687,77.4,4.8,88.3,2025-07-17,Bangalore
207,cherry,fresh,fresh,43.42,138.93,191.38,11.26,18.86,19.39,0.0138,0.746,83.3,7.8,63.6,2025-10-10,Mumbai
208,kiwi,spoiled,moderate,14.18,19.78,57.01,7.55,15.1,17.69,0.2302,0.481,53.2,6.5,88.6,2025-10-04,Hyderabad
209,potato,fresh,fresh,31.87,118.88,186.62,9.67,14.02,21.12,0.0,0.669,87.7,2.4,65.9,2025-01-17,Delhi
210,beef,fresh,fresh,39.82,125.81,213.45,8.84,17.88,19.83,0.0151,0.955,90.8,5.2,73.9,2025-02-06,Kolkata
211,cucumber,fresh,fresh,34.47,151.52,190.78,6.16,20.51,15.76,0.0,0.294,83.9,4.2,65.1,2025-06-04,Chennai
212,cucumber,moderate,fresh,23.89,67.4,111.61,12.47,28.27,26.83,0.0,0.611,81.2,3.9,68.1,2025-02-13,Delhi
213,salmon,fresh,fresh,21.26,143.67,204.26,8.28,26.96,21.18,0.0024,0.745,85.0,7.7,88.3,2025-11-03,Hyderabad
214,rice,fresh,fresh,31.54,143.82,182.67,7.7,22.12,22.87,0.0,0.388,91.9,3.2,88.1,2025-08-02,Delhi
215,peas,fresh,fresh,23.71,123.38,143.28,9.02,16.69,13.54,0.0041,0.632,82.7,3.4,60.7,2025-01-21,Kolkata
216,chicken,spoiled,fresh,23.89,72.39,69.88,11.68,15.25,19.7,0.142,0.857,69.3,4.4,91.4,2025-09-02,Delhi
217,rice,fresh,fresh,37.35,144.19,185.35,8.64,18.0,22.98,0.0132,0.474,87.5,3.8,71.1,2025-06-13,Chennai
218,egg,moderate,fresh,23.25,71.11,143.41,8.2,25.08,24.97,0.0,0.369,80.3,7.9,77.3,2025-11-04,Kolkata
219,garlic,spoiled,moderate,30.86,42.12,69.5,11.64,19.17,21.67,0.1415,0.843,54.4,2.8,94.8,2025-12-24,Bangalore
220,avocado,fresh,fresh,30.08,123.76,158.7,7.39,18.17,19.44,0.0161,0.432,79.8,7.4,94.6,2025-12-28,Chennai
221,carrot,spoiled,moderate,25.4,52.95,78.59,7.97,15.19,14.07,0.089,0.374,58.4,3.6,84.1,2025-07-09,Pune
222,peach,spoiled,moderate,10.61,32.84,45.81,11.2,19.59,23.66,0.2558,0.387,50.2,2.9,80.4,2025-07-21,Bangalore
223,pasta,fresh,fresh,28.29,179.81,182.97,7.33,18.16,19.09,0.0031,0.695,90.4,7.9,71.3,2025-12-16,Mumbai
224,orange,fresh,fresh,26.89,153.41,183.21,8.01,21.31,23.57,0.0,0.603,85.1,7.2,83.1,2025-12-28,Mumbai
225,tofu,fresh,fresh,37.6,120.3,128.92,9.87,15.9,19.33,0.0,0.112,89.7,3.3,88.6,2025-04-16,Chennai
226,bell_pepper,fresh,fresh,20.64,113.96,190.83,9.52,18.27,12.23,0.0011,0.873,88.1,6.6,70.9,2025-08-21,Mumbai
227,yogurt,fresh,fresh,25.63,157.84,150.42,8.37,19.95,21.74,0.0167,0.447,80.2,4.7,81.7,2025-04-25,Bangalore
228,cherry,fresh,fresh,30.96,130.54,203.93,7.68,19.92,17.2,0.0075,0.956,87.4,5.5,63.6,2025-08-04,Pune
229,pineapple,fresh,fresh,26.45,132.3,176.54,11.42,15.88,15.16,0.0,0.126,92.9,6.0,75.8,2025-05-04,Hyderabad
230,orange,fresh,fresh,41.77,145.81,166.62,10.08,18.18,25.48,0.0,0.488,82.0,4.0,75.4,2025-06-04,Chennai
231,rice,fresh,fresh,35.42,140.24,223.15,6.79,22.23,20.9,0.0,0.271,97.6,3.1,69.7,2025-10-16,Hyderabad
232,mushroom,fresh,fresh,40.41,181.23,180.64,6.49,21.38,17.97,0.0,0.2,82.6,2.7,91.3,2025-10-09,Mumbai
233,watermelon,fresh,fresh,46.11,152.73,172.69,8.37,15.96,17.09,0.0153,0.73,83.9,4.4,73.8,2025-04-24,Kolkata
234,tofu,fresh,fresh,39.6,136.86,159.06,9.07,23.56,22.16,0.0114,0.413,80.8,3.7,80.9,2025-12-01,Chennai
235,pear,fresh,fresh,37.97,134.86,151.56,11.0,19.03,19.25,0.0,0.375,88.0,7.4,68.4,2025-06-22,Chennai
236,peach,fresh,fresh,40.63,161.12,189.12,12.33,18.07,22.78,0.0,0.111,95.7,4.8,71.7,2025-03-09,Chennai
237,peach,moderate,fresh,25.57,96.71,168.21,11.02,26.61,28.22,0.0038,0.973,89.5,5.5,77.1,2025-04-16,Chennai
238,strawberry,moderate,fresh,3.54,113.22,89.1,0.07,26.17,16.69,0.0741,0.852,75.4,5.2,65.9,2025-03-25,Chennai
239,mango,fresh,fresh,28.23,144.46,186.15,9.63,22.58,18.25,0.0,0.761,91.9,7.9,69.0,2025-08-09,Delhi
240,cauliflower,fresh,fresh,28.66,155.65,175.03,11.21,21.47,22.2,0.0084,0.902,85.5,6.6,90.0,2025-10-16,Chennai
241,broccoli,moderate,fresh,51.63,103.47,82.72,7.41,21.2,13.05,0.0673,0.981,74.3,7.1,83.1,2025-03-12,Bangalore
242,banana,fresh,fresh,27.89,218.8,232.38,4.04,15.93,15.11,0.0189,0.423,100.0,6.5,66.8,2025-07-21,Chennai
243,broccoli,spoiled,moderate,32.41,69.03,58.48,6.48,17.26,16.14,0.2236,0.504,59.9,7.7,78.4,2025-05-22,Delhi
244,bell_pepper,fresh,fresh,40.32,163.46,177.23,5.55,19.37,17.45,0.0198,0.378,87.2,2.2,78.2,2025-06-27,Hyderabad
245,pineapple,fresh,fresh,25.36,161.77,213.4,8.79,16.41,21.33,0.0187,0.813,90.5,3.7,93.9,2025-08-22,Mumbai
246,cauliflower,moderate,fresh,36.97,74.76,126.65,10.03,22.65,26.94,0.0,0.602,79.7,3.0,77.0,2025-02-26,Delhi
247,apple,fresh,fresh,4.64,188.39,186.69,2.13,22.17,13.88,0.013,0.211,86.2,4.9,60.2,2025-06-22,Kolkata
248,apple,fresh,fresh,10.18,172.01,203.37,4.87,15.74,9.72,0.0151,0.807,85.3,5.0,93.5,2025-09-05,Chennai
249,lentils,fresh,fresh,17.79,175.25,168.96,13.12,18.31,20.55,0.0,0.627,96.5,2.5,67.7,2025-08-12,Mumbai
250,oats,moderate,fresh,40.42,140.15,181.54,12.42,28.07,26.78,0.0187,0.188,86.2,3.6,70.6,2025-05-06,Hyderabad
251,mushroom,moderate,fresh,32.78,76.22,109.55,9.99,24.49,23.64,0.0031,0.715,75.2,3.2,64.7,2025-09-07,Delhi
252,lettuce,fresh,fresh,35.57,169.11,181.77,10.96,16.57,19.42,0.0051,0.591,90.3,4.3,90.7,2025-07-04,Mumbai
253,butter,fresh,fresh,24.27,112.67,178.35,7.76,24.54,21.89,0.0174,0.741,82.6,4.8,75.0,2025-07-14,Bangalore
254,banana,spoiled,fresh,7.83,67.81,104.42,8.16,14.32,17.12,0.0107,0.18,69.6,2.8,91.7,2025-04-19,Hyderabad
255,garlic,fresh,fresh,27.02,171.77,217.69,11.09,18.53,16.64,0.0026,0.364,92.9,6.5,73.7,2025-07-22,Chennai
256,cauliflower,moderate,fresh,26.41,45.79,138.08,9.7,23.6,20.22,0.0,0.149,84.5,2.3,89.0,2025-11-04,Delhi
257,salmon,fresh,fresh,34.11,139.35,156.6,2.26,19.92,25.32,0.0,0.398,82.1,2.4,85.9,2025-11-17,Pune
258,lentils,fresh,fresh,43.29,140.86,167.96,8.94,17.0,20.91,0.0,0.766,81.7,5.0,67.8,2025-11-21,Kolkata
259,blueberry,fresh,fresh,36.13,174.54,178.0,7.59,17.37,17.52,0.0196,0.106,86.2,4.9,84.1,2025-02-03,Chennai
260,blueberry,moderate,fresh,22.74,99.18,152.84,8.39,29.48,24.19,0.0,0.284,76.8,4.8,89.1,2025-08-13,Chennai
261,pineapple,fresh,fresh,29.83,135.06,131.52,9.77,22.21,19.16,0.0,0.311,83.0,7.1,69.1,2025-10-22,Bangalore
262,pasta,moderate,fresh,25.67,102.9,90.94,8.94,27.38,21.24,0.0508,0.266,73.5,6.9,83.0,2025-03-17,Pune
263,tofu,fresh,fresh,32.35,122.87,189.33,7.93,15.15,23.49,0.0,0.701,86.7,7.8,77.3,2025-11-09,Bangalore
264,potato,moderate,fresh,17.65,69.74,135.01,12.3,21.95,25.19,0.0,0.482,73.4,2.2,76.0,2025-10-13,Chennai
265,beef,fresh,fresh,33.43,163.86,183.53,7.27,17.52,20.26,0.0157,0.658,91.4,2.3,91.7,2025-03-15,Pune
266,cauliflower,fresh,fresh,21.42,91.57,188.73,9.81,12.91,16.97,0.0,0.87,92.9,5.0,72.2,2025-12-17,Bangalore
267,yogurt,fresh,fresh,34.95,191.15,180.42,6.54,19.45,24.12,0.0,0.747,92.9,4.0,85.0,2025-03-09,Kolkata
268,walnut,moderate,fresh,18.54,70.02,117.93,8.09,25.37,29.87,0.0,0.855,85.1,4.9,93.7,2025-10-22,Mumbai
269,chicken,moderate,fresh,28.23,83.69,122.7,6.87,27.65,24.77,0.0064,0.333,79.7,6.2,80.6,2025-10-12,Hyderabad
270,tuna,moderate,fresh,23.2,169.83,137.47,8.5,23.72,28.45,0.0,0.76,78.9,3.4,83.3,2025-08-22,Bangalore
271,cucumber,moderate,fresh,26.13,54.04,152.98,8.66,30.62,28.24,0.0123,0.759,87.9,3.4,91.5,2025-03-24,Bangalore
272,walnut,spoiled,fresh,15.53,54.22,71.36,11.71,16.45,17.46,0.1257,0.325,69.1,2.2,86.2,2025-08-25,Delhi
273,salmon,moderate,fresh,18.56,115.75,121.63,9.19,22.13,26.27,0.0,0.197,73.8,4.7,64.7,2025-11-19,Hyderabad
274,cherry,fresh,fresh,46.5,128.65,180.48,10.82,19.76,21.36,0.0072,0.303,86.6,6.5,75.2,2025-09-26,Kolkata
275,cherry,fresh,fresh,21.5,158.57,176.26,9.97,23.56,27.77,0.0184,0.187,80.5,2.2,64.9,2025-01-12,Kolkata
276,peas,moderate,fresh,30.8,98.14,134.86,9.29,26.02,24.11,0.0,0.714,87.2,7.7,85.5,2025-09-16,Mumbai
277,kiwi,moderate,fresh,26.68,122.94,104.84,12.28,28.95,24.65,0.0,0.657,80.0,5.4,64.8,2025-02-15,Bangalore
278,bread,fresh,fresh,13.03,137.84,205.94,7.95,17.0,18.49,0.0,0.804,82.4,3.8,64.1,2025-04-02,Hyderabad
279,cream,fresh,fresh,36.72,160.93,175.22,7.27,18.82,17.23,0.0176,0.93,83.8,3.5,84.6,2025-02-28,Kolkata
280,peach,spoiled,fresh,36.15,30.17,94.34,13.04,17.99,18.71,0.0313,0.868,65.1,7.6,77.5,2025-07-20,Chennai
281,cream,moderate,fresh,29.04,89.4,107.41,10.65,21.46,28.56,0.0,0.926,72.5,3.6,61.0,2025-06-14,Delhi
282,cherry,fresh,fresh,26.28,154.02,185.67,7.48,21.76,18.58,0.0,0.592,92.9,6.4,92.3,2025-11-02,Mumbai
283,cheese,fresh,fresh,36.97,123.08,182.53,11.88,17.0,17.97,0.0162,0.733,93.7,6.6,61.2,2025-02-14,Hyderabad
284,almond,moderate,fresh,30.14,94.49,138.77,10.98,26.9,28.33,0.0021,0.952,74.7,3.6,61.5,2025-01-16,Hyderabad
285,avocado,moderate,fresh,29.1,83.97,146.81,13.8,24.6,22.08,0.0,0.865,80.4,7.8,60.8,2025-01-01,Kolkata
286,cherry,fresh,fresh,38.86,147.59,136.55,9.69,18.39,19.73,0.0073,0.764,90.2,5.3,61.8,2025-07-23,Mumbai
287,mushroom,moderate,fresh,28.32,94.76,147.74,9.13,26.54,24.22,0.0,0.206,83.0,5.7,91.6,2025-06-07,Delhi
288,mushroom,spoiled,moderate,27.39,44.23,51.29,12.17,13.39,22.42,0.2272,0.109,48.0,4.5,86.3,2025-09-19,Chennai
289,apple,spoiled,fresh,24.94,86.76,84.41,7.3,19.94,24.09,0.0602,0.151,66.5,4.6,69.9,2025-06-12,Hyderabad
290,rice,spoiled,moderate,28.0,10.76,48.93,7.86,17.85,25.13,0.2406,0.458,57.0,5.9,83.0,2025-02-09,Hyderabad
291,kiwi,fresh,fresh,29.16,146.62,181.4,10.32,17.22,20.72,0.0,0.924,91.6,3.3,85.0,2025-06-25,Hyderabad
292,spinach,spoiled,moderate,29.75,42.52,73.79,12.0,6.89,22.03,0.1468,0.387,58.7,5.2,63.7,2025-06-14,Pune
293,tuna,fresh,fresh,24.77,113.39,190.22,10.75,19.59,22.86,0.0165,0.857,79.8,5.1,70.7,2025-09-07,Chennai
294,garlic,moderate,fresh,41.12,122.87,171.0,11.48,25.23,20.19,0.0,0.312,90.2,4.6,86.7,2025-02-01,Bangalore
295,strawberry,fresh,fresh,1.51,197.35,203.42,1.65,15.37,21.65,0.0,0.969,94.0,2.4,89.9,2025-07-16,Chennai
296,potato,fresh,fresh,30.35,183.9,167.55,8.39,17.77,16.04,0.0,0.266,81.7,4.6,61.8,2025-05-02,Hyderabad
297,walnut,fresh,fresh,25.11,149.26,171.41,6.62,15.78,19.75,0.0043,0.904,79.6,7.5,91.8,2025-10-07,Kolkata
298,banana,fresh,fresh,23.98,221.4,220.82,1.08,14.07,7.74,0.0,0.485,100.0,6.4,85.7,2025-01-26,Chennai
299,egg,fresh,fresh,32.55,176.81,142.5,8.23,19.52,22.01,0.0071,0.873,90.1,7.6,76.2,2025-10-24,Hyderabad
300,olive_oil,fresh,fresh,31.71,134.96,173.62,6.41,23.23,20.06,0.0,0.771,81.2,7.5,64.6,2025-01-09,Kolkata
301,oats,spoiled,moderate,39.01,34.09,55.83,6.97,9.59,15.25,0.2108,0.589,47.1,4.0,73.8,2025-10-09,Delhi
302,broccoli,moderate,moderate,47.67,90.17,56.28,11.79,18.55,15.44,0.231,0.647,61.8,2.7,79.9,2025-06-27,Delhi
303,pear,fresh,fresh,42.9,167.94,174.63,6.22,13.54,17.84,0.0,0.133,80.9,4.2,82.3,2025-09-07,Bangalore
304,grape,moderate,fresh,22.89,65.32,126.72,10.15,24.33,23.05,0.0159,0.596,72.1,7.7,75.4,2025-05-25,Kolkata
305,broccoli,fresh,fresh,56.35,126.63,83.64,10.82,14.7,15.06,0.0709,0.257,72.4,7.2,83.0,2025-04-04,Pune
306,strawberry,fresh,fresh,3.42,213.5,179.06,2.57,13.16,21.08,0.0,0.386,91.7,5.3,68.0,2025-12-09,Delhi
307,banana,moderate,fresh,18.14,132.17,169.34,5.58,19.61,14.35,0.0,0.746,91.8,5.6,72.2,2025-02-17,Bangalore
308,pineapple,fresh,fresh,25.61,151.86,183.2,5.94,23.8,17.4,0.0,0.434,84.1,6.9,74.6,2025-11-14,Delhi
309,blueberry,fresh,fresh,37.76,158.54,167.08,11.55,16.42,22.76,0.0,0.978,89.1,7.4,73.1,2025-05-20,Chennai
310,peach,fresh,fresh,38.0,136.59,207.85,7.5,20.87,20.78,0.0,0.632,86.0,2.6,67.4,2025-06-17,Pune
311,olive_oil,moderate,fresh,23.66,110.27,149.84,6.5,28.91,20.01,0.0085,0.946,87.8,4.3,80.4,2025-11-24,Mumbai
312,potato,moderate,fresh,35.33,118.17,102.73,9.18,21.68,24.36,0.0182,0.963,82.4,8.0,79.8,2025-10-21,Hyderabad
313,chickpeas,fresh,fresh,27.54,165.59,206.21,10.79,18.31,19.37,0.0139,0.575,94.6,2.3,76.5,2025-09-17,Bangalore
314,cucumber,fresh,fresh,16.53,133.88,199.3,11.23,16.3,18.22,0.0,0.32,93.9,3.5,86.9,2025-06-08,Bangalore
315,cucumber,moderate,fresh,24.74,97.0,109.76,10.85,23.58,24.96,0.0,0.76,73.2,7.3,72.7,2025-06-18,Hyderabad
316,watermelon,spoiled,moderate,25.46,35.1,61.27,9.78,14.73,18.89,0.1978,0.504,58.8,4.5,79.9,2025-03-18,Mumbai
317,olive_oil,spoiled,fresh,17.41,58.98,81.22,9.41,17.09,19.0,0.1005,0.645,70.1,6.8,72.0,2025-02-03,Bangalore
318,peas,fresh,fresh,39.38,157.39,177.85,8.9,15.29,16.62,0.0,0.893,82.6,3.2,66.3,2025-08-01,Mumbai
319,pineapple,fresh,fresh,20.45,152.86,214.65,12.46,21.91,21.5,0.0085,0.523,95.1,2.6,90.4,2025-07-01,Pune
320,peach,spoiled,moderate,1.99,26.86,54.24,8.76,14.5,18.58,0.2435,0.927,46.7,7.4,72.4,2025-07-23,Hyderabad
321,tomato,moderate,fresh,0.08,144.96,108.55,4.48,26.22,17.24,0.0159,0.909,75.9,5.5,81.6,2025-12-02,Chennai
322,almond,spoiled,fresh,0.0,30.71,92.02,13.92,11.31,21.49,0.0563,0.668,78.0,6.4,75.2,2025-08-23,Mumbai
323,chickpeas,fresh,fresh,26.28,147.88,232.89,4.99,20.76,21.4,0.0167,0.943,96.2,2.5,91.3,2025-10-19,Delhi
324,oats,moderate,fresh,35.86,92.45,137.7,9.22,25.81,23.97,0.0,0.558,79.3,5.5,93.1,2025-02-08,Delhi
325,cheese,fresh,fresh,34.97,142.61,187.54,7.94,23.38,19.85,0.0159,0.622,89.1,7.1,74.9,2025-06-13,Delhi
326,walnut,fresh,fresh,15.82,175.24,161.89,6.69,18.21,24.12,0.0126,0.761,82.3,7.9,67.4,2025-09-09,Hyderabad
327,tuna,fresh,fresh,12.91,212.75,201.12,8.45,19.84,20.86,0.0,0.359,90.8,4.9,67.8,2025-03-10,Delhi
328,salmon,moderate,fresh,30.21,106.13,143.89,10.18,24.41,24.55,0.0067,0.227,89.3,3.2,89.4,2025-03-01,Hyderabad
329,strawberry,spoiled,moderate,7.03,62.01,66.87,0.88,16.97,20.58,0.1776,0.106,61.3,7.0,60.9,2025-04-10,Hyderabad
330,mushroom,moderate,fresh,24.81,80.29,158.1,11.9,22.68,26.22,0.0132,0.365,82.5,2.7,84.7,2025-02-15,Bangalore
331,cheese,fresh,fresh,22.23,122.41,167.47,9.72,22.86,21.54,0.0197,0.758,91.2,2.7,72.4,2025-02-24,Kolkata
332,avocado,moderate,fresh,32.25,102.9,113.96,10.86,27.4,27.26,0.0003,0.348,77.2,5.8,77.9,2025-02-23,Pune
333,cucumber,spoiled,moderate,31.89,45.62,77.03,12.14,14.92,17.35,0.0989,0.735,57.2,5.1,66.7,2025-09-22,Kolkata
334,bread,fresh,fresh,28.7,135.1,166.5,7.71,17.62,19.08,0.0,0.223,88.2,4.3,93.0,2025-11-07,Delhi
335,milk,fresh,fresh,0.53,11.07,240.01,3.37,6.98,12.81,0.0093,0.354,89.5,3.2,90.7,2025-09-28,Pune
336,almond,fresh,fresh,17.14,134.75,164.62,6.12,22.49,19.42,0.0,0.65,84.8,6.3,61.4,2025-12-09,Hyderabad
337,potato,moderate,fresh,22.35,39.9,145.89,7.52,25.18,25.83,0.0,0.577,74.5,7.7,90.7,2025-04-10,Pune
338,cheese,fresh,fresh,40.89,123.82,119.61,8.37,25.4,23.72,0.0039,0.589,83.7,3.8,67.7,2025-05-14,Bangalore
339,cucumber,fresh,fresh,31.68,140.17,196.14,6.05,21.43,21.52,0.0,0.961,87.4,6.0,72.2,2025-07-23,Mumbai
340,olive_oil,spoiled,fresh,30.6,76.39,77.85,8.98,14.92,14.69,0.1253,0.641,72.2,6.1,61.0,2025-05-17,Mumbai
341,peas,fresh,fresh,24.44,141.81,169.52,8.3,17.53,23.36,0.0,0.386,91.0,4.3,75.5,2025-07-09,Chennai
342,broccoli,fresh,fresh,55.0,119.86,95.08,8.31,17.48,12.4,0.03,0.141,73.0,4.7,67.7,2025-03-18,Mumbai
343,olive_oil,moderate,fresh,18.42,82.41,96.35,8.36,23.57,27.62,0.0228,0.397,83.1,5.6,60.7,2025-12-01,Kolkata
344,potato,fresh,fresh,32.1,153.87,197.02,7.73,21.17,19.69,0.0165,0.79,92.8,5.3,82.9,2025-09-07,Delhi
345,cream,fresh,fresh,32.12,138.34,131.22,7.73,24.27,22.78,0.0014,0.874,77.9,3.4,88.0,2025-06-11,Bangalore
346,kiwi,moderate,fresh,34.65,120.9,132.22,10.39,23.15,24.05,0.0,0.861,78.5,6.5,78.4,2025-09-13,Kolkata
347,cheese,fresh,fresh,34.93,174.08,177.21,7.1,20.0,21.8,0.0,0.668,85.7,6.1,61.2,2025-12-04,Kolkata
348,potato,moderate,fresh,10.56,32.6,116.24,7.56,23.48,24.56,0.0096,0.343,70.1,2.5,62.6,2025-12-23,Kolkata
349,chickpeas,fresh,fresh,26.37,179.05,186.53,8.6,21.87,16.58,0.0132,0.644,82.4,2.9,85.8,2025-07-07,Kolkata
350,salmon,spoiled,fresh,30.39,33.86,83.41,7.86,10.34,22.45,0.08,0.769,71.5,3.8,76.1,2025-02-09,Pune
351,chicken,fresh,fresh,33.01,131.96,162.61,10.25,16.43,24.93,0.0,0.97,82.2,5.4,76.9,2025-12-18,Hyderabad
352,tomato,fresh,fresh,1.2,209.58,175.07,3.21,13.37,14.51,0.0091,0.956,98.9,6.6,85.0,2025-08-08,Hyderabad
353,banana,fresh,fresh,30.16,194.97,227.41,2.97,14.31,7.02,0.0,0.607,90.0,5.9,71.6,2025-11-03,Chennai
354,egg,fresh,fresh,9.5,146.18,228.25,9.57,19.94,19.21,0.0,0.325,97.3,2.8,81.6,2025-08-17,Pune
355,chicken,moderate,fresh,25.22,103.68,100.48,12.23,27.15,27.15,0.0,0.471,71.9,6.4,89.2,2025-01-11,Pune
356,chicken,moderate,fresh,29.38,90.49,146.82,11.18,23.94,23.28,0.0,0.288,87.8,5.4,77.1,2025-08-11,Pune
357,tomato,fresh,fresh,3.2,223.24,161.41,0.94,15.49,15.15,0.0006,0.873,94.1,8.0,62.9,2025-02-14,Pune
358,watermelon,fresh,fresh,31.39,154.88,175.54,10.98,15.2,17.51,0.0,0.773,92.0,3.0,75.3,2025-02-02,Bangalore
359,cheese,fresh,fresh,29.17,117.14,176.48,11.32,20.06,20.69,0.0,0.774,90.6,5.3,74.0,2025-05-04,Bangalore
360,spinach,moderate,fresh,12.4,74.59,120.62,9.36,28.84,26.67,0.0,0.39,84.9,7.3,79.7,2025-03-05,Delhi
361,butter,moderate,fresh,13.89,96.16,142.46,12.28,29.74,21.95,0.0181,0.434,86.7,5.6,76.5,2025-04-11,Pune
362,chickpeas,spoiled,moderate,11.89,16.14,65.32,10.93,17.96,19.77,0.16,0.744,64.0,4.8,71.1,2025-03-05,Bangalore
363,watermelon,spoiled,moderate,16.8,37.28,53.3,14.18,10.18,20.55,0.2416,0.279,44.8,2.6,76.1,2025-02-02,Hyderabad
364,cauliflower,moderate,fresh,45.24,90.17,125.25,9.29,24.46,29.12,0.0055,0.895,73.2,4.1,60.5,2025-04-09,Delhi
365,mushroom,moderate,fresh,2.88,128.34,94.4,9.47,23.71,26.77,0.033,0.463,74.6,3.5,78.9,2025-11-07,Chennai
366,beef,fresh,fresh,17.22,159.24,220.49,5.27,20.57,18.01,0.0,0.337,95.4,2.6,87.9,2025-10-21,Kolkata
367,potato,fresh,fresh,33.41,150.38,167.17,8.98,25.41,19.43,0.0037,0.35,91.3,6.8,90.5,2025-11-16,Mumbai
368,peach,fresh,fresh,35.76,124.13,160.87,8.94,24.45,21.07,0.0,0.937,80.6,5.7,65.0,2025-08-28,Chennai
369,cucumber,fresh,fresh,27.5,149.99,154.99,9.21,22.65,18.64,0.0,0.827,93.5,4.6,76.5,2025-05-17,Kolkata
370,pineapple,fresh,fresh,26.24,155.32,171.27,7.87,26.3,19.26,0.011,0.736,85.9,4.1,89.4,2025-06-17,Chennai
371,salmon,moderate,fresh,21.42,73.81,148.6,9.64,23.05,28.96,0.0178,0.85,88.3,6.3,89.4,2025-09-15,Bangalore
372,tofu,moderate,fresh,39.2,74.99,83.34,12.02,22.95,27.37,0.0856,0.492,72.2,4.1,60.9,2025-06-28,Bangalore
373,olive_oil,moderate,fresh,5.3,112.31,99.72,11.46,25.04,22.14,0.0,0.604,83.0,8.0,92.9,2025-07-12,Mumbai
374,almond,spoiled,moderate,15.93,45.29,72.12,11.17,20.93,15.31,0.1339,0.275,57.3,5.5,71.5,2025-06-09,Hyderabad
375,apple,moderate,fresh,26.09,122.61,142.02,2.34,24.43,22.76,0.0,0.531,75.9,2.3,84.3,2025-05-09,Pune
376,grape,spoiled,moderate,18.72,57.67,40.98,9.98,11.24,21.09,0.3096,0.935,53.2,8.0,82.1,2025-08-06,Bangalore
377,almond,spoiled,moderate,28.87,28.69,17.92,10.4,16.31,21.21,0.4227,0.134,39.3,2.2,91.3,2025-03-23,Pune
378,pear,spoiled,moderate,32.36,18.93,83.6,12.39,9.66,20.96,0.0788,0.861,60.2,2.3,82.3,2025-01-11,Chennai
379,cream,fresh,fresh,25.97,148.37,186.95,7.03,17.97,20.1,0.0062,0.764,94.0,4.0,83.5,2025-06-23,Mumbai
380,beef,moderate,fresh,14.13,62.85,146.98,7.7,27.0,26.39,0.0,0.698,78.1,4.5,83.4,2025-01-03,Mumbai
381,walnut,fresh,fresh,16.19,136.45,203.88,6.04,18.61,21.39,0.0,0.499,92.7,3.7,67.0,2025-09-14,Mumbai
382,bread,moderate,fresh,32.83,83.71,115.06,12.84,30.22,27.94,0.0,0.346,84.4,4.1,72.0,2025-10-27,Pune
383,orange,moderate,fresh,25.85,69.79,109.24,11.05,26.26,29.2,0.0,0.182,77.1,6.4,66.5,2025-10-21,Chennai
384,olive_oil,fresh,fresh,35.2,119.94,201.04,6.0,18.85,20.75,0.0055,0.514,80.0,7.3,93.0,2025-05-27,Pune
385,rice,spoiled,fresh,39.96,81.65,82.13,9.63,16.6,22.66,0.0992,0.764,74.9,3.9,73.3,2025-05-06,Delhi
386,lemon,moderate,fresh,21.79,134.88,135.75,11.0,27.0,26.26,0.0134,0.346,82.2,3.2,94.3,2025-05-23,Bangalore
387,carrot,fresh,fresh,14.52,180.74,191.63,0.8,16.32,17.34,0.0,0.795,88.3,5.1,89.0,2025-11-27,Mumbai
388,strawberry,spoiled,moderate,10.29,70.12,54.89,6.34,11.72,18.84,0.2118,0.612,56.7,8.0,75.2,2025-11-26,Pune
389,spinach,fresh,fresh,35.56,166.98,174.12,7.86,15.45,18.93,0.0002,0.847,91.7,6.8,63.2,2025-04-09,Mumbai
390,cauliflower,fresh,fresh,37.12,161.5,190.01,8.1,20.02,18.02,0.0007,0.668,96.2,4.9,76.4,2025-06-12,Hyderabad
391,potato,moderate,fresh,31.99,100.52,142.3,8.95,18.54,28.29,0.0,0.194,88.5,4.2,91.5,2025-03-14,Bangalore
392,bell_pepper,fresh,fresh,26.17,132.74,193.87,7.22,23.18,21.85,0.0,0.422,94.5,3.0,79.1,2025-01-15,Kolkata
393,tuna,fresh,fresh,35.47,122.68,204.24,8.52,18.89,20.43,0.0,0.459,89.5,7.0,68.8,2025-06-20,Delhi
394,milk,moderate,fresh,4.34,23.27,184.56,3.29,3.43,18.34,0.0188,0.89,77.6,6.6,91.5,2025-09-04,Bangalore
395,mushroom,moderate,fresh,18.71,128.34,116.6,6.59,21.65,28.71,0.0,0.126,89.0,5.1,92.3,2025-10-23,Hyderabad
396,cherry,spoiled,moderate,18.44,26.78,73.2,11.0,18.35,24.35,0.1196,0.697,62.7,6.7,61.9,2025-02-10,Kolkata
397,olive_oil,fresh,fresh,27.12,123.48,171.73,8.52,17.11,17.13,0.0,0.515,83.3,6.0,67.0,2025-03-10,Delhi
398,orange,fresh,fresh,32.75,149.03,180.66,6.48,19.31,17.23,0.0,0.752,93.7,2.9,79.4,2025-06-01,Bangalore
399,peach,fresh,fresh,37.12,170.7,143.08,6.14,15.51,18.05,0.0075,0.729,85.8,7.5,83.4,2025-08-23,Mumbai
400,walnut,spoiled,moderate,19.17,13.26,51.56,7.99,15.62,20.21,0.2349,0.942,48.7,4.4,71.4,2025-05-27,Pune
401,chickpeas,spoiled,moderate,12.78,37.65,59.07,9.46,20.02,24.02,0.206,0.412,57.0,6.0,94.0,2025-01-08,Hyderabad
402,pear,moderate,fresh,12.0,110.74,150.28,7.7,27.46,29.61,0.0,0.841,81.2,5.7,86.3,2025-02-21,Mumbai
403,lemon,fresh,fresh,21.02,131.65,200.35,8.54,21.65,21.02,0.0,0.184,81.2,4.3,66.3,2025-03-10,Delhi
404,potato,moderate,fresh,28.91,56.84,156.18,12.34,24.31,24.87,0.0,0.96,80.3,3.1,73.9,2025-09-27,Chennai
405,cauliflower,moderate,fresh,9.69,102.86,144.3,9.88,28.37,24.0,0.0093,0.69,79.9,4.4,88.2,2025-03-11,Mumbai
406,chicken,fresh,fresh,34.52,129.61,179.53,7.65,20.68,18.89,0.0,0.688,89.7,6.0,74.8,2025-01-10,Bangalore
407,carrot,moderate,fresh,19.34,126.52,131.26,1.79,25.25,24.14,0.0123,0.917,76.6,5.0,87.3,2025-12-11,Kolkata
408,cream,spoiled,moderate,7.08,45.35,59.94,10.53,15.88,19.3,0.1875,0.482,50.1,6.6,90.5,2025-02-05,Chennai
409,bell_pepper,spoiled,moderate,12.16,24.64,51.68,8.34,14.8,17.85,0.2319,0.563,54.5,5.7,90.5,2025-07-02,Bangalore
410,spinach,fresh,fresh,35.46,179.74,168.4,8.48,21.5,21.42,0.0,0.145,94.7,5.6,72.9,2025-07-11,Pune
411,spinach,moderate,fresh,25.76,108.57,142.06,7.52,27.61,27.66,0.0,0.364,74.9,4.5,75.6,2025-05-21,Chennai
412,salmon,fresh,fresh,23.89,150.76,193.67,7.58,23.22,27.09,0.0013,0.457,92.8,3.1,78.7,2025-03-24,Mumbai
413,bread,fresh,fresh,23.71,122.38,186.08,9.44,19.31,24.36,0.0,0.512,93.1,5.7,92.2,2025-12-27,Hyderabad
414,chicken,fresh,fresh,19.29,163.86,167.88,11.44,25.98,17.7,0.0,0.232,81.0,7.9,82.3,2025-02-13,Hyderabad
415,chickpeas,fresh,fresh,25.6,167.19,172.26,7.91,20.08,14.24,0.01,0.48,95.2,2.1,93.3,2025-05-24,Pune
416,almond,spoiled,moderate,19.86,24.65,60.14,12.89,11.23,22.44,0.1966,0.205,60.6,3.1,69.1,2025-05-20,Hyderabad
417,cream,spoiled,moderate,17.21,30.8,85.81,10.68,16.71,22.9,0.0829,0.437,63.8,4.8,86.6,2025-07-09,Pune
418,tofu,moderate,fresh,21.69,74.69,102.87,8.35,33.85,28.73,0.0069,0.644,73.9,7.5,83.7,2025-05-01,Bangalore
419,kiwi,fresh,fresh,19.19,123.55,189.64,9.09,21.65,19.24,0.0,0.34,85.8,5.6,94.2,2025-06-04,Mumbai
420,avocado,fresh,fresh,29.0,156.56,181.72,3.56,19.31,17.45,0.0,0.359,85.7,6.3,88.9,2025-10-14,Pune
421,salmon,fresh,fresh,31.4,209.71,187.35,7.37,22.77,21.45,0.0172,0.111,90.3,4.0,72.1,2025-08-05,Bangalore
422,almond,fresh,fresh,33.36,162.14,221.13,5.74,21.42,17.22,0.0,0.451,92.4,4.4,83.1,2025-10-03,Pune
423,cheese,moderate,fresh,30.56,67.03,119.57,9.41,27.93,27.76,0.0,0.986,75.8,4.2,70.2,2025-06-15,Pune
424,cauliflower,fresh,fresh,20.03,151.1,165.81,5.48,19.35,19.07,0.0,0.416,88.9,4.6,94.9,2025-01-25,Delhi
425,egg,moderate,fresh,49.27,100.82,95.56,8.87,28.06,31.27,0.0172,0.584,84.5,4.3,93.2,2025-02-04,Bangalore
426,kiwi,fresh,fresh,17.31,112.4,217.42,8.78,17.4,21.6,0.0,0.878,82.4,6.6,94.5,2025-07-18,Bangalore
427,onion,moderate,fresh,0.0,90.08,138.2,11.85,21.96,25.26,0.004,0.387,79.8,4.2,63.7,2025-11-21,Kolkata
428,bread,fresh,fresh,22.6,155.11,162.09,7.18,17.01,21.95,0.0,0.873,87.4,5.0,76.2,2025-08-06,Kolkata
429,pear,fresh,fresh,36.87,145.31,180.76,5.1,19.1,19.85,0.0132,0.787,79.8,5.9,83.9,2025-02-13,Hyderabad
430,rice,fresh,fresh,50.97,127.76,209.28,9.99,20.84,25.28,0.0,0.126,87.6,3.3,81.3,2025-09-03,Hyderabad
431,chicken,moderate,fresh,28.72,99.73,128.67,12.45,28.29,23.12,0.0,0.325,88.1,5.4,76.5,2025-02-12,Chennai
432,almond,moderate,fresh,11.81,84.93,110.0,9.87,28.71,23.63,0.0,0.56,83.3,3.2,92.0,2025-08-12,Pune
433,tomato,fresh,fresh,2.91,200.87,192.73,2.49,13.18,15.63,0.0169,0.39,98.9,3.8,91.3,2025-04-19,Bangalore
434,cauliflower,fresh,fresh,39.6,140.16,142.47,9.24,18.09,16.43,0.0196,0.817,86.1,7.8,77.5,2025-02-26,Hyderabad
435,bell_pepper,spoiled,moderate,13.76,32.23,57.91,5.59,17.69,23.82,0.2003,0.75,61.1,2.4,86.2,2025-11-22,Bangalore
436,butter,spoiled,moderate,26.52,17.93,65.97,9.99,16.8,22.01,0.153,0.475,63.4,3.6,85.1,2025-02-23,Kolkata
437,salmon,moderate,fresh,17.66,92.05,141.43,12.91,27.11,27.37,0.0,0.533,82.1,6.4,70.3,2025-07-27,Kolkata
438,chickpeas,moderate,fresh,25.84,125.26,140.24,8.28,29.21,27.09,0.0087,0.56,81.2,5.9,75.0,2025-02-04,Mumbai
439,carrot,moderate,fresh,17.78,100.41,145.93,5.93,20.59,20.93,0.0117,0.75,83.6,4.2,83.0,2025-03-08,Kolkata
440,milk,fresh,fresh,18.5,15.36,241.91,6.88,1.9,11.19,0.0057,0.167,78.4,7.4,77.2,2025-04-25,Delhi
441,bell_pepper,fresh,fresh,44.47,145.64,163.05,6.7,16.73,17.65,0.0115,0.73,85.5,5.4,80.8,2025-03-05,Hyderabad
442,spinach,fresh,fresh,27.04,121.89,180.31,9.8,17.28,24.56,0.0025,0.742,92.4,3.8,85.1,2025-10-21,Delhi
443,milk,moderate,fresh,18.06,28.24,190.13,7.71,4.72,17.67,0.0,0.825,84.3,2.8,81.3,2025-07-09,Pune
444,avocado,fresh,fresh,31.37,161.07,156.49,6.21,21.79,17.15,0.0,0.626,82.1,3.6,85.2,2025-12-28,Hyderabad
445,corn,fresh,fresh,33.71,122.66,196.96,5.53,21.66,21.88,0.0189,0.679,94.1,5.5,77.5,2025-09-12,Bangalore
446,cheese,moderate,fresh,18.03,104.55,136.51,8.92,21.97,19.11,0.0,0.536,87.8,4.3,83.4,2025-02-11,Mumbai
447,lettuce,fresh,fresh,32.8,118.7,181.91,7.47,22.04,19.09,0.0043,0.756,80.7,2.7,66.9,2025-08-15,Hyderabad
448,bread,spoiled,fresh,16.71,45.98,76.7,10.63,16.41,15.39,0.1303,0.805,69.8,5.1,68.0,2025-04-12,Pune
449,strawberry,fresh,fresh,3.51,219.19,139.67,1.51,14.88,19.6,0.0,0.16,82.4,5.3,78.7,2025-12-18,Kolkata
450,orange,spoiled,fresh,23.34,56.47,91.64,7.38,16.87,23.99,0.0445,0.323,65.1,3.5,85.9,2025-12-21,Kolkata
451,tomato,fresh,fresh,3.77,216.36,210.18,4.05,15.75,18.14,0.0,0.981,97.7,3.6,69.7,2025-12-07,Pune
452,watermelon,spoiled,moderate,21.45,35.36,62.97,13.13,12.54,24.6,0.1773,0.287,51.3,3.5,86.7,2025-08-15,Chennai
453,cream,spoiled,moderate,25.0,14.01,77.35,5.8,16.88,22.66,0.1248,0.166,55.6,4.9,75.5,2025-08-07,Chennai
454,cream,moderate,fresh,19.08,93.09,178.85,8.99,21.82,29.44,0.0,0.109,86.1,4.6,91.7,2025-12-15,Kolkata
455,rice,fresh,fresh,45.7,150.07,200.23,10.68,17.77,18.54,0.0046,0.511,94.4,2.0,86.4,2025-10-09,Bangalore
456,bread,fresh,fresh,39.85,183.7,191.26,6.24,25.96,18.41,0.0006,0.956,90.9,3.8,90.4,2025-04-11,Delhi
457,oats,moderate,fresh,21.65,98.56,168.85,11.71,26.24,26.39,0.0,0.98,81.0,7.7,77.1,2025-06-17,Bangalore
458,cheese,fresh,fresh,30.35,161.16,129.41,7.41,20.72,16.55,0.0,0.374,77.7,7.6,75.5,2025-11-22,Hyderabad
459,pear,fresh,fresh,33.09,145.91,215.11,11.15,18.6,19.55,0.0,0.376,84.2,3.8,86.8,2025-08-04,Pune
460,lettuce,spoiled,moderate,19.26,28.23,73.9,8.48,11.61,21.87,0.1374,0.391,57.4,3.2,73.9,2025-03-28,Mumbai
461,tuna,moderate,fresh,31.3,69.89,152.38,8.74,25.76,27.46,0.0007,0.526,78.3,5.6,74.6,2025-12-09,Mumbai
462,carrot,fresh,fresh,11.9,196.82,192.25,2.61,14.38,12.76,0.0,0.23,97.4,4.0,72.4,2025-12-11,Bangalore
463,lettuce,fresh,fresh,28.59,119.03,170.18,7.43,19.23,19.28,0.0,0.786,83.6,4.4,93.9,2025-06-21,Kolkata
464,lemon,spoiled,fresh,19.38,42.19,87.49,8.7,11.39,16.87,0.0433,0.734,73.6,3.3,85.1,2025-05-27,Delhi
465,banana,fresh,fresh,28.05,204.72,212.3,1.41,13.63,10.54,0.0,0.604,98.3,3.2,67.5,2025-09-15,Kolkata
466,broccoli,fresh,fresh,59.76,111.64,93.81,6.15,14.91,12.45,0.024,0.532,72.3,6.3,76.4,2025-01-25,Pune
467,potato,moderate,fresh,30.73,45.35,121.01,10.6,25.55,33.08,0.0,0.352,83.7,5.6,73.1,2025-02-02,Pune
468,bell_pepper,fresh,fresh,32.8,129.92,178.09,4.45,19.76,17.5,0.0169,0.2,84.5,2.8,86.2,2025-06-25,Pune
469,peas,moderate,fresh,34.15,76.26,127.08,8.73,30.22,24.04,0.0036,0.617,85.4,5.4,75.3,2025-06-19,Hyderabad
470,walnut,moderate,fresh,43.33,110.35,142.05,10.74,26.18,19.22,0.0127,0.721,83.5,2.8,86.9,2025-12-23,Pune
471,cucumber,spoiled,moderate,17.21,47.68,69.02,7.19,14.84,25.11,0.1658,0.773,58.6,3.3,71.2,2025-04-15,Delhi
472,bell_pepper,fresh,fresh,39.98,148.76,199.03,7.27,14.89,17.23,0.0,0.643,96.9,7.6,64.9,2025-11-14,Bangalore
473,corn,moderate,fresh,40.63,83.15,123.92,9.4,30.71,29.88,0.0133,0.154,84.4,7.9,73.1,2025-10-14,Chennai
474,yogurt,spoiled,moderate,42.19,32.61,75.91,6.97,19.43,16.5,0.122,0.354,60.5,4.0,62.3,2025-02-19,Chennai
475,egg,moderate,fresh,27.17,62.57,115.28,8.33,23.18,23.38,0.0119,0.862,78.2,2.5,92.3,2025-10-21,Mumbai
476,walnut,fresh,fresh,25.61,166.67,157.9,8.44,23.65,18.46,0.0127,0.519,90.1,7.3,94.8,2025-03-21,Delhi
477,watermelon,fresh,fresh,24.26,145.39,203.59,8.39,18.41,21.45,0.0,0.803,90.7,6.4,93.2,2025-01-13,Hyderabad
478,spinach,fresh,fresh,21.18,163.63,188.17,7.38,17.48,17.34,0.0,0.303,94.6,4.6,69.1,2025-04-19,Pune
479,olive_oil,fresh,fresh,34.28,174.58,167.25,8.92,13.74,18.25,0.0066,0.793,87.7,5.4,72.4,2025-12-28,Hyderabad
480,blueberry,fresh,fresh,29.75,131.81,161.27,6.66,20.88,19.44,0.0,0.191,79.8,5.2,93.1,2025-01-25,Mumbai
481,cream,fresh,fresh,12.09,107.59,167.86,8.92,11.76,18.5,0.0148,0.936,77.6,5.9,67.1,2025-03-14,Delhi
482,avocado,spoiled,moderate,14.74,55.83,62.3,10.77,15.42,13.61,0.1827,0.224,53.6,7.4,75.4,2025-07-01,Bangalore
483,almond,spoiled,moderate,27.68,38.23,80.17,17.85,8.75,25.17,0.0811,0.495,60.9,3.2,87.0,2025-10-27,Chennai
484,orange,spoiled,moderate,17.13,39.31,69.09,9.15,13.29,20.99,0.1577,0.565,60.5,3.0,67.3,2025-08-24,Hyderabad
485,onion,moderate,fresh,9.83,108.76,119.6,7.74,23.65,28.77,0.0,0.987,77.8,6.8,72.6,2025-05-17,Chennai
486,cauliflower,fresh,fresh,25.72,157.17,165.38,9.52,22.06,25.55,0.0,0.965,85.3,2.6,72.6,2025-05-27,Chennai
487,mushroom,spoiled,moderate,18.24,45.03,71.96,12.59,12.84,22.24,0.1294,0.731,64.5,5.9,88.4,2025-08-01,Delhi
488,chickpeas,moderate,fresh,23.05,88.4,132.29,10.5,24.65,25.64,0.0,0.324,77.7,5.4,64.5,2025-03-05,Pune
489,milk,moderate,fresh,24.47,27.88,213.04,5.09,5.33,17.87,0.0121,0.88,76.3,6.0,73.0,2025-07-27,Mumbai
490,peas,fresh,fresh,37.01,179.45,167.92,7.54,15.08,18.82,0.0186,0.768,95.7,6.9,66.4,2025-02-26,Mumbai
491,banana,fresh,fresh,33.99,203.0,226.4,3.62,15.97,6.56,0.005,0.918,91.6,3.6,71.2,2025-01-11,Chennai
492,milk,fresh,fresh,10.43,0.0,238.13,1.74,8.62,12.33,0.0165,0.142,89.6,4.3,80.9,2025-09-06,Mumbai
493,mango,fresh,fresh,33.73,180.42,161.02,11.49,22.8,19.29,0.0,0.989,94.6,2.7,76.6,2025-07-28,Hyderabad
494,zucchini,fresh,fresh,39.08,127.87,163.51,6.78,18.41,16.83,0.0055,0.38,87.0,4.8,91.6,2025-03-11,Pune
495,cream,fresh,fresh,39.78,144.82,187.05,6.86,14.54,20.81,0.0087,0.53,90.0,6.5,89.8,2025-04-05,Mumbai
496,yogurt,fresh,fresh,14.7,148.63,152.63,11.97,22.73,20.32,0.0,0.174,92.8,2.6,74.1,2025-10-04,Mumbai
497,avocado,fresh,fresh,40.11,133.07,190.87,8.4,20.79,23.82,0.0,0.739,91.5,4.8,80.7,2025-09-19,Delhi
498,walnut,spoiled,moderate,27.32,39.33,36.9,8.08,14.63,20.28,0.3105,0.231,42.2,6.4,89.8,2025-12-26,Bangalore
499,bread,fresh,fresh,20.96,198.23,210.33,9.2,20.22,19.36,0.0,0.229,88.3,2.2,87.8,2025-03-13,Delhi
500,apple,moderate,fresh,13.24,121.94,165.16,2.52,26.0,19.53,0.0,0.666,84.9,6.9,80.2,2025-08-07,Bangalore
501,tuna,fresh,fresh,14.74,132.79,171.73,11.78,21.67,15.99,0.0098,0.69,85.3,5.1,71.8,2025-03-09,Delhi
502,cheese,moderate,fresh,29.86,51.32,157.07,9.06,24.72,28.98,0.0,0.871,79.6,6.6,69.2,2025-06-14,Pune
503,banana,spoiled,moderate,5.99,19.04,68.33,9.08,10.44,11.5,0.1474,0.512,52.8,2.7,79.3,2025-05-05,Kolkata
504,onion,fresh,fresh,26.39,161.03,204.01,7.07,18.77,23.46,0.0194,0.175,89.5,7.2,77.7,2025-07-27,Hyderabad
505,cherry,fresh,fresh,15.04,142.23,183.81,8.9,18.47,20.1,0.011,0.279,90.7,6.5,78.4,2025-03-19,Kolkata
506,butter,fresh,fresh,10.09,136.84,189.07,6.04,20.18,21.34,0.0,0.307,92.7,7.7,78.6,2025-06-06,Chennai
507,oats,fresh,fresh,27.26,153.41,160.75,7.59,21.83,20.47,0.0047,0.859,88.8,6.5,65.3,2025-10-14,Kolkata
508,cherry,fresh,fresh,25.31,154.48,194.29,3.9,23.48,18.99,0.018,0.367,96.7,7.4,94.0,2025-08-15,Delhi
509,lemon,moderate,fresh,29.25,119.93,95.71,8.58,24.13,22.65,0.0045,0.738,74.6,6.0,67.3,2025-12-20,Hyderabad
510,watermelon,fresh,fresh,43.88,132.86,168.89,8.41,16.39,18.81,0.0,0.84,84.6,6.6,88.2,2025-04-13,Kolkata
511,peach,moderate,fresh,28.17,81.68,127.67,8.94,20.46,25.96,0.0,0.851,78.1,2.4,93.7,2025-05-05,Bangalore
512,pineapple,moderate,fresh,42.55,90.46,135.63,11.39,21.19,30.11,0.0069,0.285,82.3,2.9,69.6,2025-06-01,Pune
513,pineapple,fresh,fresh,31.62,182.64,165.34,11.64,22.33,21.66,0.0109,0.639,89.1,3.4,75.3,2025-02-18,Pune
514,tuna,fresh,fresh,31.87,145.03,204.01,8.28,14.1,16.65,0.0192,0.919,82.7,4.0,69.5,2025-01-13,Kolkata
515,carrot,fresh,fresh,11.44,194.65,199.15,5.44,9.15,15.43,0.0034,0.889,91.5,6.1,87.8,2025-05-08,Hyderabad
516,mango,fresh,fresh,15.46,165.19,178.11,8.84,17.41,23.84,0.0184,0.879,92.4,3.4,89.7,2025-08-27,Pune
517,mushroom,fresh,fresh,38.33,161.67,177.41,9.16,17.88,22.57,0.0146,0.352,90.6,6.3,69.7,2025-05-21,Hyderabad
518,bell_pepper,fresh,fresh,43.2,171.41,165.41,8.72,16.12,21.72,0.0193,0.175,93.4,2.6,88.2,2025-04-19,Bangalore
519,avocado,moderate,fresh,29.51,43.25,100.96,9.43,24.1,21.37,0.0,0.803,78.1,6.3,79.6,2025-10-13,Hyderabad
520,butter,spoiled,moderate,23.89,38.77,66.11,8.49,18.15,24.97,0.1511,0.197,61.6,7.0,82.5,2025-02-19,Chennai
521,pineapple,spoiled,moderate,15.16,25.82,79.82,9.28,14.58,22.22,0.1041,0.738,60.5,5.6,88.5,2025-12-24,Chennai
522,onion,moderate,fresh,5.91,122.96,131.82,9.18,24.73,24.89,0.0,0.877,81.6,2.2,74.0,2025-11-24,Kolkata
523,mushroom,moderate,fresh,7.69,127.37,131.03,10.89,27.85,21.94,0.0027,0.122,75.2,7.7,63.5,2025-07-26,Chennai
524,chickpeas,fresh,fresh,33.79,144.65,196.94,3.75,19.7,18.19,0.0,0.715,95.2,4.1,93.8,2025-05-15,Kolkata
525,grape,fresh,fresh,33.46,159.4,165.85,6.58,19.67,17.31,0.0054,0.792,90.6,3.0,79.5,2025-09-21,Delhi
526,almond,fresh,fresh,36.74,142.62,121.86,7.25,16.88,15.11,0.0126,0.86,80.5,7.1,71.7,2025-10-18,Pune
527,avocado,fresh,fresh,20.1,152.19,206.57,8.63,18.18,21.37,0.0166,0.181,87.0,4.4,81.8,2025-11-06,Kolkata
528,potato,fresh,fresh,26.33,136.11,156.91,4.5,18.83,20.47,0.0,0.403,91.0,4.6,72.7,2025-03-06,Delhi
529,banana,fresh,fresh,29.61,203.76,210.54,5.22,11.05,12.33,0.0164,0.73,94.8,5.4,86.5,2025-09-06,Bangalore
530,tuna,moderate,fresh,14.98,71.19,93.33,9.0,27.93,26.55,0.017,0.638,69.0,7.3,74.2,2025-05-05,Pune
531,bell_pepper,fresh,fresh,37.83,160.44,157.93,7.34,17.66,23.99,0.0169,0.193,85.2,7.7,88.5,2025-05-20,Hyderabad
532,orange,fresh,fresh,20.43,167.87,197.86,11.66,18.77,22.14,0.013,0.321,86.0,2.9,94.7,2025-01-16,Mumbai
533,tofu,spoiled,moderate,42.82,25.74,39.3,6.24,17.14,14.35,0.2925,0.683,41.2,3.3,60.4,2025-04-01,Kolkata
534,tuna,fresh,fresh,27.02,158.75,183.7,8.85,20.67,23.84,0.0023,0.999,87.8,3.2,66.5,2025-09-19,Bangalore
535,bread,moderate,fresh,15.48,73.08,110.68,11.66,27.7,26.35,0.0,0.335,84.4,6.8,72.7,2025-05-14,Delhi
536,garlic,spoiled,fresh,31.83,17.33,103.34,13.05,17.21,25.35,0.0,0.421,81.1,7.7,64.7,2025-12-08,Kolkata
537,cream,moderate,fresh,8.43,76.89,111.62,11.44,21.85,27.27,0.0167,0.987,71.8,6.3,78.7,2025-02-26,Kolkata
538,salmon,fresh,fresh,40.96,163.9,185.68,6.02,17.46,23.75,0.0081,0.979,86.8,6.9,67.8,2025-05-19,Kolkata
539,grape,fresh,fresh,36.23,149.22,171.64,3.95,16.79,25.73,0.0036,0.158,86.2,8.0,60.8,2025-08-18,Pune
540,grape,spoiled,fresh,7.2,37.84,90.15,7.49,15.55,22.81,0.0575,0.157,70.0,4.1,93.4,2025-05-19,Delhi
541,chickpeas,fresh,fresh,30.1,207.37,146.63,10.12,19.48,22.32,0.0,0.788,90.3,2.8,73.9,2025-11-15,Delhi
542,cream,moderate,fresh,29.41,71.67,135.72,6.28,26.81,25.89,0.0,0.819,76.7,5.0,74.2,2025-09-22,Hyderabad
543,cucumber,spoiled,fresh,26.39,50.87,77.35,10.3,12.36,17.86,0.0954,0.779,72.5,5.5,87.1,2025-02-20,Chennai
544,butter,fresh,fresh,39.49,178.73,175.24,8.09,17.29,23.52,0.0,0.982,83.8,6.6,94.6,2025-03-01,Pune
545,cheese,moderate,fresh,31.65,138.53,108.04,9.24,25.69,26.94,0.0,0.463,78.9,6.2,84.0,2025-07-13,Pune
546,milk,fresh,fresh,8.92,5.64,248.81,6.44,2.25,14.07,0.0,0.42,82.3,6.2,90.8,2025-08-03,Mumbai
547,carrot,fresh,fresh,15.51,192.01,201.19,4.11,12.41,15.09,0.0194,0.67,87.7,4.0,86.3,2025-09-09,Chennai
548,salmon,fresh,fresh,12.78,167.53,148.77,11.01,19.01,19.36,0.0073,0.186,87.4,2.0,94.5,2025-01-01,Delhi
549,potato,fresh,fresh,24.98,144.24,208.37,3.02,23.83,21.01,0.0027,0.437,94.6,2.4,66.0,2025-11-20,Bangalore
550,pear,fresh,fresh,20.34,128.49,213.53,6.11,16.54,23.41,0.0,0.715,96.9,2.9,73.1,2025-03-15,Pune
551,olive_oil,fresh,fresh,32.71,131.24,184.33,5.95,23.3,23.18,0.0128,0.127,81.6,2.2,78.8,2025-02-26,Delhi
552,spinach,fresh,fresh,34.26,157.23,215.22,8.0,16.45,21.35,0.0036,0.251,94.1,2.6,66.8,2025-03-20,Delhi
553,cauliflower,spoiled,moderate,40.86,19.78,62.77,10.83,14.84,17.05,0.1817,0.503,57.0,2.7,79.4,2025-06-08,Delhi
554,blueberry,fresh,fresh,38.97,196.4,183.92,6.19,15.35,20.77,0.0,0.464,96.1,4.1,92.1,2025-08-26,Kolkata
555,pasta,moderate,fresh,36.04,101.88,129.94,8.82,21.72,27.5,0.0,0.568,86.6,6.0,71.2,2025-09-19,Hyderabad
556,tofu,fresh,fresh,37.31,119.09,211.8,9.15,24.2,15.97,0.0019,0.281,86.9,3.9,75.7,2025-04-10,Pune
557,mushroom,fresh,fresh,19.07,147.02,190.06,11.59,22.12,19.27,0.0,0.542,86.6,3.9,76.9,2025-07-10,Bangalore
558,olive_oil,fresh,fresh,21.79,174.6,160.71,11.26,19.15,24.77,0.0,0.848,90.8,3.1,63.1,2025-10-24,Hyderabad
559,cream,fresh,fresh,35.43,147.26,169.61,7.32,21.28,20.23,0.0,0.125,84.0,7.8,73.5,2025-06-18,Chennai
560,oats,spoiled,moderate,14.06,32.52,71.57,5.74,16.37,17.06,0.1431,0.26,65.0,4.2,84.5,2025-04-04,Bangalore
561,pear,spoiled,moderate,8.47,9.69,34.12,7.29,12.87,25.86,0.3123,0.283,45.3,3.2,82.4,2025-01-02,Bangalore
562,kiwi,spoiled,moderate,14.74,37.67,78.01,10.26,14.77,16.41,0.1016,0.914,58.4,6.0,92.0,2025-06-06,Bangalore
563,avocado,fresh,fresh,41.61,186.14,146.35,5.95,19.16,17.11,0.0,0.228,92.8,3.5,83.4,2025-07-22,Hyderabad
564,lentils,spoiled,fresh,25.06,24.08,113.3,12.38,15.64,23.08,0.0,0.891,77.3,6.4,69.5,2025-12-01,Bangalore
565,peas,fresh,fresh,38.85,138.72,163.68,8.16,22.58,20.42,0.0,0.801,91.5,3.5,60.4,2025-12-13,Chennai
566,tofu,moderate,fresh,9.23,69.93,128.15,9.85,30.92,20.84,0.0076,0.163,73.2,2.7,65.6,2025-08-03,Mumbai
567,cream,fresh,fresh,34.04,179.78,225.43,7.19,21.47,21.71,0.0,0.713,100.0,7.6,73.9,2025-09-10,Delhi
568,chicken,fresh,fresh,31.56,148.02,188.72,2.94,22.05,20.38,0.0,0.897,92.7,3.2,63.0,2025-08-07,Mumbai
569,butter,spoiled,moderate,17.78,65.7,56.5,9.19,20.97,17.5,0.2019,0.306,55.4,7.0,66.5,2025-12-26,Chennai
570,tomato,fresh,fresh,1.9,197.79,192.61,2.42,11.12,13.4,0.0095,0.498,89.7,6.6,83.2,2025-09-25,Mumbai
571,olive_oil,fresh,fresh,25.14,148.46,188.52,8.84,14.67,23.19,0.0028,0.954,85.6,4.0,93.3,2025-03-12,Bangalore
572,cherry,spoiled,moderate,22.53,55.77,78.88,12.2,16.4,24.04,0.1008,0.952,58.9,5.0,67.9,2025-11-07,Delhi
573,pasta,moderate,fresh,30.22,87.55,186.81,11.78,26.72,21.17,0.0,0.859,77.2,5.6,70.1,2025-03-05,Hyderabad
574,cucumber,fresh,fresh,19.69,155.85,182.91,6.77,20.42,24.77,0.0,0.581,91.5,5.7,65.9,2025-06-12,Chennai
575,blueberry,spoiled,moderate,26.95,17.88,67.77,8.39,13.84,18.76,0.1414,0.103,61.4,2.4,73.6,2025-10-04,Kolkata
576,avocado,moderate,fresh,20.22,58.62,126.81,8.88,16.21,31.16,0.0018,0.118,71.0,6.9,76.7,2025-10-21,Bangalore
577,spinach,moderate,fresh,35.89,80.59,130.47,7.66,30.09,30.69,0.0164,0.314,78.2,4.9,68.8,2025-11-15,Bangalore
578,blueberry,fresh,fresh,31.25,170.47,183.51,5.33,18.76,20.4,0.0,0.358,95.5,6.4,93.7,2025-07-09,Mumbai
579,garlic,moderate,fresh,20.45,84.53,127.72,9.84,25.16,21.82,0.0,0.138,78.9,4.5,90.8,2025-04-13,Mumbai
580,bread,fresh,fresh,24.26,124.31,199.56,3.79,23.46,24.16,0.0,0.476,95.0,6.4,75.5,2025-07-15,Delhi
581,bell_pepper,fresh,fresh,27.58,97.94,172.77,7.87,16.97,18.45,0.0089,0.285,82.7,3.3,66.7,2025-04-28,Pune
582,pasta,moderate,fresh,40.3,106.62,106.89,6.8,24.02,24.36,0.0,0.876,77.5,6.8,73.1,2025-05-07,Bangalore
583,blueberry,fresh,fresh,33.97,139.29,190.23,11.87,22.45,19.86,0.0,0.914,88.8,7.7,90.5,2025-07-02,Mumbai
584,kiwi,fresh,fresh,28.53,142.87,203.61,6.75,20.14,20.15,0.0064,0.943,95.6,4.6,93.0,2025-01-23,Mumbai
585,potato,moderate,fresh,19.98,55.69,138.07,9.88,26.5,23.4,0.0193,0.713,73.9,6.6,82.4,2025-10-26,Kolkata
586,cherry,fresh,fresh,39.77,132.46,214.24,4.5,21.3,21.43,0.0,0.765,86.7,6.6,77.0,2025-10-25,Hyderabad
587,butter,moderate,fresh,17.04,100.61,161.99,5.57,26.51,17.52,0.007,0.808,89.6,2.5,60.3,2025-01-11,Kolkata
588,orange,fresh,fresh,22.27,182.58,168.36,5.65,19.41,26.2,0.0,0.236,95.4,3.3,89.4,2025-06-20,Delhi
589,beef,spoiled,fresh,1.68,19.23,99.95,13.72,14.69,16.28,0.0,0.258,73.1,3.8,88.1,2025-03-05,Mumbai
590,peas,fresh,fresh,46.77,181.89,193.58,6.38,19.85,19.52,0.0,0.605,97.4,5.8,84.5,2025-05-23,Kolkata
591,tomato,spoiled,fresh,13.99,61.77,77.59,3.85,19.13,20.94,0.0979,0.5,68.4,6.5,64.7,2025-07-16,Bangalore
592,milk,fresh,fresh,13.44,17.33,228.88,4.93,3.41,5.3,0.0075,0.836,76.3,7.6,80.5,2025-03-15,Chennai
593,cheese,spoiled,moderate,23.47,72.67,33.2,9.94,16.92,20.37,0.3494,0.989,46.2,7.3,62.4,2025-03-20,Delhi
594,oats,fresh,fresh,29.09,124.02,184.66,6.49,13.43,23.58,0.0197,0.812,81.2,6.0,93.7,2025-06-10,Pune
595,orange,fresh,fresh,37.67,151.03,184.58,10.15,20.67,22.71,0.0,0.66,96.1,5.5,94.7,2025-06-28,Delhi
596,cherry,fresh,fresh,27.62,176.24,186.42,8.39,16.19,20.86,0.0162,0.121,97.7,3.9,65.8,2025-11-08,Pune
597,lettuce,fresh,fresh,23.34,137.23,163.69,5.87,26.37,23.99,0.0,0.346,93.8,8.0,83.0,2025-11-03,Delhi
598,egg,fresh,fresh,45.36,125.54,181.43,5.41,17.91,17.25,0.0171,0.11,92.6,5.4,70.6,2025-04-16,Bangalore
599,potato,fresh,fresh,39.92,142.08,201.37,9.21,26.91,15.56,0.0079,0.402,91.9,6.8,89.9,2025-07-14,Pune
600,bell_pepper,fresh,fresh,40.07,172.93,160.53,10.01,21.01,19.32,0.0,0.274,85.3,3.7,62.9,2025-08-22,Chennai
601,pasta,spoiled,fresh,11.76,24.21,111.0,10.0,17.35,17.63,0.0158,0.121,80.9,2.8,86.7,2025-04-03,Mumbai
602,garlic,fresh,fresh,23.76,171.64,153.01,7.17,20.1,20.33,0.0,0.179,88.2,2.5,85.3,2025-12-26,Delhi
603,tuna,fresh,fresh,28.57,157.92,193.86,9.47,17.04,19.15,0.0186,0.972,90.8,5.8,71.6,2025-11-04,Hyderabad
604,pineapple,fresh,fresh,39.56,167.89,152.54,8.7,14.07,20.14,0.0167,0.934,81.1,3.1,85.1,2025-02-01,Bangalore
605,oats,fresh,fresh,45.18,131.04,163.31,9.53,15.37,18.1,0.0,0.388,78.3,5.2,76.7,2025-04-23,Bangalore
606,salmon,moderate,fresh,30.96,74.14,124.1,11.49,26.26,25.8,0.0093,0.633,78.6,7.2,75.5,2025-09-01,Chennai
607,pear,spoiled,moderate,16.61,40.55,67.53,10.92,13.51,19.45,0.1775,0.618,55.9,3.1,64.3,2025-02-07,Mumbai
608,cucumber,moderate,fresh,15.1,89.12,109.72,7.77,25.78,25.64,0.0,0.852,74.5,3.8,74.4,2025-11-10,Mumbai
609,mushroom,fresh,fresh,36.26,141.38,188.16,9.1,21.33,17.52,0.0,0.106,85.6,7.3,83.9,2025-05-25,Mumbai
610,watermelon,fresh,fresh,31.19,157.28,180.14,3.83,20.48,26.64,0.0161,0.154,88.3,6.5,75.1,2025-11-25,Pune
611,zucchini,fresh,fresh,27.12,135.44,187.47,8.62,23.58,16.23,0.0,0.629,91.6,7.5,72.7,2025-11-20,Pune
612,watermelon,moderate,fresh,32.31,104.76,126.45,10.68,28.09,27.62,0.0,0.422,84.7,6.9,73.0,2025-05-25,Bangalore
613,cucumber,fresh,fresh,20.86,166.4,178.71,8.15,20.22,19.55,0.0,0.253,92.7,6.1,74.3,2025-08-11,Kolkata
614,corn,fresh,fresh,39.53,148.33,157.61,7.21,20.54,23.69,0.0,0.228,92.5,6.5,74.7,2025-01-28,Mumbai
615,cucumber,fresh,fresh,34.82,132.99,229.7,8.53,23.83,19.54,0.0,0.429,96.8,4.6,88.6,2025-03-05,Hyderabad
616,pear,fresh,fresh,34.27,166.79,204.36,10.11,22.62,19.05,0.0,0.344,83.1,3.2,77.4,2025-03-10,Kolkata
617,egg,fresh,fresh,25.43,156.65,198.66,7.55,23.2,24.36,0.0043,0.549,84.8,4.6,89.8,2025-08-22,Chennai
618,onion,spoiled,moderate,10.84,22.45,67.19,10.62,13.43,24.06,0.157,0.529,51.5,3.7,68.2,2025-08-26,Mumbai
619,peas,fresh,fresh,33.39,150.79,151.28,5.37,20.84,13.6,0.0053,0.405,93.0,3.9,81.6,2025-10-04,Hyderabad
620,lemon,fresh,fresh,38.1,146.84,244.86,12.62,19.46,19.68,0.0,0.72,90.3,2.8,79.8,2025-08-03,Chennai
621,zucchini,fresh,fresh,37.96,184.06,147.24,4.43,18.13,21.75,0.0178,0.719,83.3,7.5,91.6,2025-11-16,Kolkata
622,broccoli,moderate,moderate,49.97,101.4,62.0,5.37,22.57,12.52,0.1832,0.275,61.9,2.8,71.3,2025-11-19,Mumbai
623,lentils,moderate,fresh,4.82,93.63,149.83,9.76,23.63,24.52,0.0128,0.54,78.1,4.8,60.7,2025-09-04,Bangalore
624,walnut,fresh,fresh,27.04,123.04,165.71,9.04,20.97,20.5,0.0012,0.516,82.4,7.4,93.2,2025-12-09,Chennai
625,zucchini,fresh,fresh,22.04,146.37,136.46,8.36,24.29,15.58,0.0108,0.741,79.4,4.2,87.2,2025-08-08,Mumbai
626,bread,fresh,fresh,25.31,156.58,205.06,7.1,17.92,14.09,0.0048,0.606,88.0,6.7,93.5,2025-08-11,Hyderabad
627,cream,fresh,fresh,30.83,190.84,185.55,7.96,20.97,19.97,0.0,0.931,95.8,5.6,70.3,2025-01-24,Mumbai
628,butter,moderate,fresh,16.87,110.58,135.64,10.04,22.07,28.91,0.0116,0.481,78.7,6.9,60.4,2025-05-07,Mumbai
629,spinach,fresh,fresh,35.32,138.94,200.04,7.0,17.65,17.72,0.0105,0.171,91.3,4.8,91.8,2025-03-15,Pune
630,potato,moderate,fresh,7.29,101.79,84.22,7.54,18.77,24.74,0.0892,0.197,72.8,3.6,69.7,2025-12-20,Bangalore
631,spinach,fresh,fresh,28.8,143.47,159.15,5.66,21.39,18.35,0.0182,0.212,80.0,7.2,79.3,2025-06-05,Delhi
632,chickpeas,fresh,fresh,32.53,132.3,183.62,10.61,21.76,18.76,0.0,0.391,79.6,3.1,81.5,2025-01-21,Delhi
633,cucumber,moderate,fresh,27.57,83.98,130.2,9.35,24.51,25.64,0.0153,0.15,81.2,6.3,64.6,2025-02-03,Mumbai
634,blueberry,fresh,fresh,22.05,129.68,152.23,4.8,16.35,20.48,0.0086,0.183,79.2,4.2,72.5,2025-02-14,Delhi
635,walnut,fresh,fresh,22.86,160.27,180.69,4.06,21.96,22.43,0.0,0.475,87.0,6.7,84.3,2025-09-27,Chennai
636,kiwi,fresh,fresh,22.05,158.4,162.87,8.2,16.21,14.62,0.0165,0.335,80.9,3.4,82.6,2025-09-01,Chennai
637,rice,moderate,fresh,21.17,86.91,120.06,7.63,23.8,25.81,0.0,0.297,75.1,3.4,65.3,2025-03-17,Delhi
638,cucumber,fresh,fresh,29.64,153.65,166.6,10.34,16.47,21.46,0.0,0.559,89.3,3.7,60.8,2025-12-23,Bangalore
639,egg,fresh,fresh,39.46,159.62,175.95,6.94,23.11,15.73,0.0,0.307,83.4,4.9,72.2,2025-02-19,Delhi
640,yogurt,spoiled,fresh,10.3,29.04,94.75,10.76,12.1,19.07,0.0147,0.583,66.7,7.5,86.0,2025-05-09,Hyderabad
641,garlic,fresh,fresh,25.09,135.8,199.58,5.26,24.83,22.48,0.0,0.647,83.2,4.0,71.4,2025-05-13,Chennai
642,rice,fresh,fresh,38.73,140.74,177.0,5.13,18.43,21.48,0.0041,0.686,79.6,5.1,74.2,2025-03-04,Chennai
643,potato,moderate,fresh,37.96,62.32,120.86,9.7,20.81,26.77,0.015,0.28,82.0,5.4,86.2,2025-12-22,Mumbai
644,beef,moderate,fresh,17.76,85.12,118.7,8.42,24.98,24.35,0.0,0.664,77.1,5.4,91.0,2025-05-07,Hyderabad
645,banana,fresh,fresh,28.51,199.07,223.2,7.31,15.42,12.99,0.0,0.401,89.7,5.0,85.2,2025-12-11,Bangalore
646,corn,moderate,fresh,11.1,93.94,102.57,7.05,22.78,28.58,0.0,0.605,73.2,3.7,94.5,2025-04-03,Hyderabad
647,mango,spoiled,moderate,29.5,38.65,39.35,9.61,15.91,20.53,0.308,0.871,51.7,7.7,92.6,2025-05-15,Bangalore
648,chickpeas,moderate,fresh,6.56,67.74,128.4,11.07,18.41,24.51,0.0,0.294,73.6,3.1,74.8,2025-06-03,Delhi
649,peas,moderate,fresh,26.43,111.24,147.32,11.17,22.6,19.28,0.0,0.208,79.9,2.9,76.0,2025-04-04,Pune
650,almond,spoiled,fresh,16.07,50.02,97.87,11.42,16.29,21.14,0.0259,0.939,79.5,3.0,63.9,2025-12-08,Bangalore
651,beef,moderate,fresh,19.44,86.75,171.73,8.11,29.84,24.03,0.0,0.607,79.9,2.4,84.2,2025-04-03,Bangalore
652,oats,fresh,fresh,40.6,121.86,191.72,6.53,15.75,20.66,0.0,0.519,79.8,3.1,60.5,2025-01-22,Chennai
653,olive_oil,spoiled,moderate,30.09,22.33,40.02,9.82,14.74,21.64,0.3087,0.282,48.8,3.6,83.5,2025-04-08,Pune
654,zucchini,moderate,fresh,34.5,88.51,176.39,10.45,23.96,20.17,0.0,0.607,92.0,7.1,79.6,2025-12-16,Kolkata
655,avocado,moderate,fresh,22.37,81.59,154.01,10.92,21.46,25.52,0.0,0.18,85.8,4.2,88.7,2025-09-06,Delhi
656,pasta,spoiled,fresh,26.72,57.92,87.75,11.52,15.18,21.16,0.0629,0.389,74.0,5.8,74.2,2025-10-13,Delhi
657,cauliflower,spoiled,moderate,32.5,15.01,63.01,8.45,16.14,23.69,0.1708,0.705,60.3,7.3,83.6,2025-07-12,Bangalore
658,orange,moderate,fresh,19.03,30.24,119.69,11.83,26.61,26.28,0.0,0.423,82.3,4.8,86.4,2025-11-06,Chennai
659,bell_pepper,fresh,fresh,27.76,124.42,190.31,6.33,26.55,21.71,0.005,0.639,93.0,5.2,89.1,2025-03-28,Kolkata
660,chicken,fresh,fresh,25.35,137.77,178.14,7.52,23.35,20.56,0.0,0.724,92.1,2.5,74.7,2025-02-17,Hyderabad
661,strawberry,fresh,fresh,0.54,238.36,160.99,3.54,13.18,21.09,0.0,0.595,92.9,7.7,85.9,2025-11-23,Kolkata
662,bell_pepper,fresh,fresh,32.49,112.21,220.31,10.58,18.81,16.69,0.0135,0.436,86.1,7.6,78.3,2025-07-08,Hyderabad
663,onion,moderate,fresh,28.48,92.17,138.89,10.38,26.52,29.34,0.0195,0.303,84.3,5.9,65.4,2025-12-25,Mumbai
664,lentils,fresh,fresh,34.54,129.01,207.25,11.28,29.46,16.63,0.0002,0.197,93.5,2.9,62.5,2025-05-08,Kolkata
665,corn,fresh,fresh,31.94,108.36,191.06,6.9,25.77,17.68,0.0055,0.956,81.7,3.1,60.6,2025-05-04,Mumbai
666,pear,moderate,fresh,8.11,78.22,80.61,11.5,18.8,25.09,0.0796,0.507,71.1,2.7,93.1,2025-11-13,Chennai
667,tofu,moderate,fresh,4.22,81.99,171.08,10.72,22.41,24.91,0.0,0.373,80.7,5.7,92.2,2025-11-20,Hyderabad
668,strawberry,moderate,fresh,5.07,139.45,82.66,5.19,11.89,18.11,0.0867,0.416,80.4,3.5,76.6,2025-07-25,Hyderabad
669,olive_oil,fresh,fresh,26.09,162.67,180.45,5.19,17.05,20.6,0.0048,0.416,91.7,7.8,77.2,2025-01-13,Chennai
670,cheese,moderate,fresh,24.21,75.52,117.98,11.39,23.45,24.74,0.0,0.183,72.1,3.5,89.1,2025-11-04,Bangalore
671,potato,moderate,moderate,46.7,54.41,83.7,11.57,22.96,24.05,0.1008,0.131,64.1,3.9,87.2,2025-08-07,Hyderabad
672,peas,fresh,fresh,23.75,144.8,211.97,9.6,22.59,15.75,0.0037,0.708,93.1,2.2,77.7,2025-02-17,Mumbai
673,cauliflower,fresh,fresh,20.79,93.22,163.81,9.91,21.55,19.34,0.0121,0.582,84.4,6.3,68.9,2025-02-23,Hyderabad
674,cheese,fresh,fresh,29.82,136.22,184.1,9.53,15.15,20.9,0.0141,0.136,86.7,5.6,74.9,2025-11-05,Kolkata
675,watermelon,fresh,fresh,37.46,141.7,194.01,13.63,19.69,21.18,0.0,0.798,88.3,6.8,91.7,2025-07-02,Delhi
676,pear,fresh,fresh,24.1,153.63,189.21,8.39,16.94,20.62,0.0033,0.544,94.7,6.3,88.3,2025-02-04,Mumbai
677,lemon,fresh,fresh,41.7,158.97,199.24,7.53,22.25,20.84,0.0042,0.121,97.6,5.0,87.8,2025-07-01,Pune
678,butter,spoiled,moderate,10.49,39.78,50.17,8.73,15.57,20.89,0.2509,0.477,49.2,2.2,75.3,2025-12-14,Chennai
679,watermelon,fresh,fresh,20.49,171.08,191.44,6.59,15.39,19.57,0.0066,0.527,96.1,5.0,68.5,2025-03-04,Chennai
680,peach,fresh,fresh,26.43,152.26,172.74,3.99,18.83,19.08,0.0,0.694,82.5,5.3,79.5,2025-08-03,Kolkata
681,pasta,fresh,fresh,35.07,136.04,213.57,4.18,23.93,19.33,0.0024,0.309,88.4,2.9,64.7,2025-12-13,Chennai
682,garlic,fresh,fresh,36.88,151.6,202.79,7.23,16.7,24.26,0.0,0.699,94.4,5.5,60.3,2025-03-11,Mumbai
683,milk,moderate,fresh,14.32,21.77,218.52,3.94,9.79,13.23,0.0,0.531,78.4,2.6,73.6,2025-11-21,Hyderabad
684,watermelon,fresh,fresh,28.94,151.45,150.0,6.44,24.05,22.66,0.0004,0.875,79.7,2.4,78.0,2025-02-19,Mumbai
685,tomato,moderate,fresh,7.75,134.86,124.12,6.71,19.4,20.7,0.005,0.944,81.3,7.0,74.2,2025-07-02,Kolkata
686,cucumber,moderate,fresh,36.46,70.57,168.97,6.94,29.89,23.88,0.0069,0.938,74.8,4.3,81.2,2025-04-24,Mumbai
687,milk,moderate,fresh,13.54,4.88,193.18,3.92,6.18,14.59,0.0155,0.681,85.1,6.5,65.5,2025-10-17,Delhi
688,cheese,moderate,fresh,34.58,95.19,137.69,7.81,22.36,30.4,0.0,0.16,80.3,2.5,91.2,2025-03-25,Pune
689,strawberry,fresh,fresh,0.53,234.84,155.14,2.0,18.21,23.82,0.0,0.826,89.3,7.5,70.6,2025-09-20,Delhi
690,lettuce,spoiled,moderate,18.89,29.18,68.88,10.68,17.67,20.01,0.1551,0.782,59.2,7.0,80.6,2025-09-22,Hyderabad
691,salmon,moderate,fresh,31.19,130.96,139.53,10.62,20.44,17.11,0.0,0.182,84.8,4.9,72.0,2025-09-20,Pune
692,watermelon,fresh,fresh,33.11,148.1,169.7,8.49,19.82,23.38,0.0,0.36,83.3,5.1,71.0,2025-06-08,Hyderabad
693,cherry,fresh,fresh,30.69,135.06,199.8,7.57,21.58,18.57,0.013,0.566,85.5,4.5,69.2,2025-07-22,Pune
694,cherry,moderate,fresh,18.5,92.1,130.32,10.96,24.19,19.49,0.0,0.793,86.9,3.8,84.0,2025-06-23,Hyderabad
695,egg,fresh,fresh,26.54,165.88,174.05,7.51,22.96,17.86,0.0033,0.256,93.2,6.3,90.7,2025-11-08,Mumbai
696,salmon,moderate,fresh,9.57,85.98,117.9,8.07,24.47,26.47,0.0,0.683,84.6,5.0,68.6,2025-08-23,Delhi
697,chicken,fresh,fresh,29.93,156.14,216.27,7.31,20.84,18.47,0.0,0.165,88.6,2.7,73.2,2025-09-13,Chennai
698,watermelon,fresh,fresh,23.23,138.3,170.42,8.72,27.05,17.85,0.0171,0.509,93.4,7.9,80.4,2025-05-17,Hyderabad
699,peas,fresh,fresh,26.67,148.74,187.92,8.53,23.85,12.72,0.0,0.984,81.3,5.6,76.7,2025-07-11,Chennai
700,lemon,fresh,fresh,10.9,140.08,201.95,4.87,10.98,21.71,0.0121,0.149,86.9,7.1,69.7,2025-09-18,Delhi
701,lemon,moderate,fresh,27.44,62.74,105.36,8.06,25.33,23.12,0.0075,0.284,83.8,7.3,79.8,2025-01-04,Delhi
702,tuna,moderate,fresh,29.94,18.63,108.58,7.75,24.23,23.39,0.0,0.298,71.2,5.6,86.3,2025-09-12,Kolkata
703,tomato,fresh,fresh,4.6,172.11,180.68,3.12,20.57,13.55,0.0,0.298,90.2,6.8,88.9,2025-04-18,Hyderabad
704,banana,spoiled,moderate,17.27,12.94,32.16,8.69,14.98,23.54,0.3488,0.981,34.6,3.6,77.0,2025-02-08,Kolkata
705,peas,fresh,fresh,19.01,160.4,217.38,8.84,20.83,20.03,0.0,0.256,90.8,3.3,63.8,2025-04-22,Delhi
706,mushroom,moderate,fresh,9.29,123.89,114.73,11.01,20.31,21.46,0.0,0.292,82.9,2.6,62.9,2025-12-15,Bangalore
707,blueberry,moderate,fresh,39.35,81.32,166.33,9.84,19.47,27.68,0.0046,0.442,81.0,5.2,69.5,2025-11-16,Bangalore
708,butter,fresh,fresh,25.28,163.97,180.5,4.91,20.49,26.59,0.0003,0.449,81.1,4.7,67.2,2025-03-23,Chennai
709,salmon,moderate,fresh,29.93,88.56,156.88,10.42,25.63,21.73,0.0,0.464,85.4,3.3,72.4,2025-05-08,Pune
710,spinach,spoiled,moderate,22.34,50.53,53.28,12.85,14.72,17.34,0.2487,0.965,51.5,6.1,79.7,2025-11-23,Chennai
711,zucchini,moderate,fresh,34.98,82.83,148.99,9.42,24.82,26.48,0.0029,0.424,73.9,2.1,75.3,2025-08-14,Chennai
712,mushroom,fresh,fresh,32.33,110.09,157.58,9.86,19.6,18.43,0.0,0.997,79.5,4.9,65.9,2025-10-21,Hyderabad
713,salmon,fresh,fresh,19.13,128.41,139.56,7.8,18.2,17.1,0.0,0.443,78.6,2.3,68.0,2025-12-06,Chennai
714,tuna,moderate,fresh,24.32,99.1,182.33,6.98,28.48,27.92,0.0,0.939,77.9,4.7,70.3,2025-07-09,Kolkata
715,pear,fresh,fresh,23.77,154.06,170.85,8.37,24.53,21.82,0.0008,0.309,84.4,2.6,61.8,2025-11-26,Kolkata
716,almond,fresh,fresh,34.07,141.39,150.32,7.58,23.62,15.42,0.0177,0.905,85.9,3.4,88.3,2025-04-20,Pune
717,watermelon,fresh,fresh,21.56,152.53,160.31,6.41,18.73,15.9,0.0127,0.261,80.2,2.7,76.2,2025-06-24,Mumbai
718,blueberry,fresh,fresh,22.21,164.07,153.85,4.8,18.11,22.2,0.0115,0.393,81.7,3.0,69.5,2025-01-17,Hyderabad
719,grape,fresh,fresh,28.42,140.71,180.89,4.51,21.48,21.15,0.0,0.862,82.1,3.5,81.3,2025-06-19,Kolkata
720,broccoli,fresh,fresh,51.73,135.09,83.09,10.26,15.46,13.99,0.093,0.742,72.0,3.0,81.2,2025-01-03,Bangalore
721,lemon,fresh,fresh,29.84,147.85,204.41,5.85,17.71,23.11,0.012,0.71,89.1,4.4,79.0,2025-07-17,Bangalore
722,rice,spoiled,fresh,14.04,48.51,103.99,9.2,17.04,16.54,0.0042,0.747,73.7,6.5,86.3,2025-09-14,Mumbai
723,yogurt,spoiled,moderate,27.55,37.99,79.46,8.71,10.02,21.51,0.0842,0.166,59.3,8.0,89.5,2025-02-20,Bangalore
724,potato,fresh,fresh,13.49,143.65,198.82,8.38,25.85,23.08,0.0,0.279,87.0,2.1,75.2,2025-11-25,Mumbai
725,zucchini,spoiled,moderate,13.46,35.41,69.05,6.84,12.18,18.32,0.1647,0.684,64.8,3.8,68.6,2025-01-08,Bangalore
726,carrot,fresh,fresh,5.89,190.71,196.26,0.35,16.21,17.15,0.0,0.894,91.1,4.8,74.6,2025-01-08,Mumbai
727,bread,spoiled,moderate,22.27,30.14,81.83,11.36,15.92,17.53,0.073,0.519,62.6,4.3,82.9,2025-07-03,Hyderabad
728,spinach,fresh,fresh,32.21,173.91,168.07,12.2,18.42,20.1,0.0,0.941,88.6,7.2,76.8,2025-06-11,Mumbai
729,lettuce,spoiled,moderate,13.28,38.35,35.16,8.91,11.72,20.41,0.3439,0.231,38.7,6.3,69.4,2025-01-17,Mumbai
730,bread,fresh,fresh,37.96,162.92,132.57,12.08,20.89,17.67,0.0,0.819,77.4,4.8,81.8,2025-05-12,Chennai
731,butter,moderate,fresh,26.57,94.4,113.33,10.4,23.18,23.79,0.0103,0.49,85.6,5.1,83.3,2025-09-24,Pune
732,chicken,fresh,fresh,24.51,121.35,182.92,9.17,21.54,22.46,0.0,0.842,94.5,4.0,85.0,2025-12-24,Pune
733,broccoli,fresh,fresh,57.59,112.01,112.59,5.28,12.3,12.11,0.0,0.655,84.6,3.7,67.7,2025-01-10,Chennai
734,lemon,fresh,fresh,38.64,168.86,189.75,10.14,17.36,21.05,0.0,0.843,90.9,2.9,79.1,2025-05-07,Chennai
735,watermelon,fresh,fresh,29.0,166.94,177.7,7.23,21.62,22.63,0.0091,0.808,81.4,3.3,92.0,2025-03-22,Bangalore
736,pineapple,fresh,fresh,24.65,148.78,158.83,3.0,20.6,21.83,0.016,0.655,85.6,7.9,89.8,2025-05-19,Hyderabad
737,egg,spoiled,moderate,22.62,5.76,62.98,5.56,19.11,16.74,0.1783,0.698,60.5,5.2,83.4,2025-12-19,Hyderabad
738,oats,fresh,fresh,40.04,168.92,161.99,5.73,21.05,17.47,0.0159,0.304,89.1,2.1,76.9,2025-06-17,Delhi
739,cheese,spoiled,moderate,21.02,27.76,34.38,5.54,15.68,18.32,0.3102,0.633,50.9,6.8,69.0,2025-03-18,Mumbai
740,avocado,spoiled,fresh,14.47,45.44,93.47,9.45,13.98,21.5,0.0489,0.933,68.4,6.2,77.7,2025-07-24,Bangalore
741,peas,moderate,fresh,11.43,95.58,143.8,11.36,19.19,22.72,0.0,0.661,78.7,7.7,83.2,2025-06-02,Bangalore
742,corn,moderate,fresh,16.22,92.5,142.02,12.99,23.52,23.51,0.0,0.128,76.0,7.6,64.1,2025-04-16,Bangalore
743,corn,moderate,fresh,36.5,97.41,161.69,10.58,21.53,21.0,0.014,0.358,81.9,5.7,65.8,2025-03-20,Delhi
744,beef,fresh,fresh,17.59,163.24,203.77,11.7,22.53,23.49,0.0,0.817,83.9,2.1,78.9,2025-08-03,Kolkata
745,tofu,moderate,fresh,19.2,61.09,151.25,10.84,25.32,26.16,0.0,0.26,88.3,2.8,94.4,2025-06-22,Pune
746,tofu,fresh,fresh,32.59,175.68,205.9,9.09,22.54,21.54,0.0,0.904,92.6,4.0,61.4,2025-10-03,Chennai
747,tuna,fresh,fresh,26.31,165.13,152.11,10.11,16.42,20.86,0.0116,0.907,93.4,6.9,77.2,2025-05-19,Delhi
748,tuna,moderate,fresh,16.55,103.83,129.15,6.81,26.26,23.27,0.0045,0.225,74.4,4.8,89.8,2025-03-21,Kolkata
749,tofu,fresh,fresh,37.05,150.03,187.91,6.08,18.23,18.62,0.0,0.355,88.5,4.4,71.9,2025-03-23,Bangalore
750,zucchini,fresh,fresh,36.85,183.55,163.9,10.15,13.49,16.42,0.0,0.735,88.8,4.4,88.2,2025-04-26,Kolkata
751,lettuce,moderate,fresh,15.41,56.19,90.41,10.83,24.36,26.14,0.0464,0.733,66.9,2.2,62.1,2025-02-05,Chennai
752,zucchini,fresh,fresh,35.52,155.31,193.16,7.86,16.44,23.17,0.0,0.399,92.8,3.9,68.4,2025-08-14,Bangalore
753,pineapple,spoiled,moderate,14.11,20.97,66.44,8.17,13.75,21.03,0.1747,0.756,60.7,3.8,84.8,2025-08-21,Chennai
754,garlic,fresh,fresh,32.79,132.04,170.25,10.15,21.49,26.23,0.0,0.128,81.2,7.1,68.8,2025-03-27,Bangalore
755,cauliflower,moderate,fresh,36.8,118.61,95.3,11.53,24.84,23.35,0.0318,0.391,75.9,2.8,71.4,2025-12-14,Pune
756,cucumber,spoiled,fresh,21.68,49.18,80.02,8.24,17.23,18.09,0.1146,0.266,70.2,7.2,65.7,2025-05-14,Chennai
757,cheese,spoiled,moderate,22.17,30.45,65.62,11.53,11.88,25.84,0.1536,0.226,55.5,5.1,77.3,2025-05-07,Pune
758,pear,fresh,fresh,15.43,138.05,187.4,9.17,19.7,19.83,0.0053,0.74,92.2,6.8,73.1,2025-01-04,Bangalore
759,olive_oil,moderate,fresh,29.11,84.22,164.83,11.68,27.62,22.1,0.0,0.399,82.9,6.0,85.8,2025-09-09,Hyderabad
760,corn,spoiled,moderate,19.21,30.49,49.89,10.72,13.39,21.97,0.2551,0.651,58.6,4.6,93.2,2025-01-15,Pune
761,beef,fresh,fresh,21.44,184.38,162.07,8.44,22.38,18.29,0.0102,0.14,89.2,4.0,74.3,2025-11-26,Chennai
762,milk,moderate,fresh,20.11,10.17,221.78,6.03,6.21,14.1,0.0,0.896,81.7,5.4,92.3,2025-10-08,Bangalore
763,carrot,fresh,fresh,14.43,181.23,188.76,2.56,11.47,20.46,0.0,0.307,92.9,7.4,68.9,2025-05-01,Hyderabad
764,avocado,fresh,fresh,25.47,166.63,184.19,6.03,19.98,22.35,0.0,0.457,96.5,4.6,93.6,2025-05-18,Kolkata
765,cream,spoiled,moderate,18.12,52.9,90.43,11.84,13.62,16.76,0.0626,0.759,63.6,6.6,87.6,2025-10-22,Chennai
766,cheese,spoiled,moderate,13.86,37.94,80.92,5.66,14.98,20.47,0.1019,0.359,61.4,2.7,68.2,2025-07-18,Pune
767,bell_pepper,fresh,fresh,27.78,175.83,188.44,10.62,19.35,22.81,0.0,0.487,92.6,4.0,68.6,2025-08-01,Chennai
768,lemon,spoiled,moderate,36.35,54.68,48.16,9.49,13.96,21.47,0.246,0.363,55.0,3.5,65.7,2025-07-07,Pune
769,peach,fresh,fresh,35.49,133.22,181.36,3.96,24.33,18.46,0.0,0.998,91.3,6.1,82.4,2025-02-05,Kolkata
770,pineapple,spoiled,moderate,20.56,30.36,92.92,4.32,14.95,19.68,0.025,0.801,63.3,6.8,93.1,2025-03-04,Kolkata
771,zucchini,fresh,fresh,26.37,184.52,162.25,9.54,21.07,23.78,0.0134,0.581,88.6,5.1,76.8,2025-10-09,Kolkata
772,orange,fresh,fresh,24.66,135.34,201.92,8.85,15.37,18.38,0.0,0.826,82.3,5.3,68.8,2025-01-20,Kolkata
773,olive_oil,fresh,fresh,33.09,166.76,166.42,2.17,21.57,16.34,0.0,0.244,80.9,6.9,78.7,2025-08-25,Pune
774,onion,fresh,fresh,13.86,93.35,196.28,8.26,19.32,24.17,0.0117,0.489,91.5,6.8,87.2,2025-07-07,Mumbai
775,cherry,moderate,fresh,31.37,130.41,95.18,9.93,20.15,24.31,0.0275,0.728,77.9,7.9,86.1,2025-11-25,Bangalore
776,egg,moderate,fresh,22.51,105.67,131.14,11.25,27.11,31.46,0.0057,0.279,79.7,2.3,75.9,2025-01-19,Delhi
777,banana,spoiled,fresh,12.79,25.88,84.92,5.4,19.45,19.15,0.0813,0.474,74.1,7.0,93.9,2025-08-03,Mumbai
778,mango,moderate,fresh,19.34,78.22,147.96,9.68,23.07,30.0,0.0,0.222,82.2,5.0,94.9,2025-12-25,Delhi
779,pineapple,moderate,fresh,16.44,90.89,146.31,6.74,26.44,21.83,0.0134,0.385,74.3,3.9,88.8,2025-05-02,Kolkata
780,mango,fresh,fresh,36.58,130.75,193.86,10.21,22.58,20.75,0.0186,0.223,84.7,3.5,73.3,2025-03-09,Delhi
781,peas,spoiled,fresh,17.69,26.35,99.42,8.6,11.89,22.0,0.0,0.548,81.7,6.4,74.2,2025-01-10,Delhi
782,pear,moderate,fresh,17.04,66.25,93.91,9.03,24.75,25.73,0.0477,0.643,79.7,7.1,72.7,2025-02-09,Kolkata
783,bell_pepper,fresh,fresh,37.61,160.54,176.18,7.6,21.53,23.82,0.0031,0.624,82.2,2.5,61.7,2025-05-27,Kolkata
784,egg,moderate,fresh,26.26,78.27,105.18,7.11,27.0,26.73,0.0,0.742,84.5,7.6,90.5,2025-09-10,Hyderabad
785,pasta,fresh,fresh,34.62,147.43,208.14,7.03,22.87,19.88,0.0101,0.137,96.3,7.5,74.7,2025-11-11,Delhi
786,almond,fresh,fresh,25.13,161.85,188.19,8.71,20.24,19.89,0.018,0.629,82.4,2.6,76.7,2025-08-26,Delhi
787,corn,fresh,fresh,49.11,173.69,194.46,8.22,23.02,21.55,0.0036,0.605,86.7,6.8,62.9,2025-03-06,Pune
788,chicken,moderate,fresh,25.26,82.41,127.98,3.66,25.63,23.53,0.0125,0.523,73.5,6.4,64.4,2025-12-27,Kolkata
789,oats,fresh,fresh,42.74,150.39,156.22,7.9,16.86,21.42,0.0,0.571,93.9,3.6,87.8,2025-04-16,Hyderabad
790,tomato,fresh,fresh,3.58,214.37,168.14,2.07,10.9,17.1,0.0067,0.273,86.2,5.2,72.0,2025-07-19,Bangalore
791,beef,fresh,fresh,34.15,159.92,180.03,8.83,24.81,19.14,0.0142,0.212,84.5,4.5,82.7,2025-08-01,Chennai
792,corn,moderate,fresh,26.39,62.85,108.29,10.2,28.31,24.23,0.0077,0.619,81.1,6.9,80.3,2025-11-08,Mumbai
793,lentils,fresh,fresh,28.11,141.86,169.3,8.59,15.51,23.84,0.0098,0.758,94.6,6.1,64.7,2025-04-09,Chennai
794,chicken,fresh,fresh,24.68,164.44,154.6,9.34,22.02,21.15,0.0,0.727,82.2,4.5,71.9,2025-08-05,Mumbai
795,chickpeas,moderate,fresh,15.06,96.24,100.42,9.49,28.09,27.39,0.0,0.98,72.5,4.3,78.2,2025-05-15,Pune
796,cherry,spoiled,moderate,20.15,20.38,82.91,10.04,8.04,22.35,0.081,0.269,60.2,6.0,93.1,2025-04-16,Bangalore
797,broccoli,fresh,fresh,54.81,138.04,83.57,1.65,15.84,15.87,0.0795,0.243,69.1,6.7,89.2,2025-12-15,Hyderabad
798,spinach,fresh,fresh,16.47,130.43,235.1,7.39,22.19,18.05,0.0,0.355,84.9,3.1,86.9,2025-08-26,Kolkata
799,butter,fresh,fresh,13.28,146.59,174.69,7.2,19.66,20.79,0.0,0.302,86.6,3.2,90.2,2025-08-13,Delhi
800,peach,fresh,fresh,28.8,124.72,189.72,4.1,13.85,22.22,0.0,0.803,86.2,5.9,73.5,2025-09-17,Pune
801,blueberry,fresh,fresh,34.06,148.85,152.09,6.58,19.21,15.21,0.0009,0.721,89.2,3.6,83.0,2025-05-24,Bangalore
802,banana,fresh,fresh,27.04,219.78,234.27,3.16,17.27,4.26,0.0,0.909,100.0,3.5,68.6,2025-11-18,Kolkata
803,tuna,moderate,fresh,31.59,69.9,137.68,9.5,28.96,22.38,0.0169,0.665,86.7,7.9,60.1,2025-01-11,Kolkata
804,tofu,moderate,fresh,31.28,83.01,126.04,9.63,22.46,24.96,0.0,0.533,78.5,3.1,85.6,2025-12-25,Bangalore
805,carrot,moderate,fresh,19.69,114.82,141.69,6.6,22.77,16.85,0.0,0.462,79.2,7.1,81.1,2025-10-12,Chennai
806,potato,fresh,fresh,36.95,126.27,191.76,9.24,14.27,20.28,0.0,0.141,82.6,4.0,76.5,2025-04-18,Delhi
807,cheese,fresh,fresh,26.25,134.82,207.02,6.69,17.58,20.23,0.0,0.169,96.5,5.4,64.8,2025-07-28,Chennai
808,kiwi,fresh,fresh,35.48,147.17,203.33,9.06,13.47,18.41,0.0095,0.192,90.2,7.9,79.2,2025-12-05,Mumbai
809,almond,fresh,fresh,25.51,159.59,127.5,13.1,21.59,20.45,0.0,0.111,82.3,5.5,64.2,2025-05-21,Hyderabad
810,zucchini,spoiled,moderate,31.82,70.15,87.41,11.9,15.39,19.58,0.0799,0.651,64.4,2.6,68.8,2025-10-18,Pune
811,bread,spoiled,moderate,15.24,22.61,56.26,7.3,14.77,14.95,0.2177,0.349,49.1,3.0,86.5,2025-12-01,Kolkata
812,cheese,moderate,fresh,26.91,89.09,133.67,8.96,34.23,29.08,0.0,0.398,76.2,2.5,80.4,2025-10-09,Chennai
813,mushroom,moderate,fresh,12.55,95.82,114.8,7.97,20.98,26.3,0.0101,0.601,86.6,3.0,85.9,2025-11-19,Chennai
814,pasta,fresh,fresh,24.55,169.36,199.88,10.75,17.44,21.43,0.0,0.764,85.4,6.4,66.9,2025-04-07,Mumbai
815,spinach,fresh,fresh,35.06,140.52,164.56,11.22,20.68,21.91,0.0,0.221,88.8,2.7,91.9,2025-04-12,Pune
816,walnut,spoiled,moderate,11.78,16.71,58.61,9.75,11.81,19.97,0.2144,0.239,50.8,2.4,91.5,2025-08-13,Chennai
817,peach,fresh,fresh,16.49,127.6,193.42,9.21,18.82,16.95,0.0074,0.904,88.2,2.7,86.8,2025-04-03,Mumbai
818,peas,fresh,fresh,21.78,142.53,192.89,9.86,18.51,16.54,0.0125,0.34,84.2,5.1,79.4,2025-11-17,Hyderabad
819,beef,spoiled,moderate,22.68,22.65,59.63,12.65,17.48,20.47,0.1881,0.997,61.0,5.2,79.9,2025-08-14,Mumbai
820,tuna,moderate,fresh,12.28,95.28,156.57,9.25,29.05,28.88,0.0,0.646,82.0,7.6,87.9,2025-01-07,Bangalore
821,spinach,fresh,fresh,43.31,156.1,191.75,10.83,21.34,18.5,0.0171,0.887,89.8,2.7,84.3,2025-01-08,Pune
822,tofu,fresh,fresh,26.41,154.77,154.19,7.71,23.29,13.43,0.0024,0.455,91.9,5.9,84.9,2025-03-02,Hyderabad
823,pear,fresh,fresh,42.28,172.45,170.8,9.09,20.01,23.69,0.0,0.917,84.2,5.1,81.2,2025-02-08,Hyderabad
824,egg,fresh,fresh,37.86,122.0,191.75,7.59,20.25,17.82,0.0,0.335,87.6,5.3,89.0,2025-01-14,Bangalore
825,kiwi,fresh,fresh,43.99,170.8,165.2,5.33,18.84,21.3,0.008,0.18,92.6,2.9,75.5,2025-07-24,Pune
826,cream,fresh,fresh,31.92,175.06,195.8,9.94,20.98,15.83,0.0,0.713,94.8,8.0,71.8,2025-01-25,Chennai
827,olive_oil,fresh,fresh,28.43,171.2,178.97,9.01,19.04,16.91,0.0,0.829,91.7,2.2,71.3,2025-12-26,Pune
828,beef,fresh,fresh,29.01,156.18,166.89,7.53,17.18,23.36,0.0,0.825,90.3,4.6,91.3,2025-11-12,Chennai
829,bread,moderate,fresh,22.06,126.32,168.22,9.84,21.97,18.74,0.0088,0.99,87.3,3.9,83.5,2025-09-21,Delhi
830,walnut,fresh,fresh,18.22,122.52,207.57,8.23,21.17,13.34,0.0018,0.233,83.0,6.0,78.9,2025-05-16,Hyderabad
831,olive_oil,fresh,fresh,20.42,167.74,185.74,7.71,21.69,24.91,0.0105,0.551,84.2,6.7,71.0,2025-08-02,Hyderabad
832,mushroom,fresh,fresh,28.23,151.39,183.85,12.78,13.7,22.05,0.0,0.696,81.0,7.3,73.2,2025-11-11,Chennai
833,garlic,moderate,fresh,23.85,104.17,113.57,9.9,27.13,34.34,0.0,0.44,76.4,2.7,74.5,2025-05-17,Mumbai
834,cucumber,fresh,fresh,36.46,133.04,171.52,7.09,14.61,19.01,0.0,0.253,79.1,5.5,85.5,2025-09-23,Chennai
835,bread,fresh,fresh,35.86,124.52,200.97,8.98,17.8,19.58,0.0,0.642,86.6,5.7,76.1,2025-06-26,Chennai
836,olive_oil,moderate,fresh,40.98,108.34,130.22,9.52,25.23,23.46,0.0175,0.932,83.8,3.1,62.3,2025-05-26,Chennai
837,pineapple,spoiled,moderate,0.0,65.63,73.11,10.8,14.83,17.79,0.1356,0.901,59.9,7.5,85.8,2025-05-21,Pune
838,carrot,spoiled,fresh,23.7,21.01,125.54,4.53,11.9,18.68,0.0019,0.526,78.4,7.3,68.7,2025-04-13,Pune
839,walnut,fresh,fresh,40.3,150.29,155.28,10.51,22.19,21.62,0.0,0.318,88.4,6.0,65.0,2025-07-20,Pune
840,spinach,moderate,fresh,32.16,149.86,184.63,8.63,29.87,26.15,0.0058,0.7,88.6,3.8,70.4,2025-01-08,Bangalore
841,walnut,moderate,fresh,29.99,47.69,125.74,8.37,27.48,28.21,0.009,0.575,75.6,3.3,70.8,2025-05-03,Bangalore
842,strawberry,moderate,fresh,0.0,129.56,132.44,3.63,22.19,21.05,0.0193,0.451,79.7,4.1,86.3,2025-05-28,Kolkata
843,strawberry,fresh,fresh,2.68,205.93,135.67,0.24,17.13,20.06,0.0088,0.432,92.4,5.3,66.5,2025-04-28,Pune
844,banana,moderate,fresh,24.17,121.52,163.9,8.09,18.99,15.98,0.0,0.813,84.5,7.2,78.0,2025-09-17,Chennai
845,olive_oil,fresh,fresh,35.95,145.9,180.63,11.22,19.94,20.87,0.0,0.728,81.5,5.1,89.1,2025-05-11,Pune
846,lemon,fresh,fresh,20.57,145.61,192.19,4.89,20.6,20.3,0.0,0.719,93.9,2.2,84.0,2025-01-28,Delhi
847,tomato,fresh,fresh,3.08,215.56,185.02,4.96,12.02,15.41,0.0188,0.842,87.6,3.2,78.4,2025-10-11,Pune
848,pineapple,fresh,fresh,30.68,128.61,199.13,12.65,19.95,21.52,0.0,0.192,83.7,2.6,81.0,2025-09-15,Pune
849,pineapple,fresh,fresh,30.68,135.73,143.58,6.59,15.82,25.11,0.0,0.634,85.9,5.8,66.9,2025-04-05,Bangalore
850,rice,fresh,fresh,29.08,143.08,197.78,5.76,17.7,20.2,0.0153,0.869,84.5,6.3,93.5,2025-10-25,Hyderabad
851,cheese,moderate,fresh,35.29,102.54,136.21,10.16,26.2,25.6,0.0,0.516,79.0,5.0,74.3,2025-09-24,Kolkata
852,butter,spoiled,moderate,9.7,35.69,48.53,10.16,13.56,27.62,0.2448,0.838,42.5,8.0,61.0,2025-02-11,Kolkata
853,peas,fresh,fresh,29.68,121.92,177.32,9.04,25.02,18.23,0.0039,0.932,80.1,3.5,73.2,2025-08-21,Pune
854,cheese,fresh,fresh,17.34,166.34,152.39,7.13,19.23,19.79,0.0192,0.208,83.3,6.3,74.5,2025-01-20,Pune
855,kiwi,fresh,fresh,35.51,136.33,174.53,7.97,20.45,20.29,0.0,0.897,88.5,2.5,81.1,2025-02-28,Hyderabad
856,bread,moderate,fresh,29.36,111.1,139.82,10.91,20.25,25.15,0.0016,0.303,79.1,4.4,76.7,2025-01-19,Mumbai
857,walnut,spoiled,moderate,24.8,45.93,56.15,8.68,13.28,21.61,0.2318,0.242,49.7,3.3,81.1,2025-03-03,Mumbai
858,zucchini,fresh,fresh,38.27,141.85,198.16,8.25,19.63,19.37,0.0,0.33,86.3,2.2,86.1,2025-12-10,Mumbai
859,butter,fresh,fresh,35.97,156.51,225.52,6.3,21.55,18.41,0.0,0.43,98.9,2.1,87.7,2025-04-16,Bangalore
860,mushroom,fresh,fresh,23.05,149.78,182.75,13.84,19.45,16.61,0.0,0.724,92.8,2.7,64.5,2025-01-02,Mumbai
861,grape,fresh,fresh,32.18,108.51,178.16,8.03,22.38,22.92,0.0,0.896,80.6,2.5,90.5,2025-01-13,Mumbai
862,oats,fresh,fresh,25.97,146.99,164.68,5.74,20.93,16.18,0.0098,0.19,83.7,3.1,67.7,2025-06-12,Chennai
863,mushroom,fresh,fresh,26.68,130.1,190.99,11.6,16.1,14.44,0.0029,0.537,82.6,7.1,74.9,2025-09-21,Mumbai
864,tuna,fresh,fresh,29.0,150.31,184.37,7.11,19.4,21.1,0.0,0.775,88.7,2.2,68.5,2025-09-01,Kolkata
865,butter,spoiled,moderate,30.4,5.67,62.62,10.43,12.25,25.19,0.1806,0.314,59.8,7.2,91.9,2025-12-17,Mumbai
866,peas,fresh,fresh,24.92,149.17,191.12,6.82,14.46,18.71,0.0,0.751,84.5,2.3,83.3,2025-08-23,Pune
867,banana,moderate,fresh,31.18,123.26,153.07,7.85,19.01,18.47,0.0,0.608,77.0,6.2,88.1,2025-05-19,Mumbai
868,banana,moderate,fresh,25.9,145.42,217.63,7.65,23.48,18.48,0.0,0.827,89.9,4.4,80.9,2025-10-20,Pune
869,peas,moderate,fresh,14.74,91.56,132.68,7.84,24.47,26.2,0.0,0.802,82.0,3.8,79.3,2025-10-25,Hyderabad
870,almond,moderate,fresh,28.6,102.61,137.27,8.99,23.46,21.4,0.0192,0.511,84.7,7.3,70.3,2025-09-26,Delhi
871,beef,fresh,fresh,44.28,150.27,175.5,6.14,28.81,16.78,0.0,0.397,94.8,2.6,60.7,2025-09-10,Hyderabad
872,tuna,moderate,fresh,20.71,100.4,145.01,11.92,30.42,26.52,0.0181,0.901,88.0,2.7,89.4,2025-04-10,Kolkata
873,blueberry,moderate,fresh,14.44,83.58,137.7,14.14,20.81,28.61,0.0026,0.965,79.6,2.3,81.8,2025-01-18,Bangalore
874,blueberry,fresh,fresh,31.44,166.76,177.96,6.32,22.25,21.96,0.0106,0.975,82.7,2.2,75.5,2025-12-07,Delhi
875,egg,spoiled,moderate,29.72,34.8,58.0,6.88,17.46,21.27,0.2108,0.298,58.4,6.0,81.1,2025-06-21,Mumbai
876,butter,fresh,fresh,22.27,139.23,170.66,5.03,17.55,16.6,0.0103,0.852,92.9,7.9,89.0,2025-06-14,Pune
877,pineapple,spoiled,moderate,15.88,23.92,37.46,14.05,18.76,17.66,0.3154,0.491,50.8,2.2,88.2,2025-03-13,Hyderabad
878,walnut,fresh,fresh,32.18,158.35,203.82,6.36,23.28,18.36,0.0,0.339,93.1,6.7,73.4,2025-07-12,Bangalore
879,bread,fresh,fresh,19.31,164.48,205.82,13.18,16.4,22.1,0.0,0.534,96.1,4.6,83.5,2025-11-05,Kolkata
880,cherry,moderate,fresh,20.9,109.58,93.24,7.47,22.67,25.24,0.0273,0.931,73.1,2.7,89.5,2025-05-13,Hyderabad
881,blueberry,fresh,fresh,24.87,163.18,200.54,9.2,24.86,21.25,0.0,0.558,95.1,5.8,61.4,2025-01-27,Mumbai
882,milk,moderate,fresh,7.7,30.91,190.92,7.82,12.72,16.37,0.0067,0.563,73.8,5.6,91.8,2025-07-03,Chennai
883,pineapple,moderate,fresh,10.04,67.04,163.07,9.66,25.24,27.28,0.0002,0.168,85.9,6.0,88.5,2025-06-27,Kolkata
884,banana,fresh,fresh,32.79,214.18,217.91,3.37,17.57,11.66,0.0011,0.651,87.7,3.7,70.3,2025-10-03,Kolkata
885,almond,fresh,fresh,27.94,171.64,177.42,6.3,17.72,17.06,0.0109,0.877,88.3,5.1,90.5,2025-08-21,Bangalore
886,bread,fresh,fresh,27.82,174.67,163.9,8.38,18.03,19.22,0.0,0.352,91.8,2.1,77.3,2025-08-20,Delhi
887,corn,fresh,fresh,17.92,145.59,176.13,9.08,20.67,16.4,0.0,0.226,90.8,4.4,90.2,2025-11-05,Hyderabad
888,lemon,fresh,fresh,38.67,154.21,183.97,7.98,18.45,20.65,0.0,0.885,89.4,6.3,88.9,2025-07-02,Mumbai
889,chicken,moderate,fresh,29.76,46.33,116.53,9.49,25.77,28.58,0.0108,0.337,78.5,4.4,78.3,2025-09-09,Chennai
890,cherry,fresh,fresh,23.83,140.04,169.75,6.4,18.96,22.31,0.0,0.219,85.8,7.6,72.5,2025-03-07,Delhi
891,corn,fresh,fresh,21.57,158.56,145.96,6.88,19.01,25.02,0.0,0.11,86.5,7.1,91.5,2025-03-22,Chennai
892,orange,moderate,moderate,22.25,34.97,80.03,10.07,26.84,26.13,0.0844,0.775,57.4,3.4,78.0,2025-11-11,Mumbai
893,cauliflower,fresh,fresh,31.34,173.25,169.21,9.79,15.1,17.29,0.0,0.209,89.6,3.3,62.6,2025-11-18,Delhi
894,lettuce,fresh,fresh,15.54,144.5,179.07,8.23,20.19,17.22,0.0184,0.878,80.3,3.9,64.9,2025-07-10,Hyderabad
895,strawberry,spoiled,moderate,7.05,22.54,82.26,4.39,13.53,24.77,0.0797,0.995,59.2,3.4,67.2,2025-05-27,Chennai
896,corn,fresh,fresh,20.06,127.49,158.08,7.86,21.29,22.22,0.0,0.517,78.6,6.7,83.4,2025-03-06,Chennai
897,apple,moderate,fresh,30.86,63.76,172.17,3.89,23.24,18.14,0.0151,0.905,84.5,5.5,89.0,2025-02-21,Mumbai
898,carrot,fresh,fresh,9.27,215.27,212.63,3.05,19.05,10.46,0.0,0.592,100.0,6.4,77.2,2025-12-22,Hyderabad
899,zucchini,fresh,fresh,19.35,106.44,166.01,8.32,20.31,20.45,0.0131,0.887,83.1,5.2,90.7,2025-09-06,Hyderabad
900,oats,spoiled,moderate,5.89,47.05,74.79,11.47,9.32,20.93,0.1196,0.615,62.1,4.7,85.9,2025-08-26,Pune
901,beef,fresh,fresh,20.5,142.05,190.69,8.18,17.45,20.02,0.0,0.934,90.5,2.7,76.7,2025-01-13,Kolkata
902,cheese,fresh,fresh,17.75,173.01,175.89,10.24,18.42,18.43,0.0112,0.232,87.5,6.8,72.8,2025-01-13,Hyderabad
903,blueberry,fresh,fresh,23.89,167.52,165.81,9.29,18.85,14.07,0.0,0.666,93.3,4.0,65.6,2025-07-22,Kolkata
904,pasta,fresh,fresh,25.44,126.42,180.68,5.62,22.78,19.73,0.0016,0.503,91.0,2.6,69.3,2025-10-05,Pune
905,watermelon,fresh,fresh,28.58,163.12,199.28,7.96,17.69,14.68,0.0,0.984,94.5,2.8,79.9,2025-08-25,Hyderabad
906,strawberry,moderate,fresh,2.26,117.66,112.14,3.31,22.06,18.16,0.0073,0.312,81.3,5.7,79.0,2025-09-28,Chennai
907,peach,fresh,fresh,29.54,173.68,186.84,7.88,18.19,18.1,0.014,0.819,96.6,7.7,84.2,2025-04-22,Kolkata
908,cream,fresh,fresh,23.2,139.18,195.11,7.56,15.95,25.3,0.0087,0.326,92.0,7.8,82.7,2025-05-20,Delhi
909,almond,moderate,fresh,28.2,54.83,118.95,10.22,30.11,21.68,0.0,0.176,78.4,4.1,81.9,2025-09-15,Kolkata
910,walnut,spoiled,moderate,29.76,55.99,57.43,9.44,11.89,19.39,0.2105,0.421,58.9,3.1,91.3,2025-07-15,Bangalore
911,milk,fresh,fresh,9.82,13.3,250.9,3.5,0.9,9.94,0.0063,0.124,89.8,5.7,69.6,2025-02-20,Chennai
912,chickpeas,moderate,fresh,27.94,96.24,121.83,10.25,29.55,26.15,0.0,0.579,87.8,4.3,65.2,2025-10-19,Bangalore
913,yogurt,fresh,fresh,27.01,140.0,176.6,11.27,19.45,19.94,0.0135,0.217,92.6,5.1,66.9,2025-12-02,Kolkata
914,rice,fresh,fresh,26.14,171.98,219.2,8.9,20.25,20.11,0.0,0.679,95.2,6.1,87.7,2025-06-02,Pune
915,broccoli,spoiled,moderate,6.16,41.18,52.01,10.86,12.87,13.85,0.2546,0.78,54.9,4.3,85.5,2025-06-22,Bangalore
916,chicken,fresh,fresh,26.71,170.43,172.42,12.17,21.29,16.17,0.0,0.91,91.3,3.1,86.1,2025-06-09,Delhi
917,pear,spoiled,moderate,18.71,25.22,26.11,13.2,17.11,21.6,0.3732,0.276,37.3,4.1,88.5,2025-05-06,Pune
918,tomato,moderate,fresh,8.66,102.36,120.33,5.68,16.85,12.4,0.0013,0.618,74.6,3.6,73.7,2025-04-28,Mumbai
919,cream,spoiled,fresh,17.73,32.87,72.71,11.46,16.91,20.78,0.1538,0.406,68.5,3.0,62.8,2025-11-11,Mumbai
920,cream,moderate,fresh,36.96,52.03,142.61,11.25,21.28,20.49,0.0173,0.26,82.8,7.7,73.6,2025-10-06,Bangalore
921,beef,fresh,fresh,24.03,136.77,195.07,6.77,17.43,18.17,0.0,0.647,91.5,6.1,63.6,2025-09-04,Hyderabad
922,lentils,fresh,fresh,38.95,150.26,176.41,7.78,23.88,17.75,0.0181,0.541,85.5,3.6,73.5,2025-09-11,Chennai
923,tuna,fresh,fresh,40.52,154.21,176.79,13.0,16.83,18.94,0.0072,0.842,87.7,3.3,66.8,2025-11-20,Chennai
924,oats,spoiled,fresh,7.68,49.29,103.78,13.34,18.67,19.41,0.0,0.849,81.2,7.5,81.0,2025-03-02,Mumbai
925,butter,moderate,fresh,21.35,48.22,180.9,10.94,23.52,28.98,0.0,0.814,79.4,2.5,72.7,2025-07-10,Chennai
926,cucumber,fresh,fresh,22.22,158.13,176.55,9.28,19.81,15.65,0.0131,0.282,81.9,3.3,66.1,2025-10-07,Kolkata
927,peas,fresh,fresh,30.6,170.98,179.42,9.55,16.86,19.92,0.001,0.314,94.7,4.6,89.8,2025-01-01,Hyderabad
928,broccoli,spoiled,moderate,23.75,41.2,50.47,11.38,18.26,17.07,0.2622,0.822,46.0,3.7,86.9,2025-02-02,Kolkata
929,onion,fresh,fresh,32.18,130.04,179.94,6.93,18.97,18.88,0.0012,0.998,84.9,6.2,78.3,2025-09-02,Hyderabad
930,chickpeas,moderate,fresh,15.2,41.07,113.3,10.39,20.96,25.05,0.0,0.425,80.4,3.4,78.0,2025-09-28,Kolkata
931,onion,fresh,fresh,45.2,170.46,212.87,8.78,23.5,17.83,0.0174,0.602,98.0,7.5,87.2,2025-07-02,Delhi
932,olive_oil,moderate,fresh,18.56,21.52,159.65,13.08,23.34,24.24,0.0102,0.585,77.4,3.7,90.2,2025-03-16,Pune
933,bell_pepper,fresh,fresh,23.97,157.65,202.5,4.51,21.23,19.17,0.0157,0.352,97.9,5.8,85.7,2025-07-12,Kolkata
934,cucumber,moderate,fresh,26.13,101.47,125.29,9.79,24.36,27.91,0.0,0.552,86.3,3.8,81.5,2025-02-03,Kolkata
935,tofu,fresh,fresh,33.35,154.41,154.58,7.24,22.7,20.11,0.0,0.866,83.5,7.3,61.5,2025-05-12,Pune
936,avocado,moderate,fresh,31.6,134.16,155.97,10.19,23.47,17.34,0.0,0.313,91.2,5.9,88.9,2025-02-26,Delhi
937,cucumber,fresh,fresh,28.65,143.48,187.81,7.69,19.04,14.66,0.0,0.13,80.3,3.2,82.2,2025-09-24,Mumbai
938,oats,fresh,fresh,22.48,159.53,214.32,7.8,20.98,22.86,0.014,0.572,88.0,4.3,80.5,2025-12-16,Mumbai
939,cheese,spoiled,moderate,11.89,40.5,55.19,11.73,15.45,20.9,0.2415,0.481,56.8,7.4,87.6,2025-12-10,Pune
940,peas,fresh,fresh,23.74,164.14,221.69,5.98,18.98,20.69,0.0,0.564,84.1,6.4,65.9,2025-06-10,Mumbai
941,watermelon,fresh,fresh,36.29,138.81,123.34,10.72,22.28,14.77,0.0,0.589,87.7,6.9,85.8,2025-04-27,Chennai
942,lemon,fresh,fresh,25.14,181.36,208.96,9.88,19.47,20.25,0.0136,0.106,86.3,3.8,63.2,2025-07-24,Chennai
943,orange,fresh,fresh,28.95,172.56,162.48,6.39,23.03,19.87,0.0,0.284,86.5,5.3,72.1,2025-09-06,Kolkata
944,milk,fresh,fresh,16.89,6.64,239.45,3.16,5.02,5.56,0.0066,0.259,87.5,3.1,72.3,2025-08-11,Delhi
945,almond,spoiled,fresh,15.12,13.46,83.88,11.43,9.81,24.0,0.0712,0.222,66.9,2.9,80.0,2025-01-11,Mumbai
946,tuna,fresh,fresh,49.98,150.92,167.18,13.65,16.04,20.06,0.0142,0.768,92.1,4.3,83.0,2025-04-24,Chennai
947,corn,fresh,fresh,31.44,176.9,187.19,7.0,17.15,18.97,0.0087,0.964,96.0,5.9,66.1,2025-08-22,Mumbai
948,cherry,fresh,fresh,21.94,150.96,168.72,5.01,23.77,18.51,0.0,0.608,90.6,5.5,66.5,2025-01-11,Mumbai
949,pear,fresh,fresh,19.85,146.63,181.37,4.51,20.99,16.86,0.0164,0.293,95.1,4.5,66.0,2025-02-24,Bangalore
950,cucumber,moderate,fresh,42.11,103.1,120.0,8.51,24.69,26.84,0.0056,0.313,81.8,5.3,68.3,2025-03-11,Pune
951,garlic,moderate,fresh,24.75,84.57,131.46,8.79,23.97,18.74,0.0031,0.905,76.2,3.2,79.5,2025-05-09,Bangalore
952,pineapple,fresh,fresh,37.79,155.98,164.53,11.8,20.26,16.89,0.0095,0.894,89.4,3.3,88.3,2025-05-08,Chennai
953,chicken,fresh,fresh,36.85,157.96,187.89,7.15,21.35,19.21,0.0031,0.958,94.9,5.0,85.0,2025-02-06,Bangalore
954,salmon,moderate,fresh,30.56,42.38,119.15,13.44,22.7,23.19,0.0,0.268,82.6,3.0,62.4,2025-01-11,Mumbai
955,pasta,spoiled,moderate,15.52,16.78,25.83,9.54,15.41,19.84,0.3719,0.548,37.8,2.7,77.2,2025-06-05,Hyderabad
956,egg,spoiled,fresh,18.55,35.65,90.46,9.62,13.28,19.16,0.0329,0.125,70.7,6.1,94.0,2025-03-26,Delhi
957,corn,moderate,fresh,30.79,125.3,114.3,10.2,26.02,22.02,0.0,0.27,85.0,2.2,61.6,2025-09-16,Hyderabad
958,oats,spoiled,moderate,20.2,13.01,34.62,10.73,13.85,20.61,0.3271,0.612,42.6,4.1,67.4,2025-12-24,Pune
959,garlic,moderate,fresh,24.82,65.59,128.87,7.53,29.17,20.93,0.0,0.581,76.7,7.5,88.0,2025-01-07,Chennai
960,broccoli,spoiled,moderate,28.04,14.37,58.56,9.34,13.44,17.56,0.2027,0.174,49.6,5.4,87.8,2025-06-04,Bangalore
961,watermelon,fresh,fresh,30.24,160.33,160.37,5.19,20.32,19.04,0.0182,0.885,93.0,5.4,92.5,2025-02-01,Kolkata
962,blueberry,moderate,fresh,31.26,88.0,135.13,6.75,30.67,24.51,0.0171,0.948,75.5,6.5,83.2,2025-02-10,Mumbai
963,milk,fresh,fresh,13.49,5.82,243.08,2.39,6.36,8.93,0.0005,0.151,90.3,6.9,91.9,2025-10-14,Bangalore
964,orange,fresh,fresh,30.23,163.96,155.35,6.63,21.37,26.29,0.0,0.971,88.3,2.9,61.7,2025-03-24,Mumbai
965,pineapple,fresh,fresh,28.9,161.82,177.86,11.88,14.76,20.28,0.0075,0.73,82.4,4.8,76.3,2025-11-05,Chennai
966,pineapple,moderate,fresh,8.74,27.34,137.44,10.28,24.15,24.68,0.0,0.201,81.3,4.4,64.5,2025-03-02,Chennai
967,tuna,moderate,fresh,55.98,83.55,142.75,8.7,25.89,24.29,0.0089,0.696,80.3,7.6,86.6,2025-04-07,Hyderabad
968,almond,moderate,fresh,20.89,135.47,159.43,10.27,18.09,23.92,0.0029,0.488,78.1,4.0,78.8,2025-11-06,Bangalore
969,rice,spoiled,fresh,47.03,31.54,92.06,12.88,15.66,17.47,0.0507,0.193,75.9,6.6,69.9,2025-02-03,Delhi
970,banana,moderate,fresh,10.39,143.68,153.7,6.35,16.25,19.2,0.005,0.227,88.4,4.0,60.3,2025-11-11,Mumbai
971,blueberry,moderate,fresh,25.34,96.71,102.13,12.39,23.21,19.98,0.0,0.841,76.7,3.2,89.6,2025-06-24,Bangalore
972,watermelon,moderate,fresh,23.91,90.86,134.01,12.72,24.29,24.64,0.0,0.938,84.6,6.3,79.9,2025-06-05,Kolkata
973,tofu,moderate,fresh,13.97,110.51,134.61,9.16,19.29,29.33,0.0111,0.306,87.2,4.7,65.0,2025-04-14,Delhi
974,egg,fresh,fresh,20.18,138.17,187.17,5.61,15.52,13.63,0.0,0.932,85.7,3.3,60.9,2025-02-24,Kolkata
975,blueberry,fresh,fresh,35.77,139.1,238.55,6.01,17.24,18.3,0.0172,0.48,99.7,4.2,65.7,2025-04-18,Bangalore
976,broccoli,fresh,fresh,56.95,112.95,109.18,6.04,10.86,9.61,0.0,0.747,81.8,7.8,75.1,2025-10-01,Bangalore
977,avocado,fresh,fresh,12.21,139.64,173.98,6.74,23.73,23.68,0.0012,0.951,92.6,2.6,71.2,2025-03-27,Pune
978,bread,moderate,fresh,21.65,45.15,115.83,8.8,23.03,22.91,0.0084,0.357,72.3,3.5,64.4,2025-10-12,Bangalore
979,cheese,moderate,fresh,18.47,80.34,114.11,10.42,26.08,22.27,0.0,0.481,83.0,6.7,81.8,2025-06-15,Hyderabad
980,oats,moderate,fresh,37.71,65.5,89.55,10.76,22.55,25.96,0.0436,0.859,69.3,7.7,68.8,2025-02-05,Kolkata
981,carrot,fresh,fresh,4.79,210.89,210.08,0.0,10.56,20.02,0.0,0.153,85.9,2.7,87.4,2025-02-02,Mumbai
982,banana,moderate,fresh,20.58,113.32,124.68,5.3,19.32,22.15,0.0,0.307,85.2,4.7,69.7,2025-02-16,Mumbai
983,mushroom,fresh,fresh,18.81,119.59,189.02,10.01,15.29,23.24,0.0007,0.831,87.6,6.0,75.7,2025-03-19,Chennai
984,chickpeas,fresh,fresh,30.3,171.84,178.6,2.96,19.54,23.18,0.0,0.176,86.6,5.1,74.3,2025-02-08,Chennai
985,cauliflower,moderate,fresh,16.06,80.3,125.6,4.2,30.01,22.3,0.0188,0.832,76.9,3.7,93.9,2025-05-16,Delhi
986,cherry,moderate,fresh,30.06,87.83,161.44,10.81,24.3,22.32,0.0082,0.122,77.6,5.4,66.4,2025-09-28,Hyderabad
987,oats,fresh,fresh,36.38,112.53,192.92,5.8,23.76,20.48,0.0,0.328,85.6,2.2,64.2,2025-01-11,Mumbai
988,pasta,moderate,fresh,31.44,92.05,86.19,8.28,27.02,25.5,0.0733,0.241,76.1,6.9,92.9,2025-05-27,Bangalore
989,corn,fresh,fresh,39.45,158.07,160.67,6.41,20.31,13.06,0.0,0.158,81.3,3.4,64.8,2025-08-01,Chennai
990,grape,spoiled,fresh,36.73,41.63,94.54,6.84,18.73,26.69,0.0243,0.38,71.1,4.0,80.6,2025-02-26,Chennai
991,grape,fresh,fresh,19.43,165.43,180.02,4.91,21.48,22.5,0.0,0.923,88.6,2.2,86.2,2025-05-19,Mumbai
992,cream,moderate,fresh,18.99,119.15,88.33,7.01,25.41,25.08,0.0712,0.607,75.1,6.2,84.8,2025-12-09,Hyderabad
993,apple,fresh,fresh,2.85,196.19,207.96,4.72,19.63,16.81,0.0083,0.385,95.5,3.0,68.9,2025-10-17,Chennai
994,beef,fresh,fresh,26.43,191.08,163.75,12.21,20.1,15.87,0.0129,0.936,94.4,4.4,81.2,2025-08-21,Mumbai
995,rice,fresh,fresh,40.94,152.52,197.02,10.45,21.01,18.22,0.0,0.208,88.8,4.5,81.1,2025-12-10,Chennai
996,peas,spoiled,fresh,29.76,35.01,83.72,5.69,16.34,18.08,0.0674,0.536,74.4,7.7,77.0,2025-10-09,Mumbai
997,avocado,moderate,fresh,41.53,105.58,136.0,10.97,22.0,29.87,0.0,0.29,86.1,6.1,78.0,2025-10-20,Delhi
998,beef,moderate,fresh,44.91,99.82,169.76,8.86,22.61,25.12,0.0044,0.826,78.0,2.4,88.8,2025-05-06,Bangalore
999,pasta,fresh,fresh,33.48,142.12,190.76,8.61,17.01,21.56,0.0,0.515,83.8,7.4,89.5,2025-02-03,Bangalore
1000,grape,moderate,fresh,33.64,94.29,158.82,7.57,26.4,21.49,0.0064,0.668,85.6,6.0,69.1,2025-09-26,Chennai
1001,tomato,fresh,fresh,0.77,190.54,165.87,0.9,14.36,17.51,0.0046,0.562,92.4,5.0,94.8,2025-10-15,Mumbai
1002,pineapple,fresh,fresh,27.43,118.29,202.8,6.33,19.82,21.34,0.0,0.853,87.0,5.0,80.6,2025-05-22,Hyderabad
1003,banana,moderate,fresh,26.2,151.88,179.58,4.28,26.54,20.58,0.0188,0.935,93.6,7.4,70.6,2025-03-06,Kolkata
1004,pineapple,fresh,fresh,28.82,169.28,184.99,8.8,27.48,19.17,0.0,0.562,95.5,7.6,80.0,2025-08-17,Delhi
1005,zucchini,spoiled,fresh,16.82,36.75,91.43,6.99,9.1,18.24,0.0253,0.123,71.5,5.2,74.7,2025-06-16,Pune
1006,orange,moderate,fresh,8.66,79.38,142.56,8.22,20.72,25.21,0.0,0.607,75.7,3.8,74.1,2025-11-22,Chennai
1007,peach,fresh,fresh,36.9,116.1,196.4,9.63,22.86,23.66,0.0127,0.343,87.2,3.0,83.5,2025-09-17,Mumbai
1008,cauliflower,moderate,fresh,47.02,81.1,132.74,9.17,25.01,29.6,0.0177,0.703,78.5,7.1,83.3,2025-01-09,Chennai
1009,beef,fresh,fresh,19.24,132.78,207.54,10.04,18.91,22.56,0.0,0.811,92.5,6.7,74.8,2025-06-14,Chennai
1010,cheese,spoiled,moderate,23.41,57.5,71.49,12.05,22.93,21.79,0.1296,0.356,64.9,7.4,84.2,2025-09-08,Delhi
1011,chickpeas,fresh,fresh,30.39,164.45,172.69,12.78,20.54,19.18,0.0172,0.623,81.9,7.2,83.1,2025-11-13,Mumbai
1012,spinach,moderate,fresh,16.64,117.43,151.68,9.01,26.73,20.47,0.017,0.732,90.0,3.7,81.3,2025-07-18,Mumbai
1013,chickpeas,fresh,fresh,31.48,159.06,214.15,6.46,16.16,17.31,0.0,0.508,92.9,3.9,62.3,2025-01-05,Hyderabad
1014,bell_pepper,fresh,fresh,19.31,176.73,210.97,8.64,23.66,20.4,0.0192,0.42,86.2,6.6,88.9,2025-07-09,Hyderabad
1015,cream,fresh,fresh,29.24,143.34,173.79,4.9,20.79,19.88,0.003,0.81,87.1,3.3,78.7,2025-09-23,Hyderabad
1016,avocado,moderate,fresh,32.45,92.34,125.93,8.26,25.22,27.21,0.0,0.333,86.4,4.9,94.7,2025-09-15,Hyderabad
1017,chicken,fresh,fresh,20.85,151.75,184.66,6.56,18.24,20.69,0.0133,0.18,80.8,2.4,95.0,2025-02-19,Kolkata
1018,chickpeas,fresh,fresh,20.93,157.0,162.09,10.13,27.01,17.42,0.0195,0.676,89.5,3.0,88.7,2025-04-23,Bangalore
1019,mango,fresh,fresh,34.27,135.47,200.82,5.47,21.44,17.38,0.0,0.1,88.3,3.1,68.7,2025-05-11,Hyderabad
1020,yogurt,fresh,fresh,28.34,129.38,196.45,6.33,21.66,18.97,0.0132,0.12,85.3,3.0,91.7,2025-05-25,Delhi
1021,cheese,fresh,fresh,29.08,152.96,164.76,8.42,24.59,17.67,0.0,0.386,80.9,2.2,66.8,2025-05-09,Chennai
1022,chicken,fresh,fresh,39.37,179.96,163.68,5.09,20.91,18.36,0.0,0.766,93.9,7.4,92.6,2025-02-25,Hyderabad
1023,lemon,moderate,fresh,43.69,90.87,109.95,7.71,28.27,23.29,0.0029,0.592,80.5,2.3,78.9,2025-12-01,Kolkata
1024,corn,fresh,fresh,30.35,169.12,170.31,7.91,19.95,22.05,0.0,0.172,89.1,3.6,78.1,2025-02-26,Mumbai
1025,cucumber,moderate,fresh,30.91,84.5,131.59,9.26,20.57,25.77,0.0051,0.952,87.0,5.3,81.6,2025-09-20,Kolkata
1026,tomato,moderate,fresh,15.57,112.33,114.54,2.26,22.17,21.35,0.0079,0.595,81.9,3.9,77.7,2025-10-10,Pune
1027,orange,fresh,fresh,28.73,131.64,181.85,4.87,20.43,22.61,0.0192,0.823,88.4,2.3,64.3,2025-03-24,Hyderabad
1028,oats,fresh,fresh,19.99,119.35,211.59,6.78,23.41,19.54,0.0112,0.995,94.1,3.5,92.5,2025-12-02,Delhi
1029,pineapple,fresh,fresh,28.7,158.77,162.32,8.26,18.86,16.04,0.0073,0.156,80.3,7.0,78.8,2025-09-26,Bangalore
1030,kiwi,fresh,fresh,32.7,144.73,176.86,5.58,24.77,22.63,0.019,0.683,83.4,2.6,80.3,2025-06-12,Hyderabad
1031,grape,fresh,fresh,37.71,143.89,145.42,11.91,19.82,17.75,0.0,0.69,77.0,5.4,88.2,2025-05-17,Hyderabad
1032,carrot,fresh,fresh,13.25,207.51,199.65,5.56,18.25,11.77,0.0,0.438,89.6,7.2,87.5,2025-12-28,Hyderabad
1033,tuna,fresh,fresh,24.61,169.15,125.75,7.7,15.71,18.57,0.0,0.81,84.8,3.6,60.5,2025-05-11,Bangalore
1034,garlic,fresh,fresh,27.61,142.84,168.95,5.81,26.88,25.6,0.0015,0.126,85.7,4.7,93.4,2025-06-08,Mumbai
1035,yogurt,moderate,fresh,13.38,129.55,120.01,10.26,24.81,23.02,0.0,0.871,74.5,4.2,88.0,2025-07-26,Mumbai
1036,bread,fresh,fresh,37.87,152.52,170.47,5.39,17.32,15.08,0.008,0.149,86.0,4.4,71.7,2025-10-12,Mumbai
1037,grape,fresh,fresh,30.1,126.07,174.69,10.74,23.6,19.9,0.0,0.87,93.0,2.7,65.3,2025-03-25,Kolkata
1038,zucchini,fresh,fresh,29.3,187.6,190.42,7.34,15.72,21.18,0.0078,0.527,97.1,4.4,86.7,2025-10-03,Bangalore
1039,banana,fresh,fresh,33.32,200.53,222.91,3.27,14.45,2.54,0.0084,0.19,89.1,4.2,94.0,2025-09-27,Delhi
1040,cream,moderate,fresh,22.78,114.23,114.21,10.11,22.73,26.08,0.0197,0.106,82.9,7.4,78.8,2025-02-16,Hyderabad
1041,butter,spoiled,fresh,17.83,20.91,96.65,11.86,13.19,21.49,0.0165,0.603,72.2,3.2,62.8,2025-10-20,Delhi
1042,zucchini,spoiled,moderate,25.37,44.63,36.11,12.01,13.29,18.93,0.3367,0.346,51.3,2.8,85.1,2025-05-28,Mumbai
1043,bread,moderate,fresh,51.38,97.55,120.34,5.59,29.17,20.96,0.0092,0.928,73.4,2.3,78.5,2025-04-24,Kolkata
1044,milk,fresh,fresh,4.98,8.34,254.16,6.55,4.53,10.92,0.0079,0.757,84.3,7.2,78.6,2025-08-18,Delhi
1045,bread,fresh,fresh,25.2,152.79,181.47,9.94,22.9,21.48,0.0179,0.257,96.0,2.8,83.5,2025-12-25,Mumbai
1046,yogurt,fresh,fresh,27.1,164.84,178.16,5.84,18.79,20.25,0.0119,0.982,84.7,3.6,61.1,2025-07-09,Delhi
1047,rice,fresh,fresh,37.28,146.33,155.82,8.11,20.34,20.56,0.0,0.231,88.3,3.2,90.8,2025-02-05,Mumbai
1048,blueberry,spoiled,moderate,29.2,50.28,58.12,8.77,11.88,22.1,0.2008,0.584,63.5,6.6,85.6,2025-08-22,Hyderabad
1049,chickpeas,moderate,fresh,39.49,82.12,123.96,12.93,26.52,26.31,0.0,0.796,72.9,6.6,68.5,2025-05-21,Pune
1050,oats,moderate,fresh,13.09,106.97,106.77,7.73,23.96,23.24,0.0,0.881,79.5,5.3,73.3,2025-03-27,Chennai
1051,milk,fresh,fresh,8.89,2.8,249.59,7.26,0.84,12.94,0.0017,0.821,76.9,2.4,87.4,2025-04-27,Chennai
1052,carrot,fresh,fresh,9.57,202.85,198.97,3.06,14.44,18.64,0.0,0.648,94.7,6.8,68.0,2025-12-18,Hyderabad
1053,blueberry,fresh,fresh,20.08,162.16,202.03,9.43,26.97,18.41,0.0,0.307,96.7,3.8,61.3,2025-12-26,Pune
1054,almond,fresh,fresh,37.66,147.88,204.67,7.98,18.84,23.92,0.0149,0.496,82.9,5.0,78.0,2025-02-27,Bangalore
1055,onion,spoiled,moderate,15.08,13.81,59.66,11.24,19.18,20.33,0.1919,0.703,50.8,4.2,69.2,2025-01-27,Hyderabad
1056,kiwi,moderate,fresh,38.18,56.05,118.92,9.42,24.66,25.25,0.0075,0.528,83.7,5.7,75.8,2025-09-04,Chennai
1057,rice,moderate,fresh,31.91,78.88,133.48,9.91,22.22,24.66,0.012,0.703,84.2,3.4,80.9,2025-03-18,Bangalore
1058,yogurt,fresh,fresh,28.85,146.7,180.64,8.15,18.7,23.82,0.0016,0.447,83.9,5.7,80.3,2025-10-17,Hyderabad
1059,olive_oil,fresh,fresh,20.64,135.58,235.6,5.92,15.94,22.2,0.0076,0.155,97.6,8.0,71.0,2025-10-23,Mumbai
1060,milk,fresh,fresh,0.0,8.82,255.0,1.91,0.95,5.5,0.0072,0.328,91.0,3.4,88.4,2025-12-20,Hyderabad
1061,almond,spoiled,moderate,28.98,51.87,59.75,11.37,19.17,25.36,0.1883,0.219,60.0,3.2,79.5,2025-04-19,Bangalore
1062,peach,fresh,fresh,28.03,103.97,163.58,7.15,19.22,19.44,0.0117,0.236,79.8,2.7,82.6,2025-09-16,Chennai
1063,corn,spoiled,moderate,31.19,54.12,66.57,12.2,16.07,20.19,0.1824,0.289,54.5,3.0,90.3,2025-01-23,Hyderabad
1064,egg,spoiled,fresh,29.07,36.08,111.16,7.12,13.45,19.62,0.0,0.835,70.5,2.1,68.1,2025-01-01,Chennai
1065,tofu,fresh,fresh,33.52,175.36,179.51,5.16,22.53,22.26,0.0,0.141,88.8,2.2,89.4,2025-10-22,Kolkata
1066,egg,spoiled,moderate,0.58,34.94,38.2,8.67,12.29,22.43,0.3176,0.21,48.2,5.3,88.6,2025-04-12,Bangalore
1067,orange,fresh,fresh,30.93,124.29,197.6,5.13,20.99,17.56,0.0,0.598,94.5,7.6,82.7,2025-11-03,Hyderabad
1068,yogurt,moderate,fresh,21.34,102.61,143.04,12.67,24.75,25.92,0.0,0.805,86.8,6.6,79.3,2025-03-07,Delhi
1069,lettuce,fresh,fresh,26.5,153.64,188.79,7.8,14.59,20.99,0.0,0.709,96.6,2.6,60.1,2025-12-25,Chennai
1070,cauliflower,moderate,fresh,28.65,73.0,97.89,12.95,26.47,24.31,0.0,0.433,74.6,6.9,93.0,2025-12-19,Bangalore
1071,zucchini,moderate,fresh,13.63,69.45,162.56,10.28,23.35,26.53,0.0161,0.141,79.1,4.6,91.4,2025-07-14,Delhi
1072,orange,fresh,fresh,23.48,180.02,207.06,7.07,18.11,12.15,0.0,0.434,98.3,7.2,84.8,2025-12-27,Mumbai
1073,spinach,fresh,fresh,18.15,123.21,182.7,7.35,15.96,19.16,0.0,0.459,85.7,6.9,92.1,2025-05-25,Hyderabad
1074,milk,fresh,fresh,12.53,12.64,221.0,4.74,0.85,12.71,0.0,0.606,84.9,3.2,74.7,2025-04-10,Hyderabad
1075,blueberry,fresh,fresh,36.27,132.04,164.68,7.08,13.24,21.01,0.0026,0.465,89.3,4.3,76.1,2025-01-17,Mumbai
1076,cream,fresh,fresh,27.82,169.4,158.03,6.76,15.48,16.99,0.0159,0.609,88.2,4.8,94.8,2025-11-21,Bangalore
1077,tuna,fresh,fresh,20.54,169.92,166.03,8.25,18.86,16.19,0.0121,0.486,80.5,4.2,89.5,2025-10-15,Bangalore
1078,banana,moderate,fresh,23.99,141.98,145.84,7.62,17.45,18.55,0.0,0.178,80.6,4.6,84.6,2025-06-15,Kolkata
1079,bread,fresh,fresh,34.25,136.73,180.75,7.37,20.39,12.86,0.0149,0.442,88.2,3.8,62.8,2025-01-25,Hyderabad
1080,garlic,spoiled,fresh,1.7,44.24,90.74,8.18,14.27,20.88,0.0576,0.425,78.1,5.1,94.0,2025-02-15,Bangalore
1081,cauliflower,fresh,fresh,35.55,109.45,162.28,7.33,22.11,27.5,0.0099,0.539,77.6,4.3,66.5,2025-02-04,Hyderabad
1082,oats,moderate,fresh,22.72,54.83,140.06,12.64,25.32,22.28,0.0,0.183,81.5,6.3,74.1,2025-03-14,Delhi
1083,pear,fresh,fresh,37.66,163.27,159.48,8.76,22.99,23.55,0.0,0.561,88.8,2.4,61.9,2025-12-09,Pune
1084,chickpeas,fresh,fresh,29.47,142.84,204.55,5.58,21.32,15.89,0.0,0.598,96.1,6.1,73.0,2025-01-11,Bangalore
1085,olive_oil,fresh,fresh,38.52,144.84,205.37,8.98,16.33,24.27,0.0031,0.214,81.7,7.2,77.4,2025-01-23,Hyderabad
1086,banana,spoiled,moderate,25.86,53.23,64.77,6.39,15.44,17.89,0.1814,0.298,51.9,6.2,72.0,2025-05-02,Bangalore
1087,peach,fresh,fresh,43.54,152.89,125.93,8.68,18.96,19.78,0.0139,0.523,78.0,3.1,65.7,2025-09-20,Delhi
1088,chickpeas,spoiled,fresh,16.31,47.11,92.39,10.57,13.98,19.88,0.0204,0.537,68.5,5.9,91.9,2025-09-06,Mumbai
1089,tofu,fresh,fresh,30.16,133.95,191.58,8.92,24.62,23.77,0.0,0.994,87.1,2.4,93.0,2025-09-26,Kolkata
1090,garlic,fresh,fresh,24.51,166.41,160.98,9.39,18.45,16.93,0.0115,0.949,80.5,5.8,86.4,2025-01-03,Chennai
1091,chicken,fresh,fresh,32.24,96.51,144.98,7.65,20.25,18.89,0.0,0.517,74.1,6.8,94.3,2025-11-03,Delhi
1092,pear,fresh,fresh,17.36,133.64,187.82,9.16,19.95,23.47,0.0,0.426,91.6,7.7,90.2,2025-08-02,Kolkata
1093,chicken,fresh,fresh,33.18,135.05,174.39,5.19,19.68,23.34,0.0,0.829,79.3,5.6,83.8,2025-01-16,Delhi
1094,tofu,moderate,fresh,31.85,125.05,122.43,12.69,24.42,29.41,0.0151,0.617,84.4,3.9,84.9,2025-12-10,Mumbai
1095,rice,fresh,fresh,29.83,164.14,209.5,7.61,20.66,23.87,0.0,0.634,92.2,5.4,90.3,2025-07-12,Mumbai
1096,salmon,fresh,fresh,28.94,123.58,222.86,7.06,20.48,23.47,0.0106,0.472,97.1,6.4,93.6,2025-12-17,Mumbai
1097,milk,fresh,fresh,6.96,4.96,242.54,1.41,4.14,10.74,0.0015,0.292,81.3,6.6,87.1,2025-01-09,Delhi
1098,strawberry,fresh,fresh,1.46,186.85,191.88,2.21,19.29,19.22,0.0066,0.463,95.4,6.1,62.4,2025-05-07,Kolkata
1099,chickpeas,fresh,fresh,22.96,155.38,175.68,5.64,24.41,18.13,0.0106,0.841,84.0,4.0,92.1,2025-07-17,Chennai
1100,corn,spoiled,moderate,1.6,54.92,59.91,8.78,9.7,25.22,0.1978,0.771,64.6,4.7,80.6,2025-04-23,Delhi
1101,lettuce,spoiled,fresh,7.11,35.88,88.25,10.84,14.82,14.9,0.0606,0.971,69.4,3.9,68.0,2025-11-28,Delhi
1102,corn,spoiled,moderate,11.9,37.82,54.26,10.41,17.05,22.89,0.222,0.148,53.8,6.9,92.4,2025-12-02,Bangalore
1103,garlic,fresh,fresh,20.19,193.93,195.35,8.0,23.27,27.1,0.0,0.965,89.1,3.0,79.8,2025-12-27,Chennai
1104,salmon,fresh,fresh,18.49,145.49,132.43,8.39,21.1,19.88,0.0161,0.392,90.9,2.3,82.0,2025-05-24,Chennai
1105,pasta,spoiled,moderate,13.45,4.26,77.47,12.91,13.23,21.32,0.102,0.956,55.9,8.0,76.2,2025-09-13,Chennai
1106,salmon,spoiled,moderate,4.32,41.86,62.13,8.48,12.72,18.82,0.1825,0.365,49.5,7.7,83.9,2025-01-22,Pune
1107,pear,fresh,fresh,33.06,123.76,172.06,7.92,16.7,25.39,0.0087,0.434,78.2,3.4,88.6,2025-05-23,Chennai
1108,oats,fresh,fresh,23.17,136.61,160.43,11.6,21.66,17.19,0.0,0.222,77.6,4.6,71.0,2025-10-12,Kolkata
1109,grape,fresh,fresh,38.85,154.01,185.15,7.31,17.75,21.01,0.0104,0.73,94.3,2.3,71.2,2025-06-07,Kolkata
1110,chickpeas,spoiled,moderate,14.55,62.25,44.61,13.07,14.67,20.9,0.2708,0.818,56.5,6.1,80.6,2025-08-21,Hyderabad
1111,bell_pepper,fresh,fresh,36.67,137.4,197.28,2.58,17.84,17.23,0.0182,0.543,85.1,6.6,84.6,2025-03-15,Hyderabad
1112,egg,fresh,fresh,19.97,145.7,187.71,9.41,20.72,18.0,0.0097,0.707,86.0,5.9,92.0,2025-11-25,Kolkata
1113,watermelon,fresh,fresh,32.95,152.49,198.72,9.55,20.09,17.31,0.0,0.71,97.3,3.3,70.6,2025-12-01,Mumbai
1114,tofu,spoiled,moderate,13.47,26.75,63.69,10.54,17.15,19.85,0.1726,0.213,50.9,2.2,67.5,2025-01-17,Hyderabad
1115,tofu,spoiled,moderate,20.16,37.15,59.68,8.15,9.73,17.91,0.1845,0.37,52.3,5.7,63.3,2025-04-21,Delhi
1116,tuna,moderate,fresh,29.73,72.43,124.05,10.93,26.56,21.76,0.0018,0.411,73.8,6.5,91.8,2025-11-19,Delhi
1117,blueberry,fresh,fresh,37.98,172.55,157.4,6.35,23.57,19.56,0.0,0.467,85.7,4.9,92.9,2025-01-21,Chennai
1118,corn,moderate,fresh,2.8,55.01,123.77,7.67,23.76,25.1,0.0164,0.593,85.0,2.4,73.5,2025-08-16,Delhi
1119,strawberry,moderate,fresh,10.85,124.19,131.45,6.86,24.3,20.85,0.0198,0.551,88.9,6.2,64.4,2025-04-22,Mumbai
1120,chicken,moderate,fresh,5.37,101.52,156.21,9.84,30.23,27.58,0.008,0.988,80.1,7.2,60.7,2025-07-16,Bangalore
1121,potato,moderate,fresh,30.68,117.16,138.33,5.01,23.5,28.59,0.0,0.107,88.3,3.0,72.2,2025-01-03,Bangalore
1122,kiwi,spoiled,moderate,11.92,31.65,49.1,13.57,20.04,17.35,0.2397,0.452,47.4,3.7,76.1,2025-05-06,Hyderabad
1123,grape,moderate,fresh,26.47,72.99,145.37,11.02,27.44,26.0,0.0029,0.801,83.3,3.3,67.7,2025-06-28,Chennai
1124,watermelon,fresh,fresh,53.48,129.44,145.79,7.21,15.3,15.52,0.0029,0.679,88.6,7.4,89.4,2025-01-12,Mumbai
1125,apple,moderate,fresh,12.99,96.95,140.91,6.04,23.48,19.46,0.0022,0.473,89.1,3.5,60.5,2025-02-03,Bangalore
1126,corn,fresh,fresh,37.15,134.67,174.71,8.73,14.18,12.85,0.0047,0.106,91.3,7.4,71.7,2025-08-11,Kolkata
1127,chicken,moderate,fresh,28.46,102.3,181.61,10.32,27.46,24.41,0.0,0.871,93.0,7.2,63.1,2025-10-24,Hyderabad
1128,olive_oil,fresh,fresh,32.38,183.35,137.52,8.83,26.41,20.85,0.0,0.958,81.3,3.4,83.5,2025-03-26,Chennai
1129,tofu,fresh,fresh,43.2,137.42,179.36,8.07,13.35,16.5,0.0008,0.17,85.1,4.8,76.2,2025-01-23,Hyderabad
1130,lemon,fresh,fresh,21.22,166.44,197.44,8.65,22.47,19.51,0.0,0.41,89.4,3.0,85.0,2025-09-01,Mumbai
1131,cherry,fresh,fresh,39.62,150.18,181.16,7.47,22.05,18.74,0.0,0.816,95.4,6.4,66.0,2025-06-17,Kolkata
1132,pineapple,fresh,fresh,37.81,127.36,158.02,9.37,19.73,18.64,0.0089,0.718,91.4,5.4,75.2,2025-02-17,Bangalore
1133,kiwi,fresh,fresh,37.12,137.85,176.0,10.8,24.62,24.72,0.002,0.757,84.2,7.3,79.9,2025-08-23,Bangalore
1134,peach,moderate,fresh,22.18,120.77,106.28,8.19,17.95,30.02,0.0022,0.14,73.9,2.3,94.7,2025-06-08,Bangalore
1135,cream,moderate,fresh,16.36,86.84,107.24,11.39,23.87,21.09,0.0143,0.16,81.7,7.9,81.3,2025-03-17,Hyderabad
1136,milk,spoiled,fresh,28.53,27.8,123.25,3.79,7.73,20.54,0.0,0.965,81.2,3.9,61.9,2025-02-17,Mumbai
1137,peach,moderate,fresh,5.35,52.97,129.94,8.91,30.98,30.5,0.0,0.26,77.9,3.3,70.3,2025-03-21,Kolkata
1138,avocado,fresh,fresh,23.06,161.14,194.99,6.81,15.51,19.96,0.0,0.18,96.9,3.7,94.6,2025-11-07,Pune
1139,lemon,spoiled,fresh,18.27,28.46,78.85,8.5,11.54,20.33,0.1157,0.159,70.2,7.8,93.5,2025-10-20,Pune
1140,cherry,moderate,fresh,28.86,60.58,153.2,6.46,23.27,24.23,0.0094,0.761,83.3,2.8,82.2,2025-01-09,Pune
1141,tofu,fresh,fresh,24.91,138.7,217.42,6.3,27.32,21.31,0.0,0.495,95.8,4.2,92.6,2025-12-04,Mumbai
1142,garlic,moderate,fresh,25.92,101.91,193.25,8.01,21.64,22.74,0.0111,0.218,78.8,2.6,71.7,2025-01-14,Delhi
1143,corn,fresh,fresh,30.26,115.48,180.45,11.39,20.45,19.12,0.013,0.41,88.9,6.8,68.1,2025-08-15,Bangalore
1144,onion,fresh,fresh,25.05,167.97,163.48,11.69,25.8,20.77,0.0044,0.302,89.1,6.6,83.9,2025-11-06,Hyderabad
1145,orange,fresh,fresh,29.91,170.61,201.9,6.39,18.42,16.03,0.0074,0.768,97.0,4.8,73.2,2025-10-02,Kolkata
1146,peach,moderate,fresh,29.09,106.67,96.25,9.09,20.96,22.3,0.0075,0.95,84.6,2.2,68.7,2025-12-18,Kolkata
1147,broccoli,fresh,fresh,59.41,109.0,95.49,4.75,15.56,14.87,0.0091,0.611,75.3,6.8,67.1,2025-02-14,Bangalore
1148,apple,fresh,fresh,2.81,176.22,202.7,1.37,15.57,20.42,0.0023,0.432,89.1,7.0,89.5,2025-07-15,Kolkata
1149,strawberry,fresh,fresh,0.73,208.55,180.22,9.06,11.27,21.35,0.0172,0.176,94.6,5.1,73.8,2025-06-02,Delhi
1150,beef,fresh,fresh,24.34,139.22,165.6,5.75,19.88,15.58,0.0,0.69,90.4,4.6,75.1,2025-04-22,Delhi
1151,salmon,moderate,fresh,34.47,91.38,140.56,9.07,23.9,25.86,0.0027,0.409,84.9,3.8,81.2,2025-03-15,Mumbai
1152,lemon,moderate,fresh,13.36,81.05,108.51,8.22,18.67,29.02,0.0,0.851,76.4,2.5,93.9,2025-05-07,Kolkata
1153,peas,moderate,fresh,18.13,119.08,156.72,7.43,21.73,32.68,0.0096,0.947,91.0,5.3,71.2,2025-11-05,Chennai
1154,oats,fresh,fresh,44.01,149.37,185.15,6.74,21.3,17.85,0.0155,0.135,88.5,6.4,93.2,2025-10-22,Hyderabad
1155,mango,moderate,fresh,4.68,56.96,130.53,7.74,24.8,21.78,0.0,0.316,85.5,3.9,88.7,2025-02-22,Hyderabad
1156,chicken,moderate,fresh,17.18,111.33,136.19,9.98,27.64,26.44,0.0,0.405,78.4,3.4,64.7,2025-05-15,Mumbai
1157,garlic,moderate,fresh,39.47,78.5,119.26,7.4,23.71,27.89,0.0,0.321,76.8,7.7,93.2,2025-01-26,Pune
1158,tomato,fresh,fresh,5.6,214.4,153.09,4.17,9.48,17.69,0.0,0.702,92.9,5.0,61.0,2025-12-09,Delhi
1159,cauliflower,moderate,fresh,21.32,107.56,96.69,12.34,20.61,22.99,0.0241,0.708,75.8,5.0,87.9,2025-07-19,Pune
1160,chickpeas,moderate,fresh,15.02,46.14,132.36,13.61,33.0,25.29,0.0109,0.911,74.4,5.8,93.1,2025-06-08,Bangalore
1161,garlic,moderate,fresh,36.17,95.8,142.47,9.32,25.59,26.61,0.0,0.448,89.7,6.4,87.2,2025-07-26,Chennai
1162,mushroom,fresh,fresh,25.37,148.45,178.83,9.65,16.8,19.85,0.0,0.409,84.2,4.2,78.7,2025-01-19,Delhi
1163,tuna,spoiled,fresh,39.12,52.46,96.98,10.05,15.96,23.01,0.0,0.408,71.4,6.6,80.9,2025-06-26,Delhi
1164,chicken,fresh,fresh,42.48,110.97,153.69,10.62,19.17,17.98,0.0,0.202,80.4,7.5,60.5,2025-05-05,Mumbai
1165,garlic,moderate,fresh,12.46,76.12,94.94,14.18,24.93,24.83,0.01,0.263,76.3,2.7,88.5,2025-01-22,Delhi
1166,rice,fresh,fresh,34.7,169.25,198.92,10.15,18.11,19.11,0.0117,0.242,85.7,4.5,64.1,2025-06-10,Mumbai
1167,lentils,moderate,fresh,32.69,76.82,129.87,10.8,27.36,19.67,0.0,0.692,78.9,4.7,63.6,2025-11-01,Chennai
1168,cream,moderate,fresh,32.15,84.16,147.69,11.55,29.82,29.06,0.0,0.578,85.2,4.1,65.8,2025-02-03,Delhi
1169,chickpeas,fresh,fresh,40.77,178.87,185.83,8.06,22.62,22.2,0.0173,0.353,83.6,2.9,72.7,2025-11-09,Pune
1170,pear,fresh,fresh,27.53,158.1,179.3,6.29,23.87,20.17,0.0119,0.334,94.9,7.1,82.8,2025-11-16,Chennai
1171,pineapple,fresh,fresh,46.39,117.49,168.86,8.07,23.41,21.2,0.0,0.683,87.4,6.9,60.9,2025-09-14,Kolkata
1172,bell_pepper,spoiled,moderate,23.1,18.09,46.86,10.65,10.91,18.4,0.2546,0.5,53.6,4.7,80.2,2025-07-22,Delhi
1173,peas,fresh,fresh,34.01,130.35,212.11,10.45,15.29,17.2,0.0,0.92,88.8,5.9,61.6,2025-11-23,Delhi
1174,blueberry,moderate,fresh,2.14,70.44,149.16,9.17,26.38,20.43,0.0,0.935,87.8,4.2,82.7,2025-11-02,Chennai
1175,banana,spoiled,moderate,20.59,31.67,80.24,6.81,11.19,16.54,0.1061,0.757,65.0,2.4,66.5,2025-08-22,Kolkata
1176,cherry,fresh,fresh,37.74,157.98,201.0,8.65,20.43,14.82,0.0,0.971,82.5,6.2,64.3,2025-04-25,Bangalore
1177,butter,moderate,fresh,22.3,89.32,178.83,11.37,29.61,26.79,0.0,0.248,87.4,2.2,64.3,2025-07-20,Delhi
1178,onion,moderate,fresh,17.89,92.93,135.91,8.12,23.85,24.38,0.0,0.916,81.4,2.2,82.6,2025-10-24,Pune
1179,cheese,moderate,fresh,41.06,37.98,160.15,8.13,20.88,28.54,0.0088,0.97,77.3,4.1,91.3,2025-11-22,Mumbai
1180,tomato,fresh,fresh,4.46,218.82,192.01,6.12,16.68,14.53,0.0077,0.833,87.3,3.4,81.6,2025-09-20,Hyderabad
1181,pear,fresh,fresh,32.74,174.87,164.41,6.7,19.07,13.69,0.0,0.724,86.0,7.4,89.1,2025-06-08,Mumbai
1182,avocado,fresh,fresh,31.1,112.28,181.06,9.73,18.57,25.03,0.0,0.131,79.2,4.4,91.8,2025-09-15,Chennai
1183,yogurt,fresh,fresh,18.32,173.83,193.5,4.57,28.13,19.81,0.0115,0.209,92.1,5.0,65.5,2025-04-13,Chennai
1184,mango,fresh,fresh,22.98,121.86,175.6,7.75,20.31,19.11,0.0,0.419,79.9,7.1,88.8,2025-09-08,Hyderabad
1185,oats,moderate,fresh,31.33,80.31,81.63,9.7,17.9,26.06,0.1001,0.967,76.2,5.0,87.8,2025-11-14,Pune
1186,walnut,fresh,fresh,22.17,153.27,206.28,6.1,23.18,18.7,0.0112,0.531,95.9,3.9,86.4,2025-03-05,Mumbai
1187,kiwi,spoiled,moderate,37.53,29.52,53.19,11.37,13.69,17.48,0.2197,0.245,59.9,6.3,60.6,2025-02-25,Hyderabad
1188,spinach,fresh,fresh,26.18,149.11,206.84,4.13,20.07,21.87,0.0024,0.703,84.5,6.4,65.4,2025-11-22,Pune
1189,pear,fresh,fresh,31.55,176.2,178.51,7.63,21.78,20.3,0.0,0.439,96.7,6.9,81.6,2025-06-07,Delhi
1190,rice,fresh,fresh,26.88,160.32,166.95,6.78,18.42,24.06,0.0133,0.672,85.8,6.3,90.3,2025-04-03,Kolkata
1191,rice,fresh,fresh,4.23,157.91,180.69,4.64,20.93,21.43,0.0,0.814,81.3,3.7,89.0,2025-01-16,Pune
1192,cucumber,fresh,fresh,34.72,96.96,207.33,6.52,22.06,22.22,0.0,0.21,87.9,5.4,65.2,2025-11-03,Mumbai
1193,olive_oil,fresh,fresh,22.99,163.21,172.29,3.86,23.5,17.67,0.0,0.806,86.5,6.0,68.0,2025-12-16,Pune
1194,garlic,fresh,fresh,23.16,141.94,185.44,7.89,21.64,15.98,0.0,0.529,84.9,4.2,68.8,2025-02-26,Mumbai
1195,bread,moderate,fresh,17.58,87.1,177.45,9.77,28.26,25.12,0.0,0.748,81.9,2.4,79.8,2025-11-11,Delhi
1196,mushroom,fresh,fresh,26.13,145.07,176.63,9.21,24.12,21.08,0.0068,0.619,88.5,4.3,94.5,2025-10-11,Bangalore
1197,egg,fresh,fresh,39.5,130.7,171.71,6.55,20.94,18.92,0.0,0.823,91.0,6.9,60.6,2025-03-14,Mumbai
1198,pasta,fresh,fresh,35.84,131.38,180.86,9.37,13.8,26.36,0.0061,0.186,88.9,6.4,63.1,2025-05-03,Mumbai
1199,chicken,fresh,fresh,27.73,109.5,183.16,8.07,19.75,22.97,0.0162,0.658,89.3,4.8,79.8,2025-08-13,Chennai
1200,chicken,spoiled,moderate,27.47,39.47,79.0,9.79,20.33,15.56,0.088,0.484,64.7,7.4,68.1,2025-10-25,Mumbai
1201,lemon,fresh,fresh,31.12,151.3,196.27,6.31,14.77,20.47,0.0106,0.514,87.5,4.0,80.2,2025-09-18,Hyderabad
1202,milk,moderate,fresh,16.69,31.92,180.94,8.31,15.1,13.87,0.0,0.674,79.8,3.2,82.1,2025-10-23,Pune
1203,lettuce,fresh,fresh,19.67,141.86,180.28,9.13,18.23,24.67,0.0052,0.444,89.1,3.9,61.1,2025-09-22,Pune
1204,beef,moderate,fresh,13.85,46.52,157.67,5.45,24.39,34.35,0.0,0.141,75.0,2.7,62.4,2025-01-25,Delhi
1205,cheese,moderate,fresh,24.88,61.98,128.57,9.9,25.48,26.99,0.0,0.676,75.1,6.8,69.9,2025-01-23,Chennai
1206,apple,fresh,fresh,1.88,213.75,203.68,4.45,18.12,18.86,0.0,0.376,100.0,5.3,86.7,2025-08-13,Delhi
1207,chicken,fresh,fresh,27.94,155.55,161.34,6.01,22.06,18.67,0.0,0.947,86.0,4.5,67.0,2025-06-14,Pune
1208,strawberry,fresh,fresh,0.29,200.35,173.98,0.74,14.65,20.05,0.0,0.32,87.7,3.9,67.7,2025-04-02,Hyderabad
1209,almond,fresh,fresh,14.66,120.58,186.73,6.53,23.17,22.9,0.0,0.268,83.1,4.8,62.8,2025-11-19,Pune
1210,onion,fresh,fresh,35.75,186.4,178.34,9.3,18.25,27.36,0.0,0.285,93.1,6.2,80.8,2025-12-01,Mumbai
1211,garlic,fresh,fresh,45.87,150.24,187.73,10.72,19.56,18.03,0.0,0.472,83.1,3.2,70.5,2025-02-28,Delhi
1212,tuna,fresh,fresh,36.99,151.57,183.66,6.33,14.85,20.71,0.014,0.856,88.7,6.6,81.4,2025-06-10,Bangalore
1213,pasta,fresh,fresh,37.24,145.48,208.73,6.59,16.84,19.8,0.0,0.336,86.7,7.4,92.3,2025-12-08,Delhi
1214,lentils,fresh,fresh,29.34,165.4,164.5,10.74,25.9,19.88,0.0159,0.651,80.8,4.4,92.5,2025-10-08,Kolkata
1215,salmon,fresh,fresh,40.0,128.87,201.5,10.09,22.59,19.95,0.0143,0.348,91.7,4.7,67.9,2025-05-14,Delhi
1216,banana,fresh,fresh,18.18,200.37,213.74,2.04,15.37,8.74,0.0063,0.605,96.4,2.9,61.7,2025-06-17,Bangalore
1217,lemon,moderate,fresh,16.75,63.53,112.11,12.24,23.02,23.46,0.0174,0.989,77.2,6.0,78.7,2025-09-19,Kolkata
1218,broccoli,fresh,fresh,51.35,125.08,106.84,1.91,18.06,19.31,0.0187,0.998,75.3,6.6,75.6,2025-01-23,Mumbai
1219,pineapple,spoiled,moderate,9.5,20.42,60.99,8.49,15.67,14.16,0.1942,0.371,59.6,7.1,72.2,2025-05-21,Pune
1220,peas,fresh,fresh,21.06,180.78,161.44,10.49,21.07,14.57,0.0034,0.873,87.9,2.8,68.6,2025-01-10,Delhi
1221,chicken,fresh,fresh,35.08,147.65,170.89,8.49,21.42,22.12,0.0172,0.234,84.0,5.7,79.8,2025-01-05,Pune
1222,onion,fresh,fresh,39.43,158.16,152.49,7.05,28.83,22.17,0.0,0.877,90.7,4.0,73.8,2025-06-17,Pune
1223,salmon,fresh,fresh,48.95,177.91,184.84,8.6,19.89,14.79,0.0,0.71,87.3,4.8,60.1,2025-07-26,Chennai
1224,chicken,moderate,fresh,25.18,120.27,115.01,10.82,27.55,22.27,0.0,0.424,88.2,3.8,69.1,2025-06-13,Bangalore
1225,avocado,fresh,fresh,26.39,129.64,163.56,5.42,17.3,24.26,0.0017,0.434,81.0,7.3,70.4,2025-03-07,Kolkata
1226,peas,fresh,fresh,22.68,152.53,169.94,10.36,23.93,22.59,0.0,0.872,90.0,3.2,76.0,2025-03-09,Bangalore
1227,kiwi,moderate,fresh,28.06,84.22,100.2,13.89,22.72,26.99,0.0,0.506,70.1,5.5,77.7,2025-12-22,Kolkata
1228,pasta,fresh,fresh,38.48,138.89,200.76,9.53,25.18,18.59,0.0132,0.129,94.1,6.7,94.6,2025-11-11,Pune
1229,lentils,spoiled,moderate,7.14,27.42,74.18,10.12,13.82,14.27,0.1203,0.778,63.2,7.8,65.4,2025-11-03,Pune
1230,pasta,spoiled,fresh,24.7,64.59,79.29,11.22,16.72,21.19,0.095,0.519,65.7,3.1,61.3,2025-04-27,Delhi
1231,grape,fresh,fresh,37.45,157.91,173.75,6.41,19.25,20.94,0.0117,0.43,88.5,2.3,65.7,2025-09-20,Delhi
1232,mushroom,fresh,fresh,27.47,156.29,188.78,9.67,23.85,20.23,0.0101,0.757,83.9,6.5,86.6,2025-04-07,Mumbai
1233,butter,spoiled,moderate,6.92,29.82,70.88,6.33,19.17,20.43,0.1349,0.223,62.6,2.8,74.0,2025-02-07,Mumbai
1234,apple,fresh,fresh,6.14,207.31,190.55,4.15,19.67,14.45,0.0,0.522,87.7,2.4,84.2,2025-11-14,Kolkata
1235,cauliflower,fresh,fresh,23.82,183.31,172.49,9.4,14.37,23.54,0.0,0.484,94.4,6.7,81.3,2025-06-25,Kolkata
1236,cucumber,fresh,fresh,38.42,151.95,175.46,8.8,26.87,14.71,0.0,0.678,91.7,3.3,62.7,2025-03-08,Pune
1237,beef,moderate,fresh,32.82,67.21,129.5,9.5,23.72,24.97,0.0,0.311,75.2,3.3,85.1,2025-03-02,Mumbai
1238,cream,fresh,fresh,20.93,170.58,144.12,9.08,19.02,16.49,0.0189,0.623,79.4,6.4,95.0,2025-01-03,Bangalore
1239,lentils,fresh,fresh,31.62,118.86,180.79,5.15,21.38,17.23,0.0119,0.363,80.8,7.3,62.0,2025-12-14,Kolkata
1240,carrot,moderate,fresh,17.75,115.88,124.55,4.88,15.46,21.89,0.0092,0.963,82.3,7.0,76.7,2025-11-23,Bangalore
1241,cucumber,moderate,fresh,42.65,159.81,132.28,11.58,19.66,29.51,0.0049,0.849,83.4,7.6,66.4,2025-05-02,Bangalore
1242,garlic,moderate,fresh,32.76,77.9,160.93,9.49,23.63,26.43,0.0149,0.497,77.8,6.7,76.4,2025-03-11,Hyderabad
1243,watermelon,fresh,fresh,21.49,170.43,158.88,5.9,17.27,22.28,0.0,0.96,84.6,6.7,72.0,2025-07-25,Hyderabad
1244,spinach,moderate,fresh,18.83,56.3,114.86,9.94,21.46,21.54,0.009,0.233,84.0,3.5,68.7,2025-04-15,Hyderabad
1245,olive_oil,spoiled,moderate,41.11,22.09,63.54,9.27,13.74,21.86,0.1663,0.176,61.4,7.9,64.2,2025-08-17,Chennai
1246,tomato,moderate,fresh,11.79,123.88,105.27,6.55,19.71,25.19,0.0021,0.827,88.3,6.5,61.7,2025-02-15,Kolkata
1247,grape,spoiled,fresh,0.0,37.93,108.37,9.29,14.32,20.89,0.0077,0.818,75.5,7.6,80.9,2025-06-04,Hyderabad
1248,tuna,moderate,fresh,19.41,82.2,121.55,8.75,28.69,26.38,0.0,0.387,82.5,7.3,86.8,2025-08-04,Mumbai
1249,pear,fresh,fresh,32.01,166.17,174.71,6.45,18.19,20.01,0.0,0.329,88.4,3.3,75.9,2025-03-01,Delhi
1250,spinach,fresh,fresh,21.53,139.99,169.68,12.25,11.68,19.46,0.0,0.711,80.4,6.1,69.1,2025-11-13,Kolkata
1251,cherry,spoiled,fresh,37.26,36.83,85.07,10.2,13.0,13.27,0.0547,0.586,71.7,3.2,94.2,2025-05-10,Bangalore
1252,banana,fresh,fresh,30.82,198.37,212.0,3.0,20.23,17.21,0.0,0.639,98.7,7.5,60.4,2025-08-01,Kolkata
1253,peach,fresh,fresh,31.74,140.7,156.46,8.94,25.35,19.26,0.0073,0.789,83.5,6.1,62.5,2025-06-07,Kolkata
1254,oats,fresh,fresh,10.97,163.4,199.71,4.83,20.53,21.35,0.0081,0.263,86.4,4.6,83.0,2025-03-20,Pune
1255,cucumber,fresh,fresh,29.42,134.18,200.32,7.19,15.54,13.85,0.0,0.548,84.9,3.9,66.0,2025-06-19,Mumbai
1256,banana,fresh,fresh,35.04,219.25,220.88,3.12,13.41,6.77,0.0,0.175,100.0,6.9,64.7,2025-11-12,Hyderabad
1257,chickpeas,spoiled,moderate,15.69,3.2,55.28,9.38,16.83,19.88,0.215,0.164,46.0,7.5,93.4,2025-07-07,Chennai
1258,blueberry,moderate,fresh,32.95,123.73,156.45,10.94,25.04,22.06,0.0066,0.623,81.6,3.4,68.6,2025-11-24,Kolkata
1259,blueberry,moderate,fresh,32.4,131.99,138.55,13.83,20.42,21.54,0.0049,0.367,78.4,6.6,66.3,2025-07-13,Chennai
1260,bell_pepper,moderate,fresh,33.55,96.61,162.84,9.97,22.4,24.36,0.0,0.702,85.4,4.0,66.8,2025-12-04,Mumbai
1261,rice,fresh,fresh,17.74,127.43,199.45,9.75,21.09,14.84,0.0,0.617,93.8,7.1,67.9,2025-03-03,Kolkata
1262,rice,fresh,fresh,27.13,125.5,203.53,6.83,16.74,20.09,0.0,0.846,94.0,6.7,73.0,2025-05-17,Pune
1263,pineapple,moderate,fresh,18.6,127.09,111.63,7.2,18.54,24.91,0.0148,0.589,81.8,5.2,94.7,2025-05-01,Chennai
1264,walnut,moderate,fresh,19.38,54.28,159.73,11.33,24.92,29.09,0.0,0.584,81.2,4.3,94.6,2025-03-27,Kolkata
1265,oats,fresh,fresh,35.3,133.54,159.22,9.64,21.19,20.51,0.0,0.935,90.1,7.5,77.4,2025-11-17,Bangalore
1266,tomato,moderate,fresh,4.61,142.16,114.89,3.8,24.34,18.02,0.011,0.964,82.7,5.8,69.9,2025-07-24,Delhi
1267,olive_oil,moderate,fresh,9.27,63.69,154.86,10.51,24.61,23.47,0.009,0.296,82.4,6.0,63.9,2025-03-23,Bangalore
1268,blueberry,fresh,fresh,33.88,133.02,186.11,6.54,17.31,18.09,0.0,0.721,82.5,2.3,65.7,2025-05-18,Mumbai
1269,pineapple,fresh,fresh,27.0,149.02,184.71,0.62,17.58,18.83,0.0004,0.892,88.0,6.6,84.5,2025-02-03,Bangalore
1270,tuna,fresh,fresh,42.04,128.4,183.26,10.99,16.06,21.18,0.0,0.648,92.1,7.9,69.7,2025-12-17,Chennai
1271,rice,fresh,fresh,23.58,139.91,163.94,6.54,28.17,22.53,0.0,0.595,89.3,2.3,90.6,2025-07-14,Chennai
1272,almond,moderate,fresh,36.02,102.3,89.84,10.79,28.22,22.44,0.0309,0.105,68.7,7.6,86.2,2025-09-11,Mumbai
1273,cream,fresh,fresh,37.72,164.09,217.04,7.16,16.71,18.92,0.0,0.669,97.6,4.0,66.3,2025-04-17,Mumbai
1274,egg,moderate,fresh,39.36,44.29,78.29,10.18,23.67,25.02,0.1107,0.246,72.0,4.5,88.4,2025-03-22,Kolkata
1275,chicken,moderate,moderate,34.45,76.19,83.17,14.09,22.01,21.82,0.0822,0.581,62.3,4.6,88.8,2025-07-08,Kolkata
1276,avocado,fresh,fresh,38.83,142.31,178.73,8.97,23.25,19.0,0.0156,0.894,88.3,5.0,91.3,2025-11-26,Mumbai
1277,kiwi,moderate,fresh,40.2,36.61,148.99,8.32,29.12,25.43,0.0099,0.555,77.4,5.8,90.9,2025-09-26,Kolkata
1278,olive_oil,fresh,fresh,24.62,163.26,197.86,9.28,16.91,18.55,0.0,0.491,88.5,3.8,87.2,2025-01-03,Mumbai
1279,blueberry,moderate,fresh,24.96,88.97,148.74,5.97,26.0,24.13,0.0,0.303,86.6,5.7,63.5,2025-09-28,Hyderabad
1280,chickpeas,spoiled,moderate,11.61,23.86,65.71,2.8,12.9,17.37,0.1589,0.763,55.4,6.4,62.2,2025-08-11,Pune
1281,walnut,moderate,fresh,30.33,69.86,124.62,13.08,27.98,27.71,0.0,0.906,82.1,5.0,63.3,2025-01-14,Kolkata
1282,bread,moderate,fresh,20.0,103.58,124.15,9.61,26.23,23.21,0.0,0.671,86.0,7.6,78.3,2025-11-27,Delhi
1283,tomato,moderate,fresh,13.97,126.8,142.37,6.91,23.09,15.77,0.0,0.5,85.6,4.5,76.1,2025-09-23,Chennai
1284,onion,spoiled,fresh,24.45,47.76,87.84,7.77,13.03,22.98,0.0749,0.679,68.5,5.2,70.5,2025-11-16,Mumbai
1285,almond,moderate,fresh,17.38,82.51,169.4,9.9,22.82,22.37,0.0129,0.236,91.0,4.3,72.9,2025-07-18,Bangalore
1286,walnut,fresh,fresh,32.66,123.34,175.05,8.67,23.9,22.0,0.003,0.185,91.9,3.9,67.1,2025-10-17,Hyderabad
1287,chicken,spoiled,moderate,12.86,52.68,64.01,7.53,14.48,24.31,0.173,0.642,53.3,6.0,82.0,2025-01-25,Bangalore
1288,almond,fresh,fresh,31.32,150.25,212.74,5.14,16.14,15.15,0.0145,0.12,84.7,3.6,76.6,2025-10-14,Bangalore
1289,beef,spoiled,fresh,23.73,37.5,100.85,10.49,13.79,20.01,0.0106,0.617,72.0,4.4,60.8,2025-01-18,Kolkata
1290,salmon,fresh,fresh,30.94,116.56,234.21,9.04,20.63,21.85,0.0,0.603,93.2,6.1,89.8,2025-05-13,Delhi
1291,watermelon,spoiled,moderate,27.09,32.89,57.38,11.2,16.16,17.57,0.2175,0.554,49.5,3.8,74.4,2025-04-10,Kolkata
1292,cauliflower,fresh,fresh,41.35,155.87,194.6,10.78,20.07,20.95,0.0,0.76,91.5,5.2,78.7,2025-07-10,Kolkata
1293,beef,fresh,fresh,36.48,135.5,181.08,8.25,17.13,26.95,0.0,0.813,83.4,3.0,82.4,2025-07-01,Delhi
1294,peach,fresh,fresh,18.74,124.04,206.28,9.43,16.92,21.82,0.0,0.459,94.7,7.8,61.4,2025-07-10,Hyderabad
1295,salmon,spoiled,fresh,34.68,34.55,121.98,6.55,17.08,23.5,0.0018,0.344,68.9,7.0,72.5,2025-02-25,Mumbai
1296,apple,moderate,fresh,22.46,114.89,154.19,5.89,27.45,21.81,0.0022,0.887,84.5,6.8,71.5,2025-05-22,Kolkata
1297,cream,moderate,fresh,35.4,64.53,124.31,8.12,23.84,28.05,0.0095,0.336,80.4,7.1,94.8,2025-09-12,Bangalore
1298,tomato,fresh,fresh,3.22,239.1,182.9,2.12,15.32,13.09,0.0,0.434,100.0,2.1,60.0,2025-01-22,Delhi
1299,chickpeas,fresh,fresh,29.54,172.56,182.28,6.41,17.22,18.65,0.0,0.9,92.3,6.7,72.5,2025-04-01,Delhi
1300,potato,fresh,fresh,30.59,173.87,153.19,7.36,20.43,14.5,0.0107,0.272,88.2,4.6,78.9,2025-05-14,Bangalore
1301,chicken,fresh,fresh,23.33,136.4,164.08,8.38,19.52,18.33,0.0166,0.921,90.1,5.9,78.6,2025-03-14,Pune
1302,strawberry,fresh,fresh,2.86,235.85,192.79,1.85,16.73,19.47,0.0,0.435,96.1,6.1,61.7,2025-05-10,Delhi
1303,carrot,fresh,fresh,12.47,184.03,201.76,3.3,13.26,12.31,0.0,0.536,93.2,6.0,93.4,2025-09-13,Kolkata
1304,garlic,fresh,fresh,26.41,154.69,191.98,9.71,18.52,20.85,0.0,0.809,96.2,2.8,71.3,2025-06-20,Hyderabad
1305,mushroom,spoiled,moderate,29.63,52.48,68.82,9.56,15.57,16.55,0.1732,0.791,55.2,3.1,89.9,2025-02-20,Chennai
1306,bell_pepper,fresh,fresh,28.45,164.89,192.84,7.46,20.65,17.53,0.0059,0.365,96.7,6.8,69.1,2025-05-16,Bangalore
1307,lettuce,fresh,fresh,35.63,148.44,174.48,7.28,19.81,18.66,0.0,0.638,90.4,5.6,71.4,2025-02-28,Kolkata
1308,avocado,fresh,fresh,35.27,142.09,211.86,10.93,17.33,20.21,0.0,0.174,87.0,2.8,71.7,2025-06-07,Chennai
1309,peach,moderate,fresh,18.49,81.83,180.06,9.38,26.08,26.62,0.0038,0.103,89.7,3.5,64.5,2025-03-03,Kolkata
1310,watermelon,spoiled,moderate,9.99,22.17,45.88,8.23,6.45,21.63,0.2601,0.801,52.7,2.9,93.9,2025-08-06,Bangalore
1311,olive_oil,fresh,fresh,46.43,152.96,151.67,6.71,18.62,16.95,0.0093,0.656,88.2,5.3,84.9,2025-06-18,Delhi
1312,peach,fresh,fresh,36.88,166.21,156.89,9.45,24.58,25.71,0.0,0.858,89.8,2.8,90.1,2025-02-13,Chennai
1313,yogurt,fresh,fresh,52.92,131.96,236.48,7.29,18.22,20.98,0.0,0.16,89.2,4.0,61.8,2025-11-02,Delhi
1314,lettuce,moderate,fresh,19.18,99.98,97.0,9.52,28.86,24.83,0.0132,0.342,73.4,3.4,72.8,2025-04-12,Kolkata
1315,blueberry,fresh,fresh,31.13,159.51,203.41,4.69,21.75,19.2,0.0093,0.868,96.3,3.8,89.2,2025-08-04,Delhi
1316,beef,fresh,fresh,31.33,171.2,156.12,5.97,14.19,18.35,0.0028,0.279,92.2,3.7,91.5,2025-04-02,Delhi
1317,avocado,fresh,fresh,40.64,147.59,153.2,7.03,15.54,16.62,0.0,0.212,86.2,3.3,62.9,2025-02-23,Mumbai
1318,tomato,moderate,fresh,9.56,106.52,152.25,3.86,20.26,19.16,0.004,0.264,83.5,7.6,78.0,2025-09-18,Mumbai
1319,egg,fresh,fresh,36.18,165.66,186.7,9.13,19.36,21.63,0.0,0.528,94.1,2.1,89.0,2025-07-06,Delhi
1320,oats,fresh,fresh,27.3,150.04,174.51,7.09,17.93,21.4,0.0,0.375,82.4,4.0,83.1,2025-06-24,Mumbai
1321,milk,moderate,fresh,22.86,29.37,181.15,8.58,7.05,16.8,0.0,0.561,85.5,7.2,72.5,2025-11-16,Mumbai
1322,spinach,fresh,fresh,22.75,152.84,186.27,5.03,21.82,24.04,0.0,0.531,86.7,6.5,92.7,2025-10-26,Bangalore
1323,beef,spoiled,fresh,18.25,55.4,66.21,11.7,8.34,27.26,0.1579,0.832,67.7,2.8,81.2,2025-05-13,Pune
1324,mushroom,fresh,fresh,41.96,144.31,140.56,8.58,15.67,21.33,0.0,0.629,91.0,5.5,61.0,2025-01-04,Chennai
1325,cream,moderate,fresh,29.12,66.46,158.02,11.61,27.93,25.03,0.0,0.115,78.7,7.4,89.1,2025-11-23,Delhi
1326,peach,fresh,fresh,18.68,169.56,174.59,5.22,24.06,26.3,0.0038,0.697,82.0,3.7,70.1,2025-11-10,Bangalore
1327,broccoli,moderate,fresh,44.59,123.18,81.37,9.24,18.11,19.91,0.0938,0.657,71.4,7.6,89.4,2025-10-24,Bangalore
1328,beef,fresh,fresh,23.76,164.71,168.82,7.08,23.09,18.86,0.0164,0.434,82.7,6.7,77.2,2025-11-23,Hyderabad
1329,onion,moderate,fresh,20.95,118.32,169.93,11.29,23.04,23.47,0.0007,0.2,79.3,5.6,66.3,2025-02-15,Pune
1330,beef,fresh,fresh,30.64,156.42,160.24,9.45,20.26,14.85,0.0064,0.696,87.4,5.8,62.6,2025-03-10,Hyderabad
1331,cream,fresh,fresh,22.57,139.92,178.54,11.78,20.71,17.48,0.0144,0.909,89.0,4.8,92.4,2025-10-17,Delhi
1332,carrot,spoiled,fresh,26.54,39.72,86.5,8.16,18.63,19.93,0.0791,0.815,73.7,3.2,77.4,2025-03-17,Bangalore
1333,butter,fresh,fresh,43.11,168.16,165.85,12.42,20.98,17.49,0.0,0.127,82.8,5.2,72.0,2025-07-28,Hyderabad
1334,pineapple,moderate,fresh,41.53,141.94,129.17,8.99,24.48,27.14,0.0044,0.987,84.7,7.0,62.8,2025-06-19,Chennai
1335,banana,moderate,fresh,32.67,141.41,172.03,9.0,19.06,23.09,0.0167,0.969,88.7,6.3,82.1,2025-03-27,Chennai
1336,zucchini,fresh,fresh,27.7,158.62,177.73,7.89,18.87,24.03,0.0,0.604,81.0,4.6,74.8,2025-04-08,Kolkata
1337,garlic,fresh,fresh,24.14,135.2,222.42,9.96,12.84,18.3,0.0,0.554,95.7,6.5,86.4,2025-08-24,Chennai
1338,olive_oil,moderate,moderate,6.88,66.23,51.54,9.73,21.57,25.18,0.2274,0.455,50.6,6.5,64.3,2025-10-08,Kolkata
1339,beef,fresh,fresh,17.0,151.66,171.7,11.0,24.23,22.36,0.0143,0.213,83.4,5.4,76.6,2025-03-21,Kolkata
1340,cucumber,fresh,fresh,27.39,189.71,148.94,5.19,19.75,26.76,0.0,0.617,83.7,6.1,71.5,2025-09-26,Chennai
1341,yogurt,moderate,fresh,22.98,85.42,93.95,11.89,27.86,27.37,0.0233,0.891,67.7,3.8,85.0,2025-04-13,Chennai
1342,bell_pepper,spoiled,moderate,13.71,24.4,44.14,10.17,11.76,16.47,0.2805,0.285,52.3,6.5,64.9,2025-08-03,Mumbai
1343,tofu,fresh,fresh,26.61,140.22,169.24,8.93,20.24,19.14,0.0,0.321,90.1,4.1,87.9,2025-01-23,Chennai
1344,bread,fresh,fresh,31.46,130.17,182.11,8.3,15.49,22.99,0.015,0.776,84.1,7.8,63.2,2025-11-10,Bangalore
1345,pasta,fresh,fresh,22.95,151.81,203.29,9.85,20.1,18.91,0.0144,0.838,92.3,3.4,77.1,2025-03-12,Delhi
1346,pineapple,fresh,fresh,37.58,163.49,167.63,6.41,13.78,20.46,0.0,0.711,84.4,2.3,64.7,2025-09-08,Bangalore
1347,cheese,fresh,fresh,29.34,172.72,187.18,10.67,17.91,23.41,0.0,0.635,82.3,8.0,82.8,2025-07-01,Delhi
1348,tomato,fresh,fresh,1.94,211.66,158.12,2.47,9.05,14.2,0.0,0.329,90.2,2.4,84.7,2025-07-03,Chennai
1349,mango,moderate,fresh,29.4,76.98,103.74,11.69,24.69,23.53,0.0184,0.391,80.8,7.3,71.7,2025-11-10,Bangalore
1350,carrot,fresh,fresh,12.13,229.55,217.3,5.33,16.31,15.5,0.0,0.27,93.5,5.4,60.0,2025-08-07,Chennai
1351,carrot,fresh,fresh,4.81,179.82,192.79,0.75,11.53,9.06,0.0,0.94,89.4,5.1,63.6,2025-11-09,Pune
1352,broccoli,fresh,fresh,54.69,132.28,116.6,8.83,12.11,9.2,0.0032,0.633,82.4,6.8,92.4,2025-10-14,Hyderabad
1353,strawberry,fresh,fresh,0.0,190.97,142.22,1.68,11.96,21.02,0.0078,0.875,85.8,6.0,81.2,2025-12-01,Hyderabad
1354,pear,fresh,fresh,28.14,150.21,202.81,5.64,21.26,19.96,0.0143,0.945,90.3,5.1,86.8,2025-06-25,Delhi
1355,pineapple,spoiled,fresh,16.67,48.28,87.58,8.11,14.45,20.84,0.0754,0.396,65.5,6.5,75.9,2025-08-04,Bangalore
1356,broccoli,spoiled,moderate,27.27,38.78,54.22,13.67,10.41,14.63,0.2476,0.825,45.6,7.8,94.5,2025-02-25,Bangalore
1357,broccoli,moderate,moderate,35.91,92.08,55.74,10.69,18.11,12.8,0.2027,0.375,61.3,3.2,77.6,2025-09-03,Hyderabad
1358,cheese,fresh,fresh,18.43,140.7,201.69,7.95,21.88,24.99,0.0061,0.423,88.6,5.1,85.6,2025-04-13,Delhi
1359,walnut,fresh,fresh,32.11,138.82,189.35,6.91,18.49,15.44,0.0,0.309,80.2,2.1,60.4,2025-02-12,Mumbai
1360,yogurt,moderate,fresh,34.26,80.35,134.55,7.93,26.31,22.71,0.0188,0.268,86.3,2.8,64.7,2025-05-26,Mumbai
1361,strawberry,spoiled,moderate,7.29,58.17,70.82,4.96,9.7,28.98,0.1598,0.876,55.4,3.4,63.0,2025-01-24,Pune
1362,onion,fresh,fresh,43.97,164.45,164.94,7.77,18.37,23.79,0.0,0.352,81.8,2.1,84.8,2025-08-23,Hyderabad
1363,lentils,fresh,fresh,32.1,134.32,170.58,10.24,24.8,24.58,0.0,0.434,87.3,6.7,89.4,2025-11-03,Chennai
1364,tuna,fresh,fresh,36.06,144.95,115.17,8.59,19.99,20.42,0.0,0.671,84.4,2.9,86.3,2025-09-15,Chennai
1365,beef,moderate,fresh,25.54,56.84,143.94,11.26,27.05,27.84,0.0,0.451,80.6,3.5,92.7,2025-07-07,Mumbai
1366,pear,fresh,fresh,34.83,141.8,178.58,8.18,20.32,22.99,0.0137,0.814,95.2,3.1,60.5,2025-12-21,Pune
1367,kiwi,fresh,fresh,35.15,191.55,224.13,8.16,8.49,23.71,0.0013,0.66,87.4,2.2,70.7,2025-09-14,Chennai
1368,tofu,fresh,fresh,25.68,133.97,172.03,7.11,21.84,15.32,0.0,0.592,79.2,4.7,82.8,2025-01-05,Kolkata
1369,strawberry,fresh,fresh,0.0,215.15,172.46,3.28,12.64,17.07,0.0117,0.452,88.5,6.8,85.3,2025-02-19,Delhi
1370,cherry,fresh,fresh,25.95,154.8,209.71,3.91,19.34,16.0,0.0,0.405,91.3,4.9,71.0,2025-01-04,Bangalore
1371,tomato,fresh,fresh,0.0,214.5,188.17,2.9,17.76,13.56,0.0025,0.111,99.7,6.8,67.6,2025-08-03,Mumbai
1372,walnut,moderate,fresh,20.67,144.64,123.84,11.47,25.02,19.46,0.0,0.184,85.7,3.2,88.5,2025-10-02,Pune
1373,yogurt,fresh,fresh,13.64,138.42,201.12,9.58,22.74,17.04,0.0,0.228,82.1,2.7,88.1,2025-05-11,Kolkata
1374,lentils,moderate,fresh,41.16,65.88,135.32,9.98,24.48,29.02,0.0117,0.999,83.4,2.7,65.9,2025-02-16,Kolkata
1375,apple,fresh,fresh,2.88,153.01,200.3,2.2,30.13,17.03,0.0,0.985,86.6,2.9,67.9,2025-05-10,Kolkata
1376,lemon,fresh,fresh,26.73,128.88,142.39,5.95,20.34,24.28,0.0059,0.114,78.1,4.1,67.5,2025-10-09,Kolkata
1377,orange,fresh,fresh,38.97,154.58,173.54,8.54,18.44,25.16,0.0175,0.757,91.4,5.5,70.7,2025-08-26,Kolkata
1378,milk,spoiled,fresh,23.49,43.96,95.68,7.61,14.51,16.8,0.0025,0.707,71.4,4.5,81.9,2025-06-04,Mumbai
1379,lemon,fresh,fresh,23.99,165.85,150.47,10.12,18.4,18.83,0.0,0.837,79.8,6.3,60.8,2025-11-05,Delhi
1380,onion,moderate,fresh,13.76,99.45,191.5,11.56,22.41,28.41,0.0016,0.201,83.6,2.2,63.7,2025-10-22,Chennai
1381,cucumber,spoiled,fresh,16.83,55.62,86.13,4.11,11.99,22.83,0.0862,0.182,70.1,6.8,78.9,2025-07-25,Pune
1382,spinach,moderate,fresh,26.52,64.41,114.16,6.19,24.73,31.63,0.0154,0.33,82.6,5.3,87.7,2025-09-22,Bangalore
1383,lemon,fresh,fresh,36.44,193.81,197.65,10.05,25.92,21.13,0.0,0.109,90.0,5.2,70.9,2025-05-01,Hyderabad
1384,almond,fresh,fresh,28.5,170.65,209.08,7.04,17.84,20.42,0.0023,0.18,96.6,5.4,80.0,2025-08-10,Hyderabad
1385,chicken,fresh,fresh,36.65,165.96,151.52,11.82,18.08,19.2,0.0,0.463,85.6,6.4,86.7,2025-04-13,Hyderabad
1386,chickpeas,moderate,fresh,15.97,157.46,136.05,8.3,27.59,27.31,0.0114,0.982,90.3,3.7,69.4,2025-07-09,Bangalore
1387,strawberry,fresh,fresh,1.62,222.61,143.49,1.01,8.97,16.03,0.003,0.575,83.2,3.9,75.1,2025-03-23,Kolkata
1388,apple,fresh,fresh,10.42,212.83,200.99,6.33,19.52,14.27,0.0,0.754,100.0,6.1,86.0,2025-01-12,Delhi
1389,apple,spoiled,fresh,22.45,47.5,84.62,10.29,20.45,27.14,0.057,0.119,72.5,5.3,73.2,2025-05-24,Pune
1390,corn,fresh,fresh,38.25,157.76,160.59,5.29,20.45,19.49,0.0045,0.103,88.4,5.1,86.9,2025-10-03,Chennai
1391,carrot,fresh,fresh,12.26,189.76,238.75,0.34,9.03,16.0,0.0,0.959,99.7,7.1,73.5,2025-12-21,Mumbai
1392,tomato,fresh,fresh,2.25,204.74,188.76,4.57,10.48,13.33,0.0174,0.768,91.8,5.5,78.6,2025-10-24,Bangalore
1393,almond,moderate,fresh,29.29,109.26,184.84,11.91,24.83,22.33,0.0,0.816,78.6,4.0,79.0,2025-02-28,Kolkata
1394,egg,fresh,fresh,25.49,138.15,193.1,8.51,16.03,18.69,0.0,0.137,96.3,2.1,80.9,2025-10-17,Delhi
1395,oats,fresh,fresh,37.02,157.03,191.37,8.77,24.88,20.71,0.0156,0.751,88.2,3.5,75.6,2025-02-17,Chennai
1396,cucumber,fresh,fresh,26.91,131.68,184.99,3.12,19.45,19.38,0.0058,0.725,88.9,4.0,65.0,2025-10-26,Delhi
1397,blueberry,spoiled,moderate,6.36,21.08,86.19,10.46,15.31,20.92,0.0594,0.863,62.5,2.1,72.7,2025-06-25,Mumbai
1398,broccoli,fresh,fresh,55.74,138.64,101.85,5.08,19.89,16.11,0.0,0.949,73.6,5.6,68.8,2025-10-23,Delhi
1399,corn,fresh,fresh,25.29,124.93,187.92,7.77,24.72,18.96,0.0,0.153,81.5,2.8,90.8,2025-12-01,Kolkata
1400,lemon,moderate,fresh,16.63,112.39,153.13,10.34,27.03,24.89,0.0,0.556,84.2,7.5,82.8,2025-09-15,Hyderabad
1401,olive_oil,fresh,fresh,31.87,173.3,192.51,7.66,24.06,12.91,0.0184,0.452,82.3,2.2,72.1,2025-02-16,Delhi
1402,tofu,fresh,fresh,46.42,115.88,167.46,7.92,19.56,23.02,0.0,0.921,79.1,5.8,66.7,2025-05-06,Mumbai
1403,onion,spoiled,moderate,9.42,38.91,58.44,10.59,14.81,20.28,0.1996,0.244,47.5,2.6,87.0,2025-03-18,Pune
1404,bell_pepper,fresh,fresh,25.6,139.8,185.75,9.89,18.21,17.39,0.0,0.162,81.7,3.1,82.1,2025-06-12,Hyderabad
1405,banana,fresh,fresh,32.45,209.51,228.3,2.19,9.66,8.4,0.0,0.895,100.0,2.4,81.1,2025-04-02,Delhi
1406,mushroom,fresh,fresh,23.87,148.42,167.26,9.48,19.14,20.45,0.0,0.318,79.7,2.9,63.0,2025-02-24,Pune
1407,pear,fresh,fresh,31.26,153.9,179.52,9.02,17.61,24.2,0.0027,0.991,94.6,5.8,62.4,2025-02-05,Chennai
1408,rice,spoiled,fresh,17.63,15.33,73.76,8.3,17.0,26.63,0.1398,0.11,68.3,6.4,75.2,2025-06-08,Kolkata
1409,olive_oil,spoiled,moderate,12.13,39.99,34.89,10.91,12.34,18.13,0.3357,0.381,50.7,6.4,94.0,2025-05-21,Mumbai
1410,blueberry,spoiled,fresh,8.99,45.98,90.15,10.05,12.41,24.77,0.038,0.671,69.5,4.3,93.8,2025-02-20,Chennai
1411,bell_pepper,fresh,fresh,24.0,106.76,189.17,5.79,22.97,18.86,0.0088,0.819,84.0,7.9,93.7,2025-05-16,Kolkata
1412,blueberry,fresh,fresh,34.83,178.03,155.82,6.87,19.77,24.61,0.0184,0.175,85.3,8.0,78.7,2025-03-11,Kolkata
1413,mango,moderate,fresh,18.42,75.14,141.95,8.85,25.46,20.35,0.0,0.957,74.6,4.4,94.5,2025-09-13,Kolkata
1414,peas,moderate,fresh,47.14,56.31,121.96,9.94,30.74,21.03,0.0,0.729,76.1,4.4,65.3,2025-03-09,Chennai
1415,tuna,spoiled,fresh,39.84,46.36,78.34,8.03,16.71,17.83,0.1046,0.591,71.4,5.1,89.6,2025-10-10,Bangalore
1416,cauliflower,moderate,fresh,37.67,65.72,127.17,8.89,22.04,27.22,0.0031,0.675,81.4,4.2,61.3,2025-02-26,Hyderabad
1417,lettuce,fresh,fresh,34.28,174.18,144.4,10.13,27.52,18.65,0.0,0.231,86.3,3.4,90.2,2025-04-10,Chennai
1418,lettuce,moderate,fresh,43.95,83.42,95.69,9.39,28.14,22.49,0.0317,0.593,81.7,7.7,65.3,2025-06-26,Pune
1419,mushroom,moderate,fresh,19.0,104.84,130.08,11.17,25.71,26.44,0.01,0.247,83.0,3.5,87.5,2025-01-13,Pune
1420,tofu,fresh,fresh,26.54,154.63,161.45,10.58,18.1,23.39,0.0127,0.79,83.3,2.6,84.9,2025-08-25,Mumbai
1421,cream,moderate,fresh,22.66,95.05,117.63,7.97,19.77,21.83,0.0,0.102,80.3,6.0,68.2,2025-04-11,Pune
1422,beef,moderate,fresh,21.76,95.3,155.26,9.11,22.35,20.67,0.0146,0.826,82.8,6.3,78.5,2025-05-19,Kolkata
1423,peas,fresh,fresh,33.84,177.66,205.33,9.42,21.92,25.09,0.0,0.88,99.4,2.1,89.6,2025-02-02,Mumbai
1424,orange,fresh,fresh,32.66,162.92,173.58,5.28,17.95,19.97,0.0,0.691,94.2,3.7,88.1,2025-03-08,Kolkata
1425,banana,fresh,fresh,30.24,238.89,220.81,6.36,13.69,9.06,0.0,0.77,94.8,5.2,60.1,2025-04-16,Mumbai
1426,mango,moderate,fresh,11.71,71.44,143.17,10.02,27.83,25.54,0.0002,0.148,82.7,2.4,65.7,2025-12-07,Chennai
1427,salmon,fresh,fresh,27.18,192.97,178.12,10.33,18.8,22.13,0.0049,0.921,95.6,2.3,63.1,2025-05-02,Chennai
1428,kiwi,fresh,fresh,37.42,154.17,132.91,8.04,23.69,21.58,0.0125,0.317,91.5,6.5,77.4,2025-02-19,Kolkata
1429,cauliflower,moderate,fresh,29.46,46.94,111.99,10.82,26.23,28.64,0.0,0.774,77.4,7.3,86.5,2025-03-25,Delhi
1430,oats,moderate,fresh,23.55,100.15,130.41,8.03,18.23,26.29,0.0196,0.75,88.8,3.6,80.4,2025-05-28,Pune
1431,cauliflower,moderate,fresh,26.74,74.55,89.52,11.26,24.2,26.67,0.047,0.108,69.5,2.7,67.2,2025-08-11,Mumbai
1432,bell_pepper,fresh,fresh,44.91,107.17,166.01,7.58,24.36,15.09,0.0,0.93,87.6,5.3,83.7,2025-08-17,Pune
1433,apple,fresh,fresh,10.81,182.72,198.56,2.6,18.69,18.14,0.0039,0.151,95.8,3.4,63.9,2025-07-04,Bangalore
1434,banana,moderate,fresh,18.59,136.91,162.32,4.48,27.76,21.26,0.0112,0.523,86.0,7.0,64.5,2025-04-22,Hyderabad
1435,walnut,moderate,fresh,31.13,118.44,94.47,13.5,17.47,22.69,0.0177,0.541,85.0,2.7,66.9,2025-06-27,Mumbai
1436,strawberry,fresh,fresh,1.08,218.73,164.37,1.67,14.96,17.07,0.0145,0.91,89.5,2.0,87.9,2025-09-01,Pune
1437,chickpeas,moderate,fresh,10.03,108.16,147.34,13.17,22.63,27.08,0.0,0.88,80.8,5.0,60.5,2025-11-09,Pune
1438,spinach,fresh,fresh,27.73,173.81,200.44,8.42,18.98,22.88,0.0,0.456,95.2,3.1,94.0,2025-02-13,Hyderabad
1439,strawberry,moderate,fresh,7.59,116.31,83.44,3.42,24.55,23.44,0.0895,0.444,69.9,4.1,76.0,2025-07-22,Bangalore
1440,banana,fresh,fresh,25.55,192.48,232.75,1.73,16.53,8.15,0.0073,0.16,93.7,5.7,64.1,2025-10-28,Delhi
1441,tofu,moderate,fresh,41.17,70.74,158.58,10.37,25.76,19.09,0.0,0.39,87.6,6.4,89.4,2025-05-27,Mumbai
1442,potato,fresh,fresh,12.38,145.59,184.94,5.75,16.73,21.68,0.0,0.278,87.8,2.3,92.9,2025-11-17,Kolkata
1443,carrot,spoiled,fresh,28.94,42.93,95.6,4.65,13.93,24.94,0.0359,0.733,67.8,6.2,81.7,2025-04-19,Mumbai
1444,spinach,fresh,fresh,30.55,152.53,226.12,5.2,22.39,24.99,0.0,0.121,88.4,3.8,63.7,2025-07-20,Kolkata
1445,watermelon,moderate,fresh,21.75,111.49,105.45,8.63,26.15,27.4,0.0,0.233,76.9,4.2,62.5,2025-08-24,Delhi
1446,walnut,moderate,fresh,36.21,129.24,128.31,12.39,23.97,27.71,0.0,0.362,83.5,6.3,68.6,2025-11-28,Hyderabad
1447,bell_pepper,fresh,fresh,31.66,158.91,188.47,4.79,16.63,20.31,0.0,0.393,89.9,6.9,90.8,2025-05-16,Bangalore
1448,carrot,moderate,fresh,11.56,126.62,157.43,5.65,16.64,24.14,0.0002,0.828,79.3,6.7,89.9,2025-02-11,Bangalore
1449,tomato,moderate,fresh,16.15,132.94,140.21,4.4,21.59,19.64,0.0106,0.878,81.0,2.8,87.0,2025-08-16,Delhi
1450,mango,fresh,fresh,29.72,168.11,226.91,5.2,19.69,16.46,0.0106,0.548,94.2,2.6,72.7,2025-03-13,Kolkata
1451,bread,fresh,fresh,42.74,138.25,151.14,9.28,25.23,21.99,0.0039,0.245,87.7,6.4,60.7,2025-05-26,Delhi
1452,mushroom,moderate,fresh,27.05,100.23,165.37,8.25,24.66,23.64,0.0,0.352,89.3,6.6,76.4,2025-01-12,Chennai
1453,zucchini,fresh,fresh,20.66,143.43,202.15,9.13,21.93,20.44,0.0,0.55,88.7,2.7,73.4,2025-05-25,Pune
1454,milk,fresh,fresh,12.62,6.0,236.9,5.38,5.83,10.96,0.0,0.698,86.2,2.4,63.4,2025-06-10,Mumbai
1455,butter,fresh,fresh,28.89,142.45,243.16,9.81,21.24,19.3,0.0,0.839,87.4,7.0,77.6,2025-06-23,Bangalore
1456,pasta,fresh,fresh,26.39,147.38,185.86,4.24,15.29,18.09,0.0025,0.399,81.0,6.6,73.8,2025-09-13,Mumbai
1457,zucchini,fresh,fresh,31.66,145.21,209.56,5.04,17.75,24.56,0.0,0.141,90.2,4.5,68.8,2025-01-15,Pune
1458,potato,moderate,fresh,26.31,112.12,181.28,8.61,24.7,24.18,0.0178,0.874,80.1,6.2,93.0,2025-04-24,Hyderabad
1459,corn,fresh,fresh,14.36,143.79,197.62,9.08,21.86,18.87,0.0,0.213,92.0,7.4,75.1,2025-09-27,Bangalore
1460,salmon,fresh,fresh,24.75,175.39,170.05,8.59,20.49,24.39,0.0078,0.818,95.0,5.1,92.8,2025-07-19,Pune
1461,avocado,fresh,fresh,37.77,124.09,156.25,9.16,19.81,18.63,0.0112,0.8,87.7,3.6,72.1,2025-01-22,Hyderabad
1462,salmon,moderate,fresh,35.16,94.69,131.31,11.56,23.87,29.71,0.0031,0.768,80.5,7.7,71.5,2025-08-14,Delhi
1463,olive_oil,fresh,fresh,23.7,163.14,208.68,5.25,18.97,23.43,0.0062,0.39,86.0,4.7,85.8,2025-09-20,Bangalore
1464,cheese,moderate,fresh,36.57,85.71,111.63,11.91,28.55,21.51,0.0,0.865,76.3,5.5,90.2,2025-04-27,Kolkata
1465,butter,fresh,fresh,20.37,154.51,192.59,7.4,22.04,17.87,0.0,0.874,94.7,6.5,64.6,2025-12-07,Mumbai
1466,grape,moderate,fresh,3.85,79.4,131.58,9.45,21.52,19.55,0.0057,0.534,74.8,2.6,62.6,2025-08-27,Delhi
1467,rice,spoiled,fresh,14.86,48.46,95.12,12.38,12.55,16.54,0.0092,0.543,72.2,4.5,62.0,2025-05-06,Hyderabad
1468,cream,fresh,fresh,33.97,162.7,188.0,3.97,17.4,19.91,0.0135,0.464,85.9,5.3,61.1,2025-03-04,Kolkata
1469,mushroom,spoiled,moderate,24.87,46.51,72.89,10.66,15.25,22.06,0.139,0.826,54.7,3.1,91.4,2025-12-14,Hyderabad
1470,egg,fresh,fresh,32.5,151.31,174.63,8.16,21.45,20.8,0.0156,0.266,95.5,4.4,77.3,2025-02-02,Bangalore
1471,cream,fresh,fresh,33.05,176.85,185.3,6.7,22.65,15.9,0.0,0.898,83.1,2.1,67.6,2025-02-13,Mumbai
1472,zucchini,spoiled,moderate,9.19,40.04,80.33,7.51,13.85,18.18,0.0921,0.11,58.4,2.2,80.4,2025-04-06,Bangalore
1473,cauliflower,fresh,fresh,26.11,168.87,194.13,7.96,18.36,15.95,0.0,0.301,96.8,2.7,88.3,2025-03-19,Delhi
1474,zucchini,fresh,fresh,41.36,161.84,165.87,9.44,19.79,19.14,0.0022,0.586,83.4,7.7,61.1,2025-07-25,Delhi
1475,carrot,fresh,fresh,13.31,178.88,194.84,3.24,13.5,17.01,0.0046,0.651,96.9,7.9,71.4,2025-12-20,Mumbai
1476,almond,moderate,fresh,43.69,71.14,88.37,6.0,24.55,23.01,0.0662,0.992,65.5,5.0,78.9,2025-02-06,Hyderabad
1477,pineapple,moderate,fresh,27.08,93.31,89.92,6.37,25.89,25.41,0.0565,0.369,69.1,6.6,88.6,2025-01-05,Kolkata
1478,mushroom,moderate,fresh,20.74,48.57,141.78,12.54,25.83,22.46,0.0058,0.842,78.2,4.7,65.8,2025-11-10,Delhi
1479,kiwi,moderate,fresh,25.45,55.85,156.45,10.16,19.7,24.1,0.01,0.628,76.8,2.1,85.3,2025-09-28,Hyderabad
1480,mushroom,fresh,fresh,33.71,143.34,174.48,5.55,21.7,18.05,0.0099,0.994,79.2,6.5,89.6,2025-01-06,Chennai
1481,cream,fresh,fresh,12.75,142.57,199.62,7.23,25.21,21.29,0.0,0.964,92.5,7.1,80.8,2025-03-06,Kolkata
1482,watermelon,spoiled,moderate,23.39,33.07,68.63,9.47,14.09,21.59,0.1746,0.894,64.2,3.4,61.1,2025-05-18,Hyderabad
1483,strawberry,moderate,fresh,1.26,108.48,87.54,8.09,21.59,20.91,0.0486,0.961,68.0,3.5,66.1,2025-03-08,Delhi
1484,watermelon,fresh,fresh,21.54,162.47,177.67,8.43,17.07,20.48,0.0162,0.825,93.4,4.1,94.1,2025-02-20,Pune
1485,avocado,spoiled,moderate,15.76,23.52,84.68,6.92,16.69,22.05,0.0884,0.715,63.4,2.2,89.9,2025-10-17,Kolkata
1486,egg,moderate,fresh,16.2,69.49,124.42,10.56,24.54,26.3,0.0113,0.661,75.4,6.5,68.6,2025-03-10,Kolkata
1487,tomato,fresh,fresh,6.53,192.38,154.27,3.65,20.05,16.18,0.0,0.107,83.0,5.2,72.1,2025-12-24,Hyderabad
1488,rice,fresh,fresh,21.3,147.52,157.63,9.29,15.95,19.1,0.0186,0.343,80.1,3.6,65.7,2025-10-02,Bangalore
1489,olive_oil,fresh,fresh,21.97,152.54,172.67,8.35,20.07,17.04,0.0,0.887,89.1,5.6,64.7,2025-01-04,Mumbai
1490,tomato,spoiled,moderate,15.76,39.27,40.23,10.48,16.43,19.54,0.2819,0.514,45.0,5.5,69.7,2025-02-01,Bangalore
1491,pear,moderate,fresh,39.15,136.05,126.37,10.69,22.04,24.56,0.0056,0.61,88.8,7.4,72.0,2025-02-19,Mumbai
1492,pear,fresh,fresh,28.41,153.7,186.66,9.12,20.71,16.37,0.0,0.533,81.9,3.4,74.0,2025-07-28,Delhi
1493,milk,fresh,fresh,5.31,7.27,237.18,7.1,1.51,8.93,0.0003,0.926,86.7,3.5,63.6,2025-03-23,Chennai
1494,tuna,fresh,fresh,37.62,144.0,189.21,7.72,20.77,19.31,0.0107,0.124,87.5,5.4,65.5,2025-12-18,Delhi
1495,cucumber,spoiled,moderate,26.67,11.82,62.73,10.59,16.6,24.48,0.174,0.735,52.0,2.4,84.2,2025-06-12,Chennai
1496,cucumber,fresh,fresh,26.87,179.59,166.82,10.66,22.45,17.26,0.0109,0.19,84.0,5.8,70.5,2025-11-27,Chennai
1497,butter,spoiled,fresh,23.07,34.23,82.51,9.55,14.08,24.11,0.0911,0.674,66.3,3.6,81.2,2025-03-12,Pune
1498,almond,fresh,fresh,29.21,166.53,175.49,11.33,17.96,18.16,0.0188,0.552,82.7,3.4,88.7,2025-11-26,Pune
1499,cucumber,moderate,fresh,40.25,78.88,170.03,11.78,24.54,19.56,0.0,0.262,83.6,7.6,60.3,2025-09-16,Bangalore
1500,strawberry,fresh,fresh,1.96,211.52,183.34,5.18,12.95,22.4,0.0132,0.278,94.0,3.3,68.2,2025-03-19,Hyderabad
1501,egg,fresh,fresh,36.12,171.47,189.97,4.12,19.53,16.53,0.0149,0.948,83.5,3.0,76.4,2025-09-22,Delhi
1502,mushroom,fresh,fresh,28.38,169.6,186.1,10.3,21.03,16.11,0.0,0.553,95.7,6.7,85.7,2025-09-07,Kolkata
1503,almond,fresh,fresh,9.83,152.98,175.72,6.05,14.9,17.8,0.0,0.494,95.3,6.8,64.7,2025-03-01,Pune
1504,yogurt,fresh,fresh,28.44,163.32,183.77,11.22,16.89,22.64,0.0063,0.801,88.7,4.2,92.3,2025-11-28,Delhi
1505,almond,fresh,fresh,30.38,163.89,171.27,10.14,20.89,17.96,0.0,0.6,92.6,3.0,90.4,2025-01-25,Chennai
1506,cream,fresh,fresh,29.9,145.21,189.78,5.64,19.91,21.19,0.0065,0.672,92.1,3.0,90.9,2025-05-15,Mumbai
1507,egg,fresh,fresh,30.26,176.94,195.48,7.99,20.65,20.89,0.0,0.262,92.2,2.1,89.8,2025-03-26,Mumbai
1508,tomato,spoiled,moderate,14.42,12.62,53.97,3.03,18.83,19.82,0.2329,0.258,45.0,2.1,60.5,2025-12-21,Bangalore
1509,corn,fresh,fresh,28.45,167.94,188.45,5.74,19.79,18.99,0.0,0.469,92.8,2.0,92.1,2025-06-27,Kolkata
1510,grape,spoiled,moderate,2.55,24.65,66.33,9.77,10.55,23.45,0.1561,0.16,56.0,7.0,82.6,2025-01-23,Mumbai
1511,tuna,fresh,fresh,29.18,150.75,188.01,6.42,21.37,18.9,0.0,0.298,92.4,4.2,67.0,2025-10-06,Mumbai
1512,peach,fresh,fresh,22.83,161.47,209.83,9.45,22.77,18.44,0.0,0.633,90.4,4.3,60.2,2025-01-14,Chennai
1513,butter,fresh,fresh,17.22,179.8,221.09,11.09,18.99,16.54,0.0,0.46,92.7,4.4,92.3,2025-12-14,Kolkata
1514,grape,fresh,fresh,21.47,116.33,177.85,11.21,19.58,20.91,0.0,0.353,84.8,6.3,85.0,2025-06-01,Chennai
1515,chicken,fresh,fresh,41.0,141.92,220.71,11.98,19.61,18.27,0.0,0.481,90.1,4.7,74.9,2025-03-28,Mumbai
1516,oats,fresh,fresh,35.58,143.05,156.87,10.56,23.65,20.47,0.0154,0.808,93.4,2.7,82.5,2025-10-09,Delhi
1517,lentils,fresh,fresh,19.9,125.41,182.14,7.0,18.98,23.07,0.0,0.28,85.6,2.6,72.2,2025-05-04,Pune
1518,cherry,fresh,fresh,35.87,177.56,160.19,7.31,22.28,21.34,0.0063,0.45,87.4,4.2,93.3,2025-01-14,Kolkata
1519,tofu,fresh,fresh,42.26,158.41,216.96,9.08,23.19,19.03,0.0,0.661,87.4,2.3,69.7,2025-07-26,Chennai
1520,milk,fresh,fresh,10.07,14.55,255.0,6.46,4.75,14.13,0.0005,0.497,83.3,8.0,89.3,2025-08-20,Hyderabad
1521,chicken,fresh,fresh,12.46,121.56,193.63,8.03,21.82,20.19,0.0,0.894,84.1,3.7,67.7,2025-05-09,Kolkata
1522,broccoli,fresh,fresh,59.57,107.78,108.56,9.99,18.66,21.04,0.0,0.411,79.8,6.7,87.9,2025-09-27,Bangalore
1523,chicken,fresh,fresh,31.95,155.48,149.54,6.94,19.42,23.15,0.0199,0.249,87.0,7.2,87.0,2025-06-24,Mumbai
1524,potato,moderate,fresh,18.89,109.91,129.96,9.65,25.75,23.83,0.0024,0.137,75.8,6.1,66.1,2025-09-14,Pune
1525,lentils,fresh,fresh,26.57,115.9,175.04,7.04,18.45,21.25,0.0192,0.103,88.0,4.0,77.5,2025-06-21,Delhi
1526,milk,moderate,fresh,18.95,21.86,214.93,7.15,7.11,13.61,0.0,0.754,79.4,3.4,87.3,2025-10-01,Kolkata
1527,strawberry,moderate,fresh,6.25,141.48,137.96,6.38,18.38,19.69,0.0013,0.336,79.7,4.6,70.7,2025-11-21,Bangalore
1528,almond,fresh,fresh,35.37,171.36,198.78,7.87,16.24,17.0,0.0002,0.916,86.2,3.6,67.4,2025-01-13,Pune
1529,potato,fresh,fresh,32.18,156.84,158.03,8.09,21.89,16.55,0.0137,0.967,90.7,4.1,74.5,2025-07-28,Bangalore
1530,lemon,moderate,fresh,36.05,80.56,161.44,8.93,21.92,23.63,0.0,0.598,80.6,6.9,93.8,2025-02-12,Pune
1531,lettuce,spoiled,moderate,19.05,29.17,65.68,10.67,14.49,19.8,0.1665,0.566,51.5,5.7,61.2,2025-01-05,Bangalore
1532,milk,spoiled,fresh,11.33,49.7,138.22,11.22,9.18,14.58,0.0137,0.11,73.4,5.1,71.7,2025-12-15,Pune
1533,egg,fresh,fresh,34.94,156.93,159.83,4.94,24.61,24.24,0.0,0.471,83.4,7.3,61.2,2025-01-08,Pune
1534,tomato,fresh,fresh,0.0,193.13,204.96,1.05,13.53,14.15,0.0037,0.321,99.1,2.2,76.9,2025-08-22,Mumbai
1535,banana,moderate,fresh,18.27,95.9,191.05,2.31,20.74,22.66,0.0117,0.914,85.2,5.3,64.7,2025-12-06,Bangalore
1536,peas,spoiled,fresh,5.49,21.14,94.26,11.07,13.15,23.61,0.0317,0.353,70.9,2.5,60.6,2025-09-15,Hyderabad
1537,rice,fresh,fresh,39.65,155.38,162.0,7.17,20.86,19.43,0.0001,0.397,84.1,5.6,88.9,2025-07-16,Kolkata
1538,kiwi,moderate,fresh,34.39,51.76,92.64,10.36,23.53,23.12,0.044,0.252,67.6,5.1,81.6,2025-09-25,Bangalore
1539,corn,fresh,fresh,15.86,150.39,178.94,9.31,20.21,19.6,0.012,0.674,93.4,7.1,89.5,2025-11-10,Hyderabad
1540,lemon,fresh,fresh,39.42,123.75,190.73,4.66,17.48,16.36,0.0,0.336,81.1,7.1,74.8,2025-12-25,Chennai
1541,cream,spoiled,moderate,27.82,34.02,69.73,7.79,14.1,17.71,0.1491,0.466,63.3,3.2,89.4,2025-02-13,Kolkata
1542,peach,moderate,fresh,28.83,65.22,163.24,6.65,22.58,30.03,0.0159,0.113,89.0,3.1,88.3,2025-10-06,Kolkata
1543,yogurt,moderate,fresh,20.65,57.13,135.48,9.05,22.49,21.71,0.0198,0.835,72.3,7.6,77.2,2025-09-05,Bangalore
1544,tofu,fresh,fresh,52.15,144.97,141.49,10.99,21.83,17.7,0.0,0.824,90.8,4.8,76.0,2025-01-18,Bangalore
1545,lettuce,moderate,fresh,15.67,106.84,123.83,6.15,30.36,23.7,0.0035,0.242,75.7,3.2,84.3,2025-09-22,Pune
1546,tomato,spoiled,moderate,20.97,59.18,39.98,8.07,13.05,14.4,0.3109,0.962,41.0,3.8,94.6,2025-10-23,Chennai
1547,pineapple,fresh,fresh,26.6,157.95,170.75,7.39,23.43,20.32,0.0044,0.477,92.1,2.2,73.3,2025-03-03,Hyderabad
1548,bell_pepper,moderate,fresh,16.57,107.55,134.94,4.96,26.29,26.18,0.0,0.333,80.9,5.6,65.7,2025-05-08,Hyderabad
1549,yogurt,moderate,fresh,25.2,112.29,113.19,10.67,20.3,26.22,0.0115,0.831,76.9,6.2,87.4,2025-12-22,Kolkata
1550,almond,fresh,fresh,45.62,130.1,164.8,6.58,20.39,16.81,0.0,0.524,89.2,7.2,60.2,2025-11-13,Pune
1551,broccoli,moderate,fresh,49.21,96.94,88.02,6.46,22.99,17.81,0.0537,0.681,75.7,5.5,86.4,2025-01-04,Bangalore
1552,rice,spoiled,fresh,28.3,40.59,74.4,12.06,20.77,17.14,0.1312,0.75,69.1,2.9,89.7,2025-09-03,Delhi
1553,apple,fresh,fresh,8.23,178.28,198.05,0.07,19.15,12.01,0.0,0.528,90.2,7.6,94.2,2025-07-21,Delhi
1554,strawberry,fresh,fresh,1.07,193.53,151.02,1.19,15.29,15.16,0.0,0.666,81.0,2.2,82.4,2025-02-15,Mumbai
1555,corn,fresh,fresh,18.44,157.24,164.05,10.15,20.68,21.82,0.0178,0.595,81.8,5.9,87.0,2025-05-27,Hyderabad
1556,cucumber,moderate,fresh,39.11,82.26,115.64,11.74,26.53,24.44,0.014,0.512,71.4,5.1,83.1,2025-06-19,Mumbai
1557,rice,moderate,fresh,38.91,84.69,130.82,10.04,22.2,25.23,0.0,0.477,82.3,2.0,92.8,2025-11-04,Pune
1558,salmon,spoiled,moderate,33.97,41.67,70.62,9.68,15.99,22.25,0.1313,0.82,59.4,4.4,64.6,2025-09-02,Hyderabad
1559,lemon,moderate,fresh,31.09,81.7,138.12,10.96,21.98,25.5,0.0,0.151,76.5,6.5,66.1,2025-07-07,Pune
1560,carrot,fresh,fresh,5.52,197.24,209.91,4.5,13.81,15.93,0.0121,0.443,88.6,5.9,82.5,2025-06-17,Pune
1561,cheese,spoiled,moderate,34.24,56.21,69.42,10.28,18.33,15.5,0.1334,0.772,54.8,6.9,92.6,2025-03-10,Mumbai
1562,pasta,spoiled,fresh,16.77,55.03,89.5,10.74,10.48,19.85,0.0563,0.627,66.5,7.6,65.5,2025-04-15,Delhi
1563,tomato,fresh,fresh,1.82,204.97,167.86,0.05,8.81,18.67,0.0,0.506,91.0,6.9,92.4,2025-01-08,Hyderabad
1564,potato,moderate,fresh,21.0,93.93,129.94,7.87,21.22,21.98,0.0,0.779,79.9,3.5,71.1,2025-12-10,Chennai
1565,onion,fresh,fresh,24.21,157.33,164.09,11.49,23.08,22.43,0.0,0.551,90.3,2.5,78.6,2025-08-26,Delhi
1566,olive_oil,spoiled,moderate,18.8,57.71,65.64,9.94,15.51,22.11,0.1906,0.886,62.7,7.0,69.5,2025-09-18,Mumbai
1567,pineapple,fresh,fresh,35.1,140.5,169.34,9.28,22.15,18.82,0.0,0.549,90.0,5.1,69.7,2025-12-13,Bangalore
1568,blueberry,spoiled,fresh,4.13,31.89,82.47,13.61,11.41,18.72,0.0769,0.135,73.7,4.4,76.2,2025-10-17,Bangalore
1569,spinach,moderate,fresh,21.11,123.9,129.13,8.19,26.68,23.79,0.0033,0.61,76.5,4.9,91.9,2025-11-06,Mumbai
1570,almond,fresh,fresh,20.2,132.14,214.68,8.77,20.32,19.25,0.0042,0.448,85.7,3.0,74.4,2025-10-05,Chennai
1571,potato,fresh,fresh,32.34,155.6,185.84,8.23,22.61,20.07,0.0,0.938,81.9,5.5,66.2,2025-06-13,Hyderabad
1572,beef,spoiled,moderate,10.22,25.81,30.42,14.05,17.59,17.51,0.3542,0.239,48.2,7.5,81.1,2025-12-18,Mumbai
1573,kiwi,fresh,fresh,27.75,137.26,210.85,5.16,20.34,19.67,0.0,0.975,90.5,5.3,76.2,2025-08-15,Hyderabad
1574,pear,fresh,fresh,36.61,147.92,144.84,7.5,17.08,20.24,0.0,0.209,89.6,3.5,66.0,2025-09-28,Kolkata
1575,carrot,spoiled,moderate,35.04,18.91,64.0,5.89,13.86,22.22,0.1638,0.28,61.7,5.2,66.6,2025-10-03,Mumbai
1576,lemon,fresh,fresh,28.61,158.32,167.48,8.46,22.33,17.8,0.0159,0.361,79.9,2.3,94.3,2025-12-15,Bangalore
1577,blueberry,moderate,fresh,32.81,91.31,156.14,9.6,26.14,24.88,0.0178,0.961,86.2,3.8,82.8,2025-04-28,Chennai
1578,spinach,moderate,fresh,24.04,96.47,143.42,7.5,29.3,19.42,0.0,0.206,82.9,3.2,88.4,2025-08-11,Mumbai
1579,bread,moderate,fresh,18.15,87.64,140.31,13.15,19.43,23.48,0.0,0.652,80.7,4.6,71.5,2025-11-13,Delhi
1580,peach,moderate,fresh,3.73,90.79,136.79,13.18,25.36,28.13,0.0079,0.367,83.7,2.1,81.7,2025-12-21,Mumbai
1581,grape,fresh,fresh,34.67,141.3,151.82,8.55,15.52,23.89,0.0133,0.128,81.0,7.6,94.8,2025-07-20,Kolkata
1582,mango,moderate,fresh,23.38,119.88,117.99,10.54,25.63,24.86,0.0162,0.461,77.5,7.5,79.9,2025-09-27,Chennai
1583,rice,spoiled,moderate,15.67,40.89,51.48,7.58,18.73,22.18,0.244,0.891,50.0,2.5,83.1,2025-04-21,Chennai
1584,zucchini,moderate,fresh,25.66,131.63,123.31,12.65,25.53,21.93,0.0175,0.488,81.0,4.0,76.8,2025-11-24,Pune
1585,olive_oil,fresh,fresh,44.78,169.81,177.58,9.45,18.79,22.49,0.0,0.816,94.5,3.8,69.0,2025-12-06,Delhi
1586,avocado,spoiled,fresh,0.0,19.7,89.59,9.5,15.62,15.96,0.0514,0.657,71.5,7.1,63.4,2025-01-16,Bangalore
1587,cheese,fresh,fresh,44.78,173.81,175.99,7.19,23.09,25.95,0.0,0.974,83.7,2.4,74.7,2025-10-25,Pune
1588,pear,spoiled,moderate,29.54,67.58,51.55,8.36,11.43,21.33,0.2356,0.66,48.0,7.0,80.9,2025-02-19,Mumbai
1589,butter,fresh,fresh,31.4,146.96,196.19,10.46,15.42,18.21,0.0,0.368,84.4,3.1,70.3,2025-05-09,Kolkata
1590,zucchini,fresh,fresh,36.56,140.65,164.04,10.04,16.13,19.1,0.0112,0.544,87.9,2.2,86.2,2025-09-14,Kolkata
1591,lemon,moderate,fresh,28.29,75.65,149.58,8.86,29.23,24.62,0.0,0.972,78.2,2.0,89.3,2025-07-11,Chennai
1592,olive_oil,moderate,fresh,31.71,108.65,114.31,5.89,26.08,25.22,0.0,0.131,73.5,7.5,79.5,2025-06-03,Bangalore
1593,tofu,fresh,fresh,34.45,145.47,171.39,12.02,15.58,22.2,0.0146,0.634,89.5,2.5,72.3,2025-04-09,Chennai
1594,salmon,moderate,fresh,19.25,81.61,122.07,8.39,26.71,29.17,0.0,0.101,80.3,4.1,86.0,2025-12-24,Kolkata
1595,mango,fresh,fresh,33.76,152.07,160.27,9.03,26.47,18.86,0.0,0.746,91.9,5.7,83.4,2025-04-20,Pune
1596,pineapple,spoiled,moderate,16.24,26.58,60.21,4.51,16.22,17.46,0.1986,0.526,48.1,2.3,60.4,2025-04-27,Kolkata
1597,apple,moderate,fresh,9.95,138.83,138.36,4.32,29.4,15.77,0.0,0.586,81.1,7.9,94.8,2025-04-20,Kolkata
1598,lentils,fresh,fresh,17.74,155.39,202.99,4.85,21.22,21.74,0.0122,0.122,84.9,3.3,73.4,2025-03-25,Pune
1599,chickpeas,fresh,fresh,13.53,165.97,197.53,7.38,23.76,23.41,0.0166,0.59,90.5,4.4,93.2,2025-11-23,Pune
1600,banana,moderate,fresh,25.62,120.97,150.54,5.92,21.71,19.03,0.0,0.453,84.5,2.9,84.4,2025-02-13,Delhi
1601,tofu,fresh,fresh,12.42,175.37,183.8,7.24,22.57,24.57,0.0147,0.75,91.3,4.1,74.6,2025-04-02,Mumbai
1602,salmon,spoiled,moderate,0.0,41.51,41.47,11.0,15.38,21.91,0.3067,0.553,44.1,5.0,61.9,2025-07-16,Chennai
1603,yogurt,moderate,fresh,20.01,43.17,118.74,10.81,28.05,21.48,0.0,0.972,78.5,5.6,61.4,2025-11-23,Chennai
1604,salmon,moderate,fresh,35.27,73.8,139.06,8.98,25.55,27.68,0.0136,0.84,73.7,5.8,94.3,2025-04-03,Chennai
1605,cherry,moderate,fresh,12.73,73.0,134.62,14.8,22.41,31.12,0.0124,0.441,86.4,2.6,78.8,2025-09-11,Hyderabad
1606,grape,fresh,fresh,46.04,148.05,174.04,6.62,19.8,15.78,0.0,0.692,92.2,2.7,83.0,2025-01-10,Bangalore
1607,oats,moderate,fresh,24.24,127.42,114.72,9.52,19.9,26.12,0.0,0.303,76.0,7.4,83.7,2025-08-16,Delhi
1608,garlic,moderate,fresh,27.64,91.59,124.58,9.41,26.51,24.91,0.0091,0.963,76.9,2.3,78.6,2025-11-25,Mumbai
1609,bread,spoiled,moderate,23.15,38.22,92.47,11.35,15.58,24.56,0.0477,0.36,64.8,6.5,88.8,2025-10-11,Pune
1610,tomato,moderate,fresh,9.68,156.1,142.14,0.32,23.91,20.41,0.0117,0.824,84.1,8.0,64.6,2025-07-06,Mumbai
1611,cucumber,moderate,fresh,24.48,97.03,121.38,10.45,23.22,28.82,0.0169,0.427,81.4,7.9,64.8,2025-07-03,Pune
1612,cream,fresh,fresh,29.09,142.35,161.5,8.54,20.56,21.17,0.0,0.6,80.1,4.7,67.6,2025-07-17,Bangalore
1613,grape,fresh,fresh,21.78,117.98,192.51,10.97,16.92,24.77,0.0,0.137,92.0,4.4,75.2,2025-01-12,Chennai
1614,lemon,moderate,fresh,27.84,89.82,120.06,7.23,27.96,22.67,0.0,0.67,85.9,3.6,60.3,2025-09-19,Chennai
1615,apple,spoiled,moderate,15.76,69.84,42.93,4.95,19.95,25.88,0.2891,0.99,51.0,2.4,85.9,2025-11-01,Mumbai
1616,garlic,fresh,fresh,33.88,143.96,230.61,7.54,19.31,17.61,0.0,0.72,93.3,6.6,76.1,2025-06-19,Bangalore
1617,tofu,moderate,fresh,26.24,105.37,160.09,7.02,24.26,26.34,0.0,0.684,79.5,3.1,73.7,2025-01-20,Pune
1618,cream,fresh,fresh,34.7,150.13,190.85,6.38,24.67,22.98,0.0187,0.414,82.9,6.9,77.3,2025-05-22,Delhi
1619,carrot,moderate,fresh,13.28,88.5,119.06,6.36,16.15,19.01,0.0036,0.223,87.2,3.9,86.2,2025-10-10,Pune
1620,spinach,spoiled,moderate,24.55,34.01,75.18,7.87,16.78,18.16,0.1077,0.602,58.6,5.8,64.2,2025-09-20,Bangalore
1621,onion,moderate,fresh,21.75,95.94,132.58,10.05,22.75,24.1,0.0,0.855,81.5,3.7,71.6,2025-07-06,Kolkata
1622,peach,moderate,fresh,25.02,55.62,118.44,10.78,21.17,28.47,0.0,0.544,80.5,5.0,71.0,2025-07-13,Chennai
1623,tomato,spoiled,fresh,19.62,21.32,87.15,5.71,16.26,18.51,0.0767,0.856,66.5,3.9,74.8,2025-08-01,Delhi
1624,zucchini,spoiled,moderate,29.23,41.09,53.72,7.67,10.62,20.56,0.2283,0.929,47.6,2.1,66.9,2025-02-12,Hyderabad
1625,garlic,fresh,fresh,34.58,163.02,177.64,5.69,17.95,23.46,0.0,0.104,86.5,4.6,83.8,2025-11-03,Bangalore
1626,cheese,moderate,fresh,20.15,93.59,103.11,10.67,23.63,28.14,0.0,0.574,75.6,5.4,73.1,2025-03-09,Delhi
1627,watermelon,fresh,fresh,36.19,140.09,177.47,6.9,15.74,17.43,0.0,0.61,88.6,2.3,73.1,2025-05-24,Pune
1628,garlic,fresh,fresh,31.59,156.51,182.97,7.4,22.8,20.19,0.0,0.945,91.4,7.5,80.4,2025-06-24,Bangalore
1629,pineapple,moderate,moderate,32.03,45.66,31.94,10.57,20.73,24.36,0.3506,0.939,46.7,5.8,78.6,2025-07-24,Delhi
1630,lentils,fresh,fresh,27.58,181.75,188.0,8.33,22.51,21.11,0.0,0.897,85.9,5.3,66.8,2025-06-23,Hyderabad
1631,cheese,fresh,fresh,26.34,171.43,157.8,8.65,15.36,20.61,0.0,0.592,90.2,2.0,84.0,2025-01-25,Mumbai
1632,tomato,spoiled,moderate,13.16,65.15,28.7,4.8,17.47,21.01,0.3704,0.821,45.7,2.5,69.3,2025-01-26,Pune
1633,mango,moderate,fresh,26.8,66.1,115.23,12.49,24.85,26.13,0.0041,0.489,72.5,3.5,66.6,2025-03-23,Pune
1634,salmon,moderate,fresh,23.85,60.42,153.35,11.01,31.92,21.95,0.0073,0.289,76.0,8.0,74.2,2025-05-02,Mumbai
1635,egg,spoiled,moderate,28.23,15.33,73.15,11.95,8.78,19.39,0.1448,0.834,58.1,7.6,91.4,2025-08-13,Hyderabad
1636,beef,moderate,fresh,19.37,72.45,139.63,12.24,24.6,25.62,0.0,0.927,76.3,5.7,84.8,2025-04-24,Hyderabad
1637,bell_pepper,moderate,fresh,26.14,90.05,102.77,12.22,25.89,26.18,0.0,0.264,71.1,5.5,68.8,2025-01-03,Bangalore
1638,tuna,fresh,fresh,23.55,140.82,176.48,4.93,14.94,18.2,0.0,0.351,91.3,2.8,93.7,2025-08-22,Chennai
1639,salmon,moderate,fresh,30.23,73.67,104.53,8.37,23.63,23.94,0.0043,0.82,71.9,4.9,88.7,2025-02-11,Kolkata
1640,broccoli,moderate,fresh,66.66,101.09,95.37,12.34,17.0,11.33,0.0187,0.923,70.6,4.7,75.3,2025-12-20,Hyderabad
1641,watermelon,fresh,fresh,21.15,176.69,169.06,5.5,18.71,19.28,0.0,0.103,96.0,7.0,87.6,2025-04-07,Pune
1642,blueberry,fresh,fresh,32.15,155.02,163.44,9.37,18.08,19.53,0.0197,0.752,91.1,2.9,64.5,2025-08-15,Bangalore
1643,kiwi,fresh,fresh,35.49,137.16,168.61,9.18,17.43,18.85,0.0155,0.556,79.5,7.8,93.4,2025-07-10,Pune
1644,milk,fresh,fresh,12.78,20.27,246.05,5.95,6.59,6.78,0.0,0.603,90.3,2.3,73.2,2025-01-11,Hyderabad
1645,cucumber,fresh,fresh,30.92,149.4,186.43,8.23,21.14,19.07,0.0,0.667,88.5,2.5,88.8,2025-11-16,Kolkata
1646,lentils,fresh,fresh,30.47,125.44,173.6,10.78,20.96,19.94,0.0159,0.343,78.9,6.1,90.4,2025-08-26,Kolkata
1647,garlic,fresh,fresh,45.17,122.78,157.81,11.43,20.14,19.27,0.0,0.434,83.4,7.6,89.5,2025-07-27,Mumbai
1648,apple,moderate,fresh,12.0,131.19,170.89,2.81,24.58,18.99,0.0,0.824,82.0,6.0,72.5,2025-07-26,Delhi
1649,peas,moderate,fresh,27.56,62.02,161.3,11.83,23.91,24.35,0.0,0.384,77.8,4.9,80.5,2025-02-17,Mumbai
1650,beef,moderate,fresh,23.64,70.54,118.91,9.46,29.84,27.84,0.0,0.617,79.6,5.3,69.7,2025-10-26,Chennai
1651,carrot,moderate,fresh,24.67,117.4,117.65,4.92,22.91,16.23,0.0,0.63,84.4,5.7,71.0,2025-06-01,Kolkata
1652,spinach,moderate,fresh,31.37,148.07,156.55,12.83,25.66,27.9,0.0,0.841,90.8,6.7,75.3,2025-04-05,Mumbai
1653,almond,fresh,fresh,24.26,165.92,193.09,8.58,23.95,18.38,0.0157,0.191,91.4,2.6,85.2,2025-10-23,Hyderabad
1654,rice,fresh,fresh,28.5,151.91,159.41,8.45,14.84,23.14,0.0,0.654,92.3,5.4,71.9,2025-05-01,Chennai
1655,tofu,fresh,fresh,30.37,139.58,163.31,7.53,22.06,21.64,0.0,0.729,89.0,7.5,65.7,2025-04-27,Hyderabad
1656,butter,moderate,fresh,17.94,68.85,146.42,8.56,25.18,25.37,0.0,0.255,77.4,7.3,82.3,2025-06-13,Pune
1657,cauliflower,moderate,fresh,28.12,111.46,98.43,6.18,23.3,30.4,0.0,0.562,81.8,5.0,64.9,2025-03-07,Bangalore
1658,butter,moderate,fresh,45.22,135.78,125.18,6.44,17.97,23.16,0.0,0.692,85.2,7.8,70.2,2025-07-17,Chennai
1659,potato,moderate,fresh,23.02,122.52,151.7,10.45,22.33,22.12,0.0,0.751,91.9,5.5,73.0,2025-05-15,Pune
1660,chicken,moderate,fresh,27.54,107.43,139.8,7.93,26.95,26.28,0.0187,0.452,89.8,6.5,71.4,2025-07-22,Bangalore
1661,tuna,fresh,fresh,21.43,134.31,193.77,7.53,24.77,21.5,0.0,0.895,92.5,5.2,94.0,2025-10-28,Bangalore
1662,blueberry,fresh,fresh,26.11,149.8,181.27,6.54,17.26,22.1,0.0,0.589,92.9,5.4,64.9,2025-02-13,Bangalore
1663,lemon,fresh,fresh,36.76,162.08,210.31,6.92,25.02,17.3,0.0,0.387,89.7,4.7,77.7,2025-05-11,Bangalore
1664,pasta,spoiled,moderate,9.87,8.6,61.08,8.99,16.58,20.73,0.1875,0.776,61.9,4.2,77.3,2025-02-06,Delhi
1665,milk,fresh,fresh,4.04,8.04,236.29,1.45,2.06,7.69,0.0,0.571,76.1,4.0,87.5,2025-07-26,Hyderabad
1666,lemon,fresh,fresh,41.47,153.83,193.24,5.0,23.58,23.9,0.0,0.444,82.1,3.5,63.7,2025-03-09,Kolkata
1667,lettuce,fresh,fresh,14.01,135.89,189.92,9.29,17.96,19.08,0.0035,0.525,92.2,3.8,65.0,2025-04-07,Hyderabad
1668,peas,spoiled,fresh,14.03,36.66,93.94,8.46,18.0,17.65,0.011,0.798,80.1,7.0,88.7,2025-01-24,Chennai
1669,zucchini,fresh,fresh,23.22,166.37,198.44,9.7,16.05,18.6,0.0,0.894,86.3,3.8,92.8,2025-03-07,Hyderabad
1670,rice,fresh,fresh,36.58,150.83,158.53,8.92,17.86,25.38,0.0119,0.4,81.1,2.3,81.4,2025-09-08,Chennai
1671,salmon,moderate,fresh,40.45,105.1,164.03,10.13,27.3,29.43,0.0,0.342,80.5,5.5,80.4,2025-07-21,Chennai
1672,salmon,fresh,fresh,31.96,144.9,145.91,7.83,22.47,22.84,0.0138,0.839,84.7,5.5,77.0,2025-05-11,Mumbai
1673,egg,fresh,fresh,34.03,139.17,140.46,7.01,19.09,19.06,0.0,0.343,79.6,2.1,71.1,2025-01-15,Mumbai
1674,onion,moderate,fresh,31.19,139.64,133.09,9.57,24.22,25.37,0.0077,0.369,81.7,5.1,94.4,2025-10-11,Bangalore
1675,bread,moderate,fresh,16.72,93.0,141.27,10.42,26.37,26.3,0.0,0.117,77.1,4.0,89.0,2025-09-02,Mumbai
1676,pasta,spoiled,moderate,2.28,44.55,56.58,7.81,11.69,21.3,0.2258,0.326,46.7,2.9,90.5,2025-01-26,Mumbai
1677,orange,fresh,fresh,28.22,116.36,189.56,5.12,20.42,20.72,0.019,0.226,87.2,5.1,81.4,2025-01-15,Mumbai
1678,lettuce,fresh,fresh,37.08,185.63,152.71,7.9,19.17,21.3,0.0025,0.496,83.5,4.8,70.0,2025-07-15,Delhi
1679,tuna,fresh,fresh,31.73,142.95,171.18,5.77,22.96,21.38,0.0063,0.16,94.0,7.4,85.8,2025-11-17,Pune
1680,peach,fresh,fresh,37.34,143.79,166.86,5.84,21.08,16.88,0.0102,0.216,86.6,5.6,87.5,2025-09-28,Bangalore
1681,tofu,fresh,fresh,44.79,123.85,185.47,11.13,21.8,20.53,0.0,0.478,93.8,3.5,86.8,2025-03-14,Chennai
1682,almond,moderate,fresh,15.32,55.46,149.25,13.01,23.68,21.58,0.0,0.66,83.5,3.7,76.1,2025-08-10,Hyderabad
1683,kiwi,fresh,fresh,10.33,130.38,177.73,11.2,22.02,20.92,0.0,0.102,94.3,4.4,89.5,2025-04-22,Pune
1684,oats,fresh,fresh,26.8,138.34,208.11,8.4,13.69,17.98,0.0125,0.931,82.9,6.8,63.2,2025-09-17,Mumbai
1685,spinach,moderate,fresh,16.42,76.34,144.07,9.79,24.77,28.94,0.0129,0.84,87.0,5.4,74.5,2025-09-19,Kolkata
1686,banana,spoiled,fresh,10.12,67.96,66.57,7.18,14.16,20.37,0.1566,0.514,67.7,2.9,82.9,2025-02-15,Hyderabad
1687,yogurt,spoiled,moderate,24.45,41.51,54.94,7.75,22.51,18.55,0.2114,0.254,46.2,4.8,89.0,2025-01-02,Pune
1688,walnut,spoiled,moderate,26.99,10.89,64.41,9.75,16.42,11.83,0.1689,0.82,53.5,5.3,82.3,2025-01-22,Hyderabad
1689,broccoli,moderate,fresh,46.66,57.01,84.87,7.93,17.43,14.18,0.0789,0.733,76.7,2.4,87.7,2025-07-16,Delhi
1690,cucumber,fresh,fresh,21.58,140.49,156.13,4.33,23.05,16.11,0.0196,0.891,85.9,5.3,81.9,2025-01-27,Bangalore
1691,almond,fresh,fresh,28.57,165.06,167.7,6.35,20.68,23.35,0.0,0.158,88.1,5.0,62.0,2025-10-10,Delhi
1692,yogurt,spoiled,moderate,8.31,32.75,35.35,9.21,15.1,17.44,0.3283,0.251,48.0,7.0,67.4,2025-05-18,Hyderabad
1693,zucchini,fresh,fresh,26.34,121.84,181.54,10.11,16.71,18.13,0.0144,0.964,86.8,6.1,74.0,2025-03-08,Hyderabad
1694,corn,moderate,fresh,30.03,120.3,92.67,9.66,25.85,24.69,0.0541,0.808,71.3,5.6,82.1,2025-06-24,Chennai
1695,egg,spoiled,fresh,0.0,42.52,100.39,10.23,11.91,18.46,0.0,0.61,76.1,6.7,78.3,2025-07-28,Pune
1696,walnut,fresh,fresh,44.16,168.2,192.8,8.71,18.02,19.4,0.0126,0.124,94.3,7.0,60.2,2025-07-13,Pune
1697,walnut,moderate,fresh,24.22,103.74,167.72,12.24,20.74,25.67,0.0149,0.142,85.8,5.5,67.7,2025-03-19,Hyderabad
1698,blueberry,fresh,fresh,35.89,162.38,167.42,13.83,16.17,16.75,0.0,0.347,89.4,6.2,83.2,2025-07-22,Delhi
1699,salmon,spoiled,moderate,22.34,66.75,53.28,9.47,18.23,19.95,0.2233,0.385,61.2,4.5,71.5,2025-09-20,Bangalore
1700,butter,moderate,fresh,21.65,104.14,136.81,12.06,28.87,25.92,0.0199,0.272,87.7,4.1,75.6,2025-08-15,Mumbai
1701,almond,fresh,fresh,32.33,154.28,189.78,8.11,20.0,23.59,0.0122,0.909,83.7,3.3,71.3,2025-06-21,Chennai
1702,oats,moderate,fresh,40.16,52.31,130.25,8.62,24.07,26.21,0.007,0.129,75.4,2.8,63.3,2025-08-20,Hyderabad
1703,oats,spoiled,moderate,26.69,33.32,31.73,8.07,17.69,11.78,0.3323,0.84,37.7,3.6,70.9,2025-09-18,Mumbai
1704,mango,spoiled,fresh,31.87,42.82,96.32,9.6,8.82,21.29,0.0107,0.535,70.6,2.3,92.2,2025-02-25,Mumbai
1705,avocado,spoiled,moderate,32.75,48.87,56.75,10.17,13.4,17.54,0.2303,0.279,59.7,5.2,75.5,2025-06-21,Kolkata
1706,corn,moderate,fresh,34.55,60.06,107.65,7.79,20.53,25.44,0.0041,0.769,81.4,5.5,75.3,2025-08-20,Bangalore
1707,cream,fresh,fresh,39.29,146.3,149.89,9.68,25.06,18.06,0.0,0.976,91.5,6.8,82.0,2025-06-14,Hyderabad
1708,spinach,fresh,fresh,26.17,160.31,212.44,6.96,16.0,21.89,0.003,0.364,98.7,7.5,94.6,2025-07-24,Kolkata
1709,mushroom,spoiled,moderate,27.99,35.09,58.84,11.99,16.58,17.69,0.1885,0.296,60.2,2.8,71.2,2025-04-25,Bangalore
1710,yogurt,moderate,fresh,25.49,56.21,147.15,9.48,23.69,24.9,0.0,0.95,85.7,4.2,84.7,2025-03-20,Pune
1711,pasta,fresh,fresh,30.32,167.9,191.82,7.69,22.29,21.2,0.0,0.454,88.9,5.4,86.0,2025-12-02,Mumbai
1712,chicken,moderate,fresh,20.73,86.88,126.29,11.01,23.9,23.83,0.0,0.735,77.3,3.8,65.7,2025-04-08,Mumbai
1713,lettuce,fresh,fresh,45.75,168.79,164.79,9.14,20.36,21.17,0.0095,0.162,93.5,4.1,85.9,2025-09-08,Hyderabad
1714,mushroom,moderate,fresh,26.37,119.74,138.64,9.88,28.13,25.7,0.0,0.287,75.3,3.7,73.5,2025-08-23,Delhi
1715,potato,fresh,fresh,30.97,156.28,178.13,8.02,18.24,17.75,0.0097,0.615,82.1,5.3,82.8,2025-11-16,Delhi
1716,almond,spoiled,moderate,10.01,14.12,52.41,9.65,15.31,19.19,0.2226,0.157,57.8,2.0,60.5,2025-03-06,Chennai
1717,yogurt,moderate,fresh,1.44,129.36,157.16,10.89,30.72,22.07,0.0021,0.681,83.4,7.7,91.2,2025-02-08,Kolkata
1718,walnut,fresh,fresh,45.1,130.7,184.77,5.45,20.04,21.16,0.0,0.729,83.6,2.4,80.7,2025-09-07,Pune
1719,cheese,moderate,fresh,23.45,107.85,132.48,8.96,23.3,27.43,0.0094,0.216,78.3,6.9,90.1,2025-09-13,Delhi
1720,pasta,moderate,fresh,18.46,112.89,160.57,6.66,28.4,31.18,0.0,0.941,80.1,6.9,74.9,2025-11-12,Pune
1721,banana,moderate,fresh,26.51,141.98,190.74,5.45,20.55,16.06,0.0,0.837,90.6,2.7,91.2,2025-07-13,Bangalore
1722,cauliflower,fresh,fresh,31.11,159.96,190.32,10.13,17.68,18.4,0.0196,0.472,93.3,7.7,60.1,2025-06-24,Bangalore
1723,tomato,fresh,fresh,6.79,197.75,183.0,1.87,12.53,19.87,0.0169,0.221,96.0,7.1,64.5,2025-11-23,Mumbai
1724,broccoli,moderate,moderate,39.72,57.45,73.24,6.0,18.05,12.1,0.1167,0.99,64.1,6.4,94.0,2025-09-08,Bangalore
1725,cheese,fresh,fresh,34.94,136.53,197.76,10.8,22.34,19.35,0.0,0.878,92.4,5.7,71.5,2025-11-10,Delhi
1726,corn,fresh,fresh,31.13,119.5,177.32,6.28,22.08,27.72,0.0047,0.29,82.6,6.7,72.3,2025-08-10,Kolkata
1727,corn,spoiled,moderate,25.0,5.13,62.78,10.24,15.26,17.81,0.1784,0.882,54.3,4.3,61.8,2025-09-13,Mumbai
1728,cheese,moderate,fresh,27.45,58.94,106.38,11.29,21.95,26.61,0.0,0.626,74.9,6.5,85.7,2025-11-13,Hyderabad
1729,bread,fresh,fresh,19.04,185.3,164.51,7.55,20.99,18.3,0.0,0.264,90.1,6.1,73.1,2025-05-26,Chennai
1730,lettuce,moderate,fresh,26.43,104.38,154.02,11.58,24.48,24.56,0.0171,0.972,75.6,7.5,79.2,2025-01-06,Pune
1731,bell_pepper,fresh,fresh,48.79,169.0,161.56,8.2,18.99,19.59,0.0192,0.849,91.3,6.7,69.5,2025-05-22,Delhi
1732,egg,fresh,fresh,20.16,141.76,216.23,9.16,12.53,23.65,0.0013,0.582,84.5,5.4,70.5,2025-04-08,Chennai
1733,carrot,spoiled,fresh,32.63,39.61,94.35,5.28,13.59,24.5,0.0375,0.726,68.9,4.2,76.9,2025-10-27,Mumbai
1734,blueberry,fresh,fresh,27.83,112.61,178.73,7.84,23.6,20.04,0.0079,0.63,79.5,5.2,76.3,2025-06-07,Chennai
1735,lemon,spoiled,moderate,15.78,50.68,72.42,8.5,18.46,20.58,0.1185,0.39,54.8,3.5,77.3,2025-07-14,Chennai
1736,yogurt,fresh,fresh,30.02,153.56,158.59,6.94,20.01,19.42,0.0122,0.552,89.6,2.4,85.3,2025-09-16,Mumbai
1737,orange,fresh,fresh,40.18,154.35,197.1,8.02,23.17,21.19,0.0,0.944,90.9,3.5,75.2,2025-09-14,Mumbai
1738,bread,fresh,fresh,30.11,149.73,160.91,9.01,19.88,18.49,0.0,0.594,91.2,5.3,63.4,2025-10-22,Bangalore
1739,bread,fresh,fresh,38.85,125.0,171.55,10.06,20.95,19.86,0.0,0.785,84.6,7.0,74.2,2025-09-21,Kolkata
1740,apple,fresh,fresh,5.75,183.59,177.25,2.3,24.85,13.02,0.0031,0.278,88.5,7.5,85.3,2025-06-09,Mumbai
1741,lentils,moderate,fresh,21.82,76.46,127.82,8.83,26.46,25.59,0.0,0.266,71.7,2.3,93.6,2025-07-28,Delhi
1742,rice,moderate,fresh,32.74,63.73,121.49,9.55,26.37,22.62,0.0078,0.708,75.6,7.5,64.8,2025-05-24,Chennai
1743,mango,fresh,fresh,37.33,173.73,160.22,7.02,18.4,27.9,0.0,0.532,82.2,2.6,62.6,2025-06-24,Hyderabad
1744,chicken,fresh,fresh,26.56,183.55,154.67,6.02,17.94,17.46,0.0144,0.482,81.5,3.5,89.7,2025-09-05,Mumbai
1745,lemon,spoiled,moderate,17.32,24.37,53.61,12.32,18.67,22.85,0.2132,0.388,48.5,7.2,80.5,2025-03-22,Mumbai
1746,grape,fresh,fresh,34.19,151.85,170.06,6.09,21.09,16.48,0.0,0.965,81.5,6.4,86.5,2025-02-04,Kolkata
1747,kiwi,fresh,fresh,22.05,173.06,218.01,8.79,23.32,19.26,0.0,0.191,89.2,3.4,66.1,2025-03-17,Bangalore
1748,pineapple,moderate,fresh,11.62,105.3,144.23,10.14,24.27,27.89,0.0093,0.329,77.0,7.0,74.4,2025-05-11,Mumbai
1749,kiwi,fresh,fresh,22.11,134.52,159.84,8.17,16.74,17.95,0.0,0.824,85.5,5.7,75.0,2025-01-06,Delhi
1750,beef,fresh,fresh,24.35,144.79,150.25,8.17,23.74,20.41,0.0,0.771,84.2,6.4,80.4,2025-06-08,Bangalore
1751,walnut,fresh,fresh,42.33,176.68,195.55,8.15,20.07,22.29,0.005,0.88,93.5,3.5,83.2,2025-09-21,Pune
1752,garlic,fresh,fresh,26.87,112.35,189.84,5.74,17.11,20.0,0.0,0.464,86.0,6.6,71.7,2025-03-13,Bangalore
1753,garlic,moderate,fresh,24.05,54.7,134.14,11.93,21.61,28.82,0.0,0.539,79.7,7.4,93.6,2025-06-26,Mumbai
1754,bread,fresh,fresh,17.52,192.35,171.77,8.29,14.32,19.81,0.0,0.37,91.7,3.6,87.4,2025-06-08,Mumbai
1755,corn,moderate,fresh,27.28,87.85,115.92,8.11,28.39,25.09,0.0,0.89,82.4,6.7,93.2,2025-07-14,Pune
1756,cucumber,moderate,fresh,40.41,76.84,119.13,11.63,20.13,21.36,0.0024,0.729,76.3,6.2,74.3,2025-11-25,Hyderabad
1757,egg,spoiled,moderate,30.97,17.42,33.62,13.74,10.82,20.55,0.3181,0.282,46.1,7.5,86.4,2025-07-16,Hyderabad
1758,blueberry,fresh,fresh,30.55,93.79,174.65,8.9,21.06,22.71,0.0,0.677,81.6,7.2,84.4,2025-07-07,Pune
1759,bread,fresh,fresh,26.9,164.25,166.21,5.18,16.11,15.61,0.0,0.946,83.3,3.7,79.2,2025-09-24,Bangalore
1760,tomato,moderate,fresh,12.04,99.71,135.48,3.47,19.69,24.09,0.0114,0.454,73.9,5.2,70.4,2025-08-19,Pune
1761,tomato,moderate,fresh,6.25,142.23,130.75,3.7,26.9,15.68,0.0104,0.809,87.7,2.5,63.4,2025-04-22,Hyderabad
1762,orange,fresh,fresh,40.31,163.13,170.41,11.26,14.46,18.43,0.0006,0.277,94.3,4.8,61.0,2025-01-16,Kolkata
1763,kiwi,fresh,fresh,20.33,158.24,157.74,8.87,19.44,18.56,0.0,0.249,84.8,7.0,60.1,2025-02-09,Hyderabad
1764,tuna,fresh,fresh,33.11,144.63,158.23,13.6,18.54,13.35,0.0022,0.74,85.6,5.3,64.9,2025-12-09,Hyderabad
1765,kiwi,fresh,fresh,23.26,124.65,196.52,8.64,21.2,18.89,0.0192,0.458,95.4,3.2,86.9,2025-08-13,Mumbai
1766,cucumber,moderate,fresh,22.21,80.73,127.97,11.67,26.01,26.5,0.0099,0.992,85.2,5.8,73.6,2025-12-10,Delhi
1767,walnut,fresh,fresh,34.0,167.69,185.76,8.72,23.57,18.0,0.0,0.198,96.1,2.8,92.6,2025-10-21,Delhi
1768,apple,fresh,fresh,2.43,156.28,202.74,0.71,21.39,14.67,0.0,0.862,95.2,2.5,83.4,2025-03-21,Bangalore
1769,tofu,spoiled,moderate,31.35,24.92,65.93,12.24,19.15,17.96,0.173,0.18,61.5,4.5,94.6,2025-01-14,Pune
1770,egg,fresh,fresh,31.45,155.89,187.47,7.47,23.84,14.33,0.004,0.13,86.1,7.7,63.8,2025-06-26,Kolkata
1771,chicken,fresh,fresh,26.63,158.96,189.14,10.71,23.59,19.14,0.0087,0.611,87.6,3.6,80.5,2025-02-07,Mumbai
1772,avocado,fresh,fresh,40.4,135.72,198.62,11.62,23.64,20.32,0.0,0.699,84.9,7.0,83.0,2025-04-22,Delhi
1773,cream,moderate,fresh,21.68,51.79,137.76,7.77,22.62,21.43,0.013,0.591,75.4,6.1,63.1,2025-01-03,Kolkata
1774,mushroom,fresh,fresh,26.32,149.44,185.47,6.8,23.21,19.38,0.0,0.326,83.8,5.3,63.6,2025-01-10,Hyderabad
1775,rice,moderate,fresh,17.12,95.66,179.09,10.67,23.91,20.42,0.0,0.122,87.3,7.1,83.0,2025-03-02,Mumbai
1776,butter,moderate,fresh,22.81,95.87,120.31,6.67,22.45,29.36,0.0141,0.933,86.2,4.4,79.1,2025-01-24,Chennai
1777,tuna,moderate,fresh,39.34,67.83,146.82,7.64,29.21,25.74,0.0,0.959,76.4,6.6,69.0,2025-12-11,Delhi
1778,egg,fresh,fresh,37.6,115.7,193.55,7.98,22.56,22.74,0.0,0.387,81.5,2.4,62.1,2025-08-19,Pune
1779,mango,fresh,fresh,30.53,137.98,195.59,7.88,17.38,17.24,0.0037,0.285,95.5,5.3,62.1,2025-06-26,Bangalore
1780,mango,spoiled,fresh,5.23,27.35,92.05,10.36,13.41,22.41,0.0514,0.204,76.8,7.3,87.4,2025-02-19,Pune
1781,lettuce,spoiled,moderate,11.68,36.43,66.41,11.56,10.27,17.45,0.1878,0.373,64.0,4.8,90.4,2025-03-17,Hyderabad
1782,rice,fresh,fresh,16.89,144.81,204.23,6.99,18.47,22.62,0.0,0.58,83.0,7.1,70.5,2025-03-16,Pune
1783,watermelon,moderate,fresh,35.69,87.79,147.12,7.85,29.13,31.45,0.0188,0.529,83.4,5.1,77.2,2025-05-28,Bangalore
1784,cherry,moderate,fresh,30.21,37.89,116.04,11.23,23.74,28.82,0.0115,0.172,72.2,7.5,77.5,2025-10-04,Pune
1785,potato,fresh,fresh,34.71,135.87,180.65,6.21,19.45,18.34,0.0,0.325,88.4,2.9,72.2,2025-01-03,Pune
1786,tomato,fresh,fresh,5.35,231.74,158.53,1.85,14.26,10.44,0.0,0.47,88.4,6.0,93.8,2025-03-13,Chennai
1787,peas,fresh,fresh,30.37,164.98,209.88,8.4,19.42,14.06,0.0,0.999,96.2,3.1,83.0,2025-12-10,Chennai
1788,apple,fresh,fresh,5.08,181.43,209.58,1.58,18.69,10.57,0.0,0.828,89.9,7.6,76.3,2025-09-20,Pune
1789,tuna,fresh,fresh,11.67,127.83,148.59,8.67,18.45,18.39,0.0164,0.483,84.6,5.6,77.7,2025-10-08,Chennai
1790,banana,fresh,fresh,26.06,161.51,235.08,2.0,13.76,5.64,0.0051,0.757,94.4,4.6,72.2,2025-11-13,Mumbai
1791,garlic,fresh,fresh,37.78,152.87,163.47,7.22,25.03,19.78,0.0155,0.867,86.9,3.1,82.3,2025-02-15,Mumbai
1792,potato,fresh,fresh,28.55,131.17,142.11,7.68,20.98,23.3,0.0,0.43,88.0,3.6,90.6,2025-08-01,Pune
1793,strawberry,fresh,fresh,0.0,193.12,148.39,1.99,14.56,19.63,0.0062,0.347,93.7,7.0,60.2,2025-07-17,Pune
1794,peas,spoiled,moderate,24.08,21.45,88.68,10.87,14.04,24.8,0.0681,0.561,64.9,6.7,63.6,2025-01-01,Pune
1795,peas,fresh,fresh,42.45,168.66,119.63,11.16,22.38,26.02,0.0069,0.989,85.9,6.8,63.5,2025-03-18,Mumbai
1796,apple,fresh,fresh,8.71,211.57,213.18,5.7,25.98,15.65,0.0001,0.2,88.9,4.1,87.7,2025-03-05,Mumbai
1797,blueberry,moderate,fresh,9.28,82.31,139.75,10.15,21.26,20.11,0.0022,0.356,75.7,5.2,76.5,2025-03-17,Mumbai
1798,onion,spoiled,fresh,12.59,47.12,101.61,11.83,18.17,19.76,0.0,0.101,77.2,2.6,85.4,2025-09-09,Bangalore
1799,salmon,moderate,fresh,7.58,78.62,123.53,9.01,25.16,26.32,0.0156,0.192,75.0,2.7,68.6,2025-11-01,Kolkata
1800,olive_oil,fresh,fresh,36.82,144.44,141.92,7.03,20.13,23.67,0.0112,0.499,81.7,2.9,86.8,2025-09-19,Mumbai
1801,apple,moderate,fresh,15.16,132.81,165.8,5.09,27.79,18.02,0.0,0.73,84.8,6.0,93.5,2025-09-02,Hyderabad
1802,walnut,fresh,fresh,25.4,149.76,167.2,9.02,17.86,20.68,0.0,0.586,82.8,7.1,60.8,2025-05-04,Hyderabad
1803,spinach,spoiled,moderate,19.0,38.22,60.81,9.32,15.29,20.61,0.1892,0.371,59.7,5.7,90.5,2025-03-26,Kolkata
1804,yogurt,moderate,fresh,24.96,132.63,105.23,9.87,20.28,26.12,0.0062,0.359,74.6,5.3,88.0,2025-05-24,Pune
1805,lemon,moderate,fresh,13.85,83.04,120.7,10.56,23.34,23.21,0.0057,0.707,74.2,7.6,67.8,2025-07-08,Kolkata
1806,onion,fresh,fresh,41.49,155.69,168.78,7.5,24.94,19.29,0.0057,0.971,94.0,6.0,68.0,2025-09-19,Kolkata
1807,pineapple,moderate,fresh,18.11,72.88,116.27,8.81,21.16,21.63,0.013,0.659,72.0,7.4,75.6,2025-04-27,Pune
1808,corn,moderate,fresh,16.71,104.79,120.47,9.59,28.81,28.89,0.0126,0.597,72.8,7.7,92.0,2025-06-19,Hyderabad
1809,lettuce,moderate,fresh,22.18,74.23,108.39,11.39,24.39,23.84,0.0104,0.268,70.2,7.4,60.0,2025-07-20,Bangalore
1810,chicken,moderate,fresh,16.86,70.76,138.0,7.37,27.98,23.4,0.0,0.238,83.0,5.6,79.0,2025-01-13,Chennai
1811,chickpeas,fresh,fresh,28.8,123.26,179.75,7.34,19.85,24.42,0.0,0.31,83.7,6.5,73.0,2025-01-03,Bangalore
1812,cucumber,fresh,fresh,31.42,134.11,165.77,9.19,23.9,20.85,0.0171,0.476,84.5,5.4,70.5,2025-09-02,Mumbai
1813,onion,fresh,fresh,35.51,162.19,208.38,4.1,22.0,22.95,0.0,0.531,83.2,4.4,81.5,2025-11-20,Kolkata
1814,corn,fresh,fresh,19.29,132.29,162.98,6.54,18.55,20.73,0.011,0.549,82.4,7.5,71.3,2025-01-18,Delhi
1815,oats,fresh,fresh,36.93,171.63,163.24,6.31,23.95,21.94,0.016,0.257,91.8,3.8,60.2,2025-01-09,Chennai
1816,cauliflower,moderate,fresh,25.83,101.83,129.25,11.05,23.99,25.81,0.0088,0.408,78.1,7.7,73.9,2025-02-11,Hyderabad
1817,bell_pepper,fresh,fresh,17.92,136.24,166.46,7.25,17.22,18.4,0.0183,0.935,82.6,4.3,89.2,2025-10-26,Bangalore
1818,apple,fresh,fresh,0.46,190.97,198.76,0.41,17.5,16.01,0.0,0.315,86.5,6.6,67.8,2025-03-20,Kolkata
1819,bell_pepper,moderate,fresh,19.57,72.58,128.14,10.69,20.69,26.65,0.0,0.3,76.0,2.5,82.4,2025-03-17,Bangalore
1820,avocado,fresh,fresh,23.6,149.64,179.29,6.95,16.93,19.14,0.0131,0.645,80.2,4.4,91.7,2025-12-20,Hyderabad
1821,orange,fresh,fresh,43.0,122.77,213.85,7.48,20.11,16.74,0.0,0.241,82.6,2.8,64.6,2025-05-03,Bangalore
1822,cauliflower,fresh,fresh,23.83,139.94,159.09,7.58,18.78,25.55,0.0162,0.423,90.0,3.4,66.2,2025-07-13,Hyderabad
1823,kiwi,fresh,fresh,20.67,152.05,184.96,5.86,22.06,18.81,0.0,0.299,96.3,2.8,72.4,2025-01-07,Chennai
1824,avocado,moderate,fresh,0.08,106.5,102.08,7.9,27.06,23.96,0.0,0.802,79.3,6.9,60.3,2025-03-02,Bangalore
1825,mango,moderate,fresh,34.18,120.25,113.88,11.59,22.73,31.7,0.0031,0.679,73.8,3.3,81.7,2025-08-20,Bangalore
1826,orange,moderate,fresh,18.07,115.65,151.09,10.63,22.99,24.55,0.0058,0.265,75.7,5.5,72.0,2025-02-13,Mumbai
1827,pear,moderate,fresh,3.46,95.61,138.74,10.27,16.08,21.2,0.0087,0.353,79.5,5.0,78.0,2025-06-12,Hyderabad
1828,lettuce,fresh,fresh,24.02,155.83,185.79,7.66,21.91,16.92,0.0199,0.831,87.9,2.9,60.0,2025-06-24,Kolkata
1829,kiwi,fresh,fresh,34.88,159.49,187.55,7.64,25.49,21.48,0.0185,0.686,84.8,4.8,92.1,2025-09-25,Chennai
1830,spinach,fresh,fresh,22.25,154.97,195.05,6.82,23.27,21.15,0.0094,0.854,86.0,4.7,87.4,2025-02-20,Delhi
1831,walnut,fresh,fresh,11.26,155.99,171.88,9.07,22.83,20.59,0.008,0.194,90.5,2.5,75.8,2025-08-14,Bangalore
1832,lentils,fresh,fresh,43.32,146.43,192.5,9.61,19.71,22.34,0.0,0.524,81.6,7.4,74.6,2025-03-01,Kolkata
1833,chicken,fresh,fresh,25.24,141.55,153.75,8.48,20.98,23.54,0.008,0.389,78.8,5.3,74.2,2025-02-26,Pune
1834,tuna,fresh,fresh,36.33,144.3,156.44,8.87,23.33,22.27,0.0,0.202,79.9,4.9,79.1,2025-08-01,Bangalore
1835,bread,moderate,fresh,35.84,84.7,118.33,8.53,24.83,24.76,0.0,0.321,81.4,2.9,83.9,2025-02-18,Delhi
1836,beef,fresh,fresh,31.65,147.41,177.33,6.45,22.82,20.23,0.0,0.672,93.5,6.3,82.6,2025-06-14,Mumbai
1837,cheese,fresh,fresh,28.6,135.05,153.36,10.62,21.66,15.13,0.0,0.38,81.5,2.1,61.0,2025-12-08,Bangalore
1838,bell_pepper,moderate,fresh,32.63,113.06,133.11,13.2,25.65,20.75,0.0101,0.608,78.0,6.2,90.6,2025-12-23,Chennai
1839,kiwi,fresh,fresh,32.92,154.9,167.93,9.15,15.0,22.97,0.004,0.664,86.3,7.1,73.3,2025-04-05,Bangalore
1840,walnut,spoiled,moderate,11.22,20.23,67.72,10.87,15.49,17.77,0.1455,0.693,62.0,3.2,83.9,2025-07-11,Hyderabad
1841,watermelon,spoiled,moderate,14.94,18.0,65.51,12.15,14.99,22.58,0.1609,0.571,54.9,2.2,63.4,2025-05-22,Kolkata
1842,banana,moderate,fresh,33.73,118.24,166.27,10.34,24.33,14.98,0.0,0.485,89.9,3.8,75.1,2025-04-28,Delhi
1843,watermelon,moderate,fresh,28.87,90.01,150.66,8.51,22.48,22.97,0.0197,0.384,81.9,4.1,93.7,2025-04-16,Kolkata
1844,garlic,moderate,fresh,19.28,110.38,100.47,8.75,19.63,28.02,0.0101,0.652,76.4,7.9,69.1,2025-08-17,Delhi
1845,beef,fresh,fresh,40.17,143.46,174.04,8.91,24.42,21.23,0.0126,0.62,81.7,6.2,89.1,2025-01-10,Bangalore
1846,bread,fresh,fresh,24.42,117.62,157.7,8.15,18.03,20.58,0.0,0.217,76.4,5.4,71.4,2025-09-11,Kolkata
1847,pineapple,fresh,fresh,25.58,128.84,156.46,11.12,22.67,25.19,0.0147,0.789,87.6,6.5,90.7,2025-12-16,Mumbai
1848,salmon,spoiled,fresh,25.4,28.55,96.47,9.93,15.66,19.87,0.0258,0.653,76.7,5.5,67.5,2025-11-09,Kolkata
1849,lemon,fresh,fresh,6.42,182.09,189.82,8.66,19.81,20.49,0.0,0.882,91.8,5.9,91.5,2025-03-05,Kolkata
1850,cherry,fresh,fresh,25.22,162.33,153.86,8.37,21.68,19.4,0.002,0.871,86.5,7.6,84.5,2025-12-23,Chennai
1851,spinach,spoiled,moderate,23.71,20.13,50.68,10.47,17.04,14.38,0.2555,0.517,58.0,7.3,73.1,2025-09-10,Pune
1852,rice,fresh,fresh,34.18,139.14,176.14,5.32,17.45,22.9,0.0,0.65,79.4,2.8,70.2,2025-09-22,Kolkata
1853,blueberry,moderate,fresh,25.33,80.43,127.09,10.98,26.32,24.77,0.0058,0.893,74.8,6.2,92.4,2025-12-23,Delhi
1854,cucumber,fresh,fresh,38.74,169.41,188.27,8.11,21.97,20.94,0.0,0.789,96.5,4.7,73.8,2025-07-21,Mumbai
1855,pasta,fresh,fresh,38.49,167.99,159.63,5.83,17.9,22.93,0.0192,0.568,93.2,3.2,63.9,2025-03-26,Kolkata
1856,blueberry,fresh,fresh,17.39,157.9,187.25,10.33,20.54,15.97,0.0,0.899,96.2,6.1,70.2,2025-05-05,Bangalore
1857,carrot,moderate,fresh,15.2,86.36,129.24,4.63,16.5,24.41,0.0,0.994,86.1,3.3,89.7,2025-11-19,Bangalore
1858,banana,spoiled,fresh,5.72,60.19,103.7,8.8,12.92,21.03,0.0175,0.722,76.8,5.6,77.5,2025-12-21,Chennai
1859,tofu,fresh,fresh,19.78,168.22,178.52,7.18,16.33,12.57,0.0,0.709,81.0,5.6,70.0,2025-07-20,Mumbai
1860,banana,moderate,fresh,18.77,152.26,161.94,5.66,21.97,25.42,0.0,0.611,84.6,7.0,64.0,2025-04-05,Delhi
1861,tuna,fresh,fresh,40.6,130.55,141.15,12.72,26.81,20.57,0.0163,0.937,89.6,4.2,88.9,2025-01-03,Chennai
1862,bell_pepper,fresh,fresh,19.84,169.26,177.84,7.77,22.68,21.0,0.0,0.91,82.7,6.3,91.3,2025-11-02,Hyderabad
1863,grape,fresh,fresh,20.51,143.51,193.22,9.02,20.79,22.8,0.0004,0.675,89.0,6.4,61.3,2025-05-21,Chennai
1864,grape,fresh,fresh,27.11,153.57,112.49,7.1,22.29,18.83,0.0,0.465,79.2,7.4,71.9,2025-11-07,Kolkata
1865,bell_pepper,fresh,fresh,26.27,129.17,200.07,9.1,22.48,14.82,0.0,0.564,90.4,3.3,70.9,2025-06-12,Hyderabad
1866,grape,fresh,fresh,28.72,144.4,174.39,6.77,18.96,22.55,0.0,0.93,89.2,5.1,71.1,2025-05-15,Chennai
1867,cheese,moderate,fresh,5.87,134.43,142.1,9.92,27.72,20.64,0.0,0.182,83.3,7.6,61.3,2025-08-26,Pune
1868,mango,fresh,fresh,24.68,147.58,207.31,7.91,21.35,18.23,0.0078,0.681,91.6,3.2,84.6,2025-07-03,Chennai
1869,garlic,fresh,fresh,33.89,183.54,199.91,7.84,22.03,21.73,0.0192,0.566,89.7,4.5,63.0,2025-10-16,Kolkata
1870,potato,fresh,fresh,34.05,172.24,202.09,7.75,21.93,18.85,0.0085,0.282,92.2,3.2,74.5,2025-08-28,Chennai
1871,chickpeas,fresh,fresh,22.62,144.61,178.47,4.68,22.58,11.7,0.0188,0.583,80.0,4.2,68.9,2025-11-18,Chennai
1872,beef,fresh,fresh,51.72,180.04,174.78,8.02,20.91,18.23,0.0082,0.591,86.5,3.5,93.3,2025-04-19,Pune
1873,beef,moderate,fresh,26.93,86.4,127.64,10.36,21.06,25.12,0.0,0.449,80.2,6.0,63.3,2025-12-16,Delhi
1874,egg,fresh,fresh,31.31,152.58,175.68,10.28,18.94,20.68,0.0016,0.341,90.7,4.6,79.2,2025-10-28,Mumbai
1875,apple,moderate,fresh,24.49,118.02,164.29,4.81,28.71,19.23,0.0,0.81,89.2,4.0,65.5,2025-08-06,Bangalore
1876,walnut,fresh,fresh,40.27,147.93,162.81,9.36,19.09,21.86,0.0124,0.3,88.0,3.9,82.3,2025-12-23,Chennai
1877,peach,fresh,fresh,8.16,150.1,170.81,5.87,18.34,18.28,0.0,0.37,93.2,2.6,68.3,2025-09-15,Kolkata
1878,cherry,spoiled,moderate,19.52,14.49,76.33,12.73,15.84,22.43,0.135,0.931,54.5,2.8,85.3,2025-01-21,Bangalore
1879,walnut,moderate,fresh,35.95,120.91,176.75,9.0,22.84,27.35,0.0086,0.25,86.9,4.9,76.6,2025-08-24,Kolkata
1880,pineapple,fresh,fresh,35.67,165.51,217.79,8.02,21.28,17.06,0.0,0.387,96.0,6.2,76.8,2025-09-13,Mumbai
1881,apple,moderate,fresh,28.68,111.59,153.84,4.31,23.07,17.81,0.0,0.175,76.6,2.4,89.0,2025-12-28,Delhi
1882,blueberry,fresh,fresh,25.81,122.68,164.29,11.9,22.21,22.78,0.0,0.9,87.9,7.8,72.2,2025-11-16,Kolkata
1883,tofu,moderate,fresh,36.77,135.85,85.71,7.54,22.59,23.59,0.0552,0.657,81.8,7.6,84.9,2025-07-04,Pune
1884,beef,moderate,fresh,21.99,78.83,135.48,10.07,22.83,18.47,0.0,0.739,79.9,4.6,87.0,2025-07-25,Bangalore
1885,peas,fresh,fresh,22.06,139.02,175.06,5.74,18.53,16.61,0.0089,0.44,88.6,7.1,66.8,2025-05-01,Chennai
1886,tuna,moderate,fresh,23.74,63.17,108.78,7.38,24.54,22.4,0.0174,0.856,71.7,7.7,94.5,2025-07-22,Pune
1887,garlic,fresh,fresh,37.25,158.12,178.6,6.41,21.14,22.07,0.0,0.725,87.7,2.8,63.1,2025-02-25,Delhi
1888,tomato,spoiled,fresh,12.86,64.06,69.19,7.83,15.4,22.03,0.1524,0.426,65.1,3.7,83.5,2025-07-02,Kolkata
1889,pineapple,fresh,fresh,23.63,140.83,186.99,8.68,21.52,23.3,0.0035,0.174,92.6,7.7,61.3,2025-12-04,Chennai
1890,watermelon,fresh,fresh,18.6,130.51,184.59,6.55,30.13,21.55,0.0,0.108,92.4,5.0,64.7,2025-06-18,Hyderabad
1891,lentils,fresh,fresh,29.37,139.69,170.4,8.06,20.34,18.63,0.0,0.403,82.8,4.7,79.5,2025-04-08,Delhi
1892,spinach,fresh,fresh,27.81,176.89,207.69,8.5,15.98,21.62,0.0,0.905,95.1,5.6,63.8,2025-10-13,Bangalore
1893,chicken,fresh,fresh,42.43,177.4,194.69,10.84,20.16,21.88,0.0,0.907,86.7,5.0,74.5,2025-11-13,Kolkata
1894,spinach,moderate,fresh,18.19,97.31,163.24,8.82,22.42,25.29,0.0,0.889,79.4,2.5,94.8,2025-08-23,Mumbai
1895,pasta,fresh,fresh,28.19,162.98,170.93,11.44,16.13,23.76,0.0111,0.228,85.8,4.4,71.7,2025-10-06,Pune
1896,cheese,moderate,fresh,17.35,45.1,135.95,9.49,21.67,19.96,0.0,0.131,75.0,7.3,83.6,2025-03-01,Hyderabad
1897,corn,moderate,fresh,24.92,114.4,144.62,10.11,26.44,24.92,0.0067,0.439,76.5,2.1,63.0,2025-01-18,Kolkata
1898,bell_pepper,fresh,fresh,18.56,121.58,175.94,7.68,22.55,22.27,0.0,0.203,91.1,7.7,67.1,2025-01-21,Pune
1899,chickpeas,fresh,fresh,34.84,144.39,152.39,8.82,21.58,12.83,0.0159,0.861,81.2,7.5,73.3,2025-12-25,Kolkata
1900,cherry,moderate,fresh,16.66,72.72,132.96,8.39,24.89,24.37,0.0,0.75,73.1,5.5,78.4,2025-10-19,Mumbai
1901,watermelon,moderate,fresh,23.41,72.09,114.03,7.84,26.14,26.71,0.0091,0.829,78.5,3.9,88.8,2025-01-06,Hyderabad
1902,rice,spoiled,moderate,12.29,57.81,63.71,13.06,13.07,13.92,0.1894,0.351,54.6,4.0,90.8,2025-10-25,Mumbai
1903,tuna,moderate,fresh,29.02,96.21,130.86,8.72,24.9,23.47,0.0,0.931,82.9,6.2,82.2,2025-07-14,Chennai
1904,tomato,moderate,fresh,6.79,146.83,133.68,5.22,19.3,18.97,0.0014,0.678,82.4,5.1,88.4,2025-03-05,Pune
1905,bread,fresh,fresh,20.77,142.6,113.58,6.82,19.75,21.69,0.0141,0.879,75.4,5.4,87.3,2025-12-09,Kolkata
1906,cauliflower,moderate,fresh,22.31,98.69,75.51,9.89,19.96,21.38,0.1389,0.298,72.9,8.0,90.2,2025-02-02,Delhi
1907,oats,fresh,fresh,28.5,175.53,187.42,8.04,19.94,17.86,0.0112,0.32,85.4,7.2,75.1,2025-04-20,Bangalore
1908,tuna,fresh,fresh,25.65,158.55,152.29,9.19,18.83,22.48,0.0,0.626,93.9,2.7,70.8,2025-11-14,Hyderabad
1909,avocado,fresh,fresh,37.69,116.54,168.37,6.29,14.56,16.9,0.0145,0.683,83.6,6.5,63.6,2025-08-14,Bangalore
1910,tofu,spoiled,fresh,44.41,44.14,108.35,11.66,12.77,18.85,0.0,0.883,76.2,2.8,78.6,2025-04-14,Mumbai
1911,mushroom,fresh,fresh,34.71,158.75,168.45,4.98,29.86,19.58,0.0067,0.122,94.0,6.4,73.9,2025-11-06,Bangalore
1912,corn,fresh,fresh,27.39,152.27,175.15,8.25,23.86,19.63,0.0,0.491,82.2,5.1,84.2,2025-01-19,Pune
1913,tofu,fresh,fresh,20.7,146.77,170.71,10.85,23.51,20.32,0.0,0.456,89.3,6.9,65.9,2025-09-21,Hyderabad
1914,oats,spoiled,moderate,7.21,16.61,70.3,10.67,13.88,18.56,0.1529,0.517,60.2,5.5,68.5,2025-06-19,Hyderabad
1915,mango,fresh,fresh,25.26,149.53,132.34,5.8,18.12,23.62,0.0,0.518,81.6,4.6,94.1,2025-08-13,Delhi
1916,banana,fresh,fresh,26.74,212.71,222.27,6.6,18.79,9.83,0.0023,0.964,90.0,5.2,71.1,2025-02-23,Delhi
1917,pineapple,moderate,fresh,20.25,73.4,123.97,9.13,26.66,26.26,0.0179,0.449,72.8,4.9,80.4,2025-10-03,Kolkata
1918,lemon,moderate,fresh,30.92,121.48,176.57,10.25,28.3,23.95,0.0,0.457,93.2,6.8,78.7,2025-08-03,Pune
1919,pineapple,moderate,fresh,36.85,116.54,155.21,10.19,22.99,20.82,0.0,0.15,81.0,5.9,87.1,2025-01-23,Hyderabad
1920,pear,fresh,fresh,29.68,180.66,173.8,9.57,22.53,19.15,0.0055,0.571,90.8,4.7,89.2,2025-08-12,Pune
1921,cauliflower,spoiled,moderate,33.16,0.0,45.54,8.17,12.54,21.01,0.278,0.797,48.8,5.5,60.6,2025-02-24,Mumbai
1922,bell_pepper,moderate,fresh,27.9,99.85,144.9,8.1,21.35,26.19,0.0003,0.852,75.3,2.2,69.6,2025-10-25,Chennai
1923,corn,moderate,fresh,18.7,50.74,154.28,12.79,29.67,25.56,0.0,0.263,81.7,3.4,66.6,2025-10-07,Kolkata
1924,pineapple,moderate,fresh,31.26,124.25,113.96,12.22,25.83,27.74,0.0,0.138,73.5,6.7,77.4,2025-04-01,Mumbai
1925,carrot,moderate,fresh,20.93,135.93,144.47,2.03,24.36,17.16,0.006,0.481,90.8,3.6,88.2,2025-08-12,Mumbai
1926,milk,spoiled,fresh,35.02,43.92,163.52,10.27,13.29,21.53,0.0,0.122,84.2,6.9,77.3,2025-12-03,Kolkata
1927,rice,moderate,fresh,29.23,39.65,132.96,7.77,25.51,21.57,0.0178,0.965,74.6,4.2,74.3,2025-08-09,Chennai
1928,chickpeas,fresh,fresh,20.52,182.1,201.39,7.99,20.55,19.26,0.0116,0.426,98.0,3.8,92.9,2025-04-09,Delhi
1929,chickpeas,fresh,fresh,34.56,136.48,199.87,7.49,18.74,20.07,0.0,0.594,86.8,5.2,88.8,2025-06-28,Hyderabad
1930,cherry,moderate,fresh,19.09,98.22,116.57,10.94,28.65,22.84,0.0003,0.808,85.9,5.4,90.0,2025-11-12,Pune
1931,egg,spoiled,moderate,18.69,41.92,61.28,10.93,16.67,23.25,0.2078,0.849,58.9,3.3,94.3,2025-05-17,Delhi
1932,tomato,fresh,fresh,1.79,185.86,175.39,0.06,16.69,11.51,0.0125,0.525,95.5,5.1,60.2,2025-09-20,Delhi
1933,tomato,fresh,fresh,7.67,219.44,180.19,3.73,10.09,22.57,0.0,0.824,98.2,5.4,83.0,2025-11-09,Delhi
1934,tomato,spoiled,moderate,8.46,38.19,22.88,6.97,11.68,20.3,0.4055,0.721,41.9,7.2,61.1,2025-01-25,Pune
1935,lettuce,fresh,fresh,25.65,128.45,163.91,8.45,16.16,17.75,0.0198,0.129,78.4,3.0,69.4,2025-08-06,Pune
1936,apple,fresh,fresh,6.99,232.05,207.16,1.17,18.9,15.09,0.0,0.987,90.1,5.6,66.9,2025-01-23,Bangalore
1937,zucchini,fresh,fresh,27.2,168.06,184.35,9.82,19.06,23.98,0.0163,0.86,93.2,5.5,69.4,2025-06-22,Pune
1938,oats,fresh,fresh,28.67,130.58,223.55,4.35,17.78,18.12,0.0,0.48,91.2,4.0,94.7,2025-02-12,Chennai
1939,oats,fresh,fresh,50.07,186.14,209.88,7.34,27.28,21.11,0.0,0.993,95.6,2.1,66.5,2025-09-04,Delhi
1940,kiwi,fresh,fresh,37.82,153.59,179.01,7.5,19.37,21.83,0.0,0.518,94.2,3.6,83.9,2025-11-22,Mumbai
1941,avocado,moderate,fresh,28.67,89.21,167.74,4.07,26.53,27.15,0.0133,0.398,85.3,2.5,85.3,2025-02-04,Mumbai
1942,tomato,moderate,fresh,12.59,128.7,134.16,5.97,24.47,19.1,0.0,0.882,84.3,4.4,66.5,2025-08-27,Delhi
1943,blueberry,moderate,fresh,27.67,131.96,76.9,8.62,29.4,28.28,0.1107,0.265,75.0,6.0,63.9,2025-01-17,Delhi
1944,cheese,fresh,fresh,34.18,141.03,162.36,6.82,24.64,18.11,0.0086,0.415,81.1,3.8,93.4,2025-05-21,Kolkata
1945,mushroom,spoiled,fresh,21.01,23.69,86.86,8.92,14.71,14.95,0.0787,0.663,72.7,5.5,71.3,2025-02-16,Pune
1946,lettuce,fresh,fresh,17.09,150.15,153.5,12.21,13.82,17.6,0.0102,0.298,83.6,4.7,61.1,2025-07-05,Bangalore
1947,pear,fresh,fresh,30.13,142.7,157.92,6.08,17.03,19.14,0.0,0.323,79.5,3.5,63.3,2025-03-28,Chennai
1948,pasta,fresh,fresh,45.62,151.56,203.66,9.01,23.34,11.6,0.0185,0.747,89.5,6.6,86.2,2025-07-09,Chennai
1949,pear,moderate,fresh,21.96,122.68,115.71,13.52,29.45,23.59,0.0,0.207,73.8,7.9,82.9,2025-07-06,Chennai
1950,beef,moderate,fresh,19.97,64.66,114.26,7.53,26.29,20.63,0.0028,0.175,70.7,7.0,68.4,2025-04-20,Hyderabad
1951,bell_pepper,spoiled,moderate,26.04,44.42,36.78,13.1,16.54,22.25,0.3159,0.153,44.2,4.0,84.9,2025-12-20,Kolkata
1952,beef,fresh,fresh,23.93,162.45,202.53,7.8,26.01,20.13,0.0,0.709,97.1,6.3,75.4,2025-11-26,Chennai
1953,pear,spoiled,moderate,31.41,39.4,81.71,6.66,16.11,17.8,0.1027,0.845,61.9,5.2,79.5,2025-01-10,Hyderabad
1954,onion,spoiled,moderate,11.54,61.16,65.72,7.99,13.92,16.1,0.163,0.237,53.5,2.9,81.3,2025-04-13,Delhi
1955,garlic,fresh,fresh,41.47,136.09,190.59,10.71,18.5,21.6,0.0021,0.807,90.8,3.4,68.6,2025-03-16,Delhi
1956,olive_oil,fresh,fresh,21.76,198.92,198.73,7.61,17.68,19.66,0.0,0.649,90.3,2.7,71.6,2025-10-01,Pune
1957,spinach,moderate,fresh,21.6,138.82,99.36,10.27,24.94,24.65,0.0,0.866,75.8,3.2,70.5,2025-07-20,Delhi
1958,avocado,spoiled,moderate,18.91,33.26,87.46,11.22,16.26,10.9,0.0442,0.688,62.2,2.9,94.3,2025-08-16,Chennai
1959,oats,moderate,fresh,28.0,48.61,146.16,12.95,22.22,24.21,0.0,0.715,76.5,2.7,83.6,2025-08-20,Mumbai
1960,potato,spoiled,fresh,14.01,53.53,71.9,13.46,16.24,20.73,0.1529,0.919,69.9,3.3,65.7,2025-02-27,Bangalore
1961,blueberry,moderate,fresh,25.68,110.45,86.56,10.17,24.79,27.18,0.0494,0.553,66.2,3.4,81.6,2025-03-04,Hyderabad
1962,egg,fresh,fresh,28.5,129.23,180.15,5.83,14.22,22.18,0.0,0.39,87.8,3.3,76.1,2025-08-04,Kolkata
1963,banana,fresh,fresh,32.32,217.01,233.03,2.67,10.71,9.79,0.0073,0.539,97.1,4.7,70.2,2025-10-24,Hyderabad
1964,chickpeas,fresh,fresh,27.22,133.15,178.4,6.78,14.49,18.68,0.0,0.347,92.6,2.3,88.3,2025-03-01,Mumbai
1965,olive_oil,moderate,fresh,13.64,95.79,113.6,12.22,29.81,27.04,0.0008,0.604,83.4,5.3,61.2,2025-04-24,Delhi
1966,bread,fresh,fresh,17.59,180.1,211.51,8.04,23.97,18.34,0.0038,0.553,85.1,4.7,73.9,2025-04-21,Kolkata
1967,grape,fresh,fresh,15.07,134.79,214.59,5.02,20.0,20.1,0.0088,0.285,91.4,4.4,84.1,2025-11-12,Delhi
1968,bread,fresh,fresh,25.9,141.13,181.44,6.88,15.73,20.65,0.0,0.81,90.9,5.3,63.4,2025-02-08,Kolkata
1969,egg,moderate,fresh,35.73,111.74,109.76,7.5,24.15,29.7,0.0,0.884,79.3,3.9,68.5,2025-05-13,Chennai
1970,mango,fresh,fresh,35.16,164.08,197.8,8.84,20.36,21.99,0.0,0.312,84.7,5.9,65.9,2025-04-06,Chennai
1971,olive_oil,moderate,fresh,19.54,54.64,148.07,12.48,21.65,27.47,0.0092,0.893,75.0,6.0,78.3,2025-12-25,Pune
1972,peas,fresh,fresh,43.45,149.96,163.64,8.25,18.35,18.15,0.0,0.609,92.1,6.0,63.0,2025-12-16,Mumbai
1973,almond,fresh,fresh,33.47,117.93,151.12,8.04,19.93,21.03,0.01,0.633,76.0,3.8,77.0,2025-08-06,Chennai
1974,strawberry,fresh,fresh,5.75,211.57,171.96,0.05,17.3,18.42,0.0,0.746,85.0,6.7,93.8,2025-01-15,Chennai
1975,mushroom,fresh,fresh,30.57,147.82,200.66,5.38,13.15,19.36,0.0149,0.125,90.4,5.9,78.7,2025-10-11,Chennai
1976,pear,fresh,fresh,33.75,153.05,204.64,8.87,18.31,13.02,0.0,0.788,82.2,7.3,80.4,2025-02-20,Delhi
1977,rice,fresh,fresh,28.1,170.56,172.16,8.06,21.26,16.95,0.0,0.645,84.7,2.9,73.8,2025-06-13,Kolkata
1978,pineapple,moderate,fresh,31.23,130.93,125.68,7.74,24.8,18.33,0.0,0.313,81.8,4.7,84.0,2025-02-23,Kolkata
1979,oats,fresh,fresh,32.7,159.05,213.51,7.61,21.23,17.42,0.0,0.483,89.7,5.5,74.0,2025-03-24,Bangalore
1980,walnut,moderate,fresh,21.44,51.87,125.13,9.39,25.9,23.13,0.0,0.297,84.6,2.2,72.7,2025-04-15,Chennai
1981,cherry,fresh,fresh,30.67,143.33,173.37,8.16,20.12,22.28,0.0,0.358,92.7,8.0,65.8,2025-03-07,Pune
1982,rice,spoiled,moderate,18.79,29.75,66.38,8.57,13.92,26.09,0.1596,0.443,62.7,2.4,70.4,2025-07-13,Mumbai
1983,cheese,fresh,fresh,22.7,144.43,172.25,7.51,19.01,20.84,0.0,0.956,90.6,2.7,88.2,2025-07-25,Chennai
1984,oats,fresh,fresh,16.32,170.74,192.65,5.51,13.19,17.07,0.0,0.267,92.2,5.1,63.9,2025-07-18,Pune
1985,peas,fresh,fresh,28.06,201.61,190.87,4.38,17.93,19.84,0.0,0.124,98.6,3.5,71.0,2025-09-19,Bangalore
1986,beef,fresh,fresh,32.03,123.71,177.3,6.56,16.69,20.78,0.0,0.44,85.9,5.4,93.6,2025-01-01,Delhi
1987,cream,fresh,fresh,36.19,166.82,191.49,7.01,22.14,20.93,0.0168,0.305,92.8,6.4,84.2,2025-02-25,Delhi
1988,chicken,spoiled,moderate,21.34,25.82,60.06,10.15,22.32,20.9,0.1855,0.959,59.2,7.9,80.8,2025-11-21,Mumbai
1989,milk,spoiled,fresh,20.11,35.01,130.16,12.35,10.8,22.72,0.0039,0.352,75.4,2.3,69.2,2025-07-24,Pune
1990,blueberry,moderate,fresh,21.24,96.53,149.79,8.86,23.08,29.98,0.0,0.215,75.7,2.9,76.8,2025-09-07,Chennai
1991,orange,fresh,fresh,37.88,165.81,195.75,8.92,26.05,20.13,0.0033,0.99,89.2,4.4,61.9,2025-08-11,Pune
1992,zucchini,fresh,fresh,34.62,120.98,163.5,5.6,23.82,12.34,0.0135,0.569,88.6,3.5,80.2,2025-05-19,Hyderabad
1993,zucchini,moderate,fresh,20.98,15.16,109.22,9.02,29.15,26.19,0.0,0.881,67.4,2.6,64.3,2025-05-18,Kolkata
1994,peas,moderate,fresh,16.67,116.65,130.45,10.08,21.39,22.03,0.0,0.764,89.9,5.3,78.7,2025-02-01,Bangalore
1995,watermelon,fresh,fresh,23.4,150.93,181.56,11.09,21.16,11.88,0.0074,0.962,90.2,6.2,74.2,2025-04-04,Bangalore
1996,cherry,moderate,fresh,27.63,53.75,105.85,8.38,23.01,20.87,0.0,0.96,71.2,7.0,75.7,2025-03-24,Kolkata
1997,walnut,fresh,fresh,31.63,121.78,187.13,12.47,16.01,19.15,0.0,0.469,85.5,4.9,79.6,2025-02-03,Hyderabad
1998,kiwi,fresh,fresh,9.81,143.98,192.85,9.44,20.23,22.67,0.0036,0.623,91.6,5.5,73.7,2025-03-23,Chennai
1999,pineapple,moderate,fresh,50.46,132.81,116.94,7.1,23.78,22.16,0.0,0.169,84.3,7.9,72.2,2025-11-23,Mumbai
2000,pineapple,fresh,fresh,33.61,126.38,178.54,9.68,19.7,17.16,0.0076,0.479,91.3,2.7,89.3,2025-02-16,Hyderabad
